attributionid,orderid,campaignid,revenue,channel,platform
A000001,ORD000589,CAMP0096,9.0,Mobile,tiktok
A000002,ORD001737,CAMP0133,19.24,Web,meta
A000003,ORD002421,CAMP0245,68.25,Web,snapchat
A000004,ORD003708,CAMP0213,38.24,Web,meta
A000005,ORD004001,CAMP0164,22.77,Web,tiktok
A000006,ORD000189,CAMP0045,80.46,Mobile,tiktok
A000007,ORD003724,CAMP0149,78.29,Retail,meta
A000008,ORD000975,CAMP0039,13.74,Mobile,google
A000009,ORD003638,CAMP0020,25.58,Retail,tiktok
A000010,ORD001839,CAMP0038,39.18,Mobile,snapchat
A000011,ORD002958,CAMP0041,152.36,Mobile,meta
A000012,ORD004565,CAMP0247,82.23,Web,tiktok
A000013,ORD004151,CAMP0176,123.7,Web,tiktok
A000014,ORD002178,CAMP0159,13.62,Retail,meta
A000015,ORD002801,CAMP0087,12.66,Mobile,meta
A000016,ORD001224,CAMP0108,60.26,Mobile,google
A000017,ORD004106,CAMP0078,40.02,Web,meta
A000018,ORD003256,CAMP0240,67.74,Mobile,meta
A000019,ORD000095,CAMP0060,40.72,Mobile,google
A000020,ORD001552,CAMP0094,17.87,Web,google
A000021,ORD004280,CAMP0050,106.37,Retail,meta
A000022,ORD004332,CAMP0075,3.07,Web,meta
A000023,ORD001879,CAMP0218,42.0,Web,tiktok
A000024,ORD004879,CAMP0170,15.85,Mobile,google
A000025,ORD002529,CAMP0106,264.72,Retail,tiktok
A000026,ORD002799,CAMP0246,5.92,Web,google
A000027,ORD000246,CAMP0200,48.6,Web,meta
A000028,ORD003357,CAMP0027,102.84,Web,google
A000029,ORD000609,CAMP0025,78.08,Web,snapchat
A000030,ORD001745,CAMP0190,106.37,Mobile,google
A000031,ORD003616,CAMP0241,9.19,Mobile,tiktok
A000032,ORD001053,CAMP0228,11.22,Web,meta
A000033,ORD000985,CAMP0179,43.62,Mobile,meta
A000034,ORD000355,CAMP0195,83.6,Mobile,tiktok
A000035,ORD001406,CAMP0207,157.23,Mobile,google
A000036,ORD000238,CAMP0163,482.26,Mobile,meta
A000037,ORD001429,CAMP0005,49.02,Mobile,meta
A000038,ORD000333,CAMP0040,489.35,Mobile,meta
A000039,ORD002352,CAMP0112,46.89,Mobile,meta
A000040,ORD004617,CAMP0206,142.74,Retail,google
A000041,ORD001403,CAMP0140,55.03,Retail,snapchat
A000042,ORD001486,CAMP0126,11.28,Mobile,snapchat
A000043,ORD003495,CAMP0103,18.99,Web,snapchat
A000044,ORD002678,CAMP0158,356.55,Web,tiktok
A000045,ORD002402,CAMP0105,2.93,Retail,snapchat
A000046,ORD000378,CAMP0231,96.99,Mobile,google
A000047,ORD003947,CAMP0092,380.85,Web,snapchat
A000048,ORD002300,CAMP0079,58.2,Mobile,meta
A000049,ORD003749,CAMP0145,30.16,Web,meta
A000050,ORD000776,CAMP0033,282.87,Mobile,snapchat
A000051,ORD000487,CAMP0244,1821.28,Web,tiktok
A000052,ORD004868,CAMP0094,41.72,Mobile,meta
A000053,ORD000927,CAMP0206,104.25,Mobile,snapchat
A000054,ORD001675,CAMP0231,99.86,Web,google
A000055,ORD002785,CAMP0237,259.48,Web,tiktok
A000056,ORD000700,CAMP0022,7.3,Mobile,tiktok
A000057,ORD002935,CAMP0234,44.68,Web,google
A000058,ORD003777,CAMP0241,86.77,Retail,meta
A000059,ORD004362,CAMP0164,7.72,Web,meta
A000060,ORD003933,CAMP0073,246.3,Web,meta
A000061,ORD001944,CAMP0146,103.9,Web,meta
A000062,ORD003087,CAMP0148,69.77,Web,tiktok
A000063,ORD002782,CAMP0249,3.07,Web,google
A000064,ORD001230,CAMP0045,27.2,Mobile,google
A000065,ORD004443,CAMP0165,14.08,Retail,meta
A000066,ORD001308,CAMP0134,12.22,Web,google
A000067,ORD000349,CAMP0164,40.38,Web,meta
A000068,ORD004968,CAMP0164,187.84,Web,snapchat
A000069,ORD001048,CAMP0224,10.63,Web,tiktok
A000070,ORD000745,CAMP0065,12.68,Mobile,snapchat
A000071,ORD002046,CAMP0250,121.89,Web,snapchat
A000072,ORD002714,CAMP0023,21.26,Retail,meta
A000073,ORD001438,CAMP0195,48.24,Web,google
A000074,ORD004205,CAMP0114,31.16,Mobile,google
A000075,ORD003248,CAMP0249,20.01,Web,snapchat
A000076,ORD002343,CAMP0098,23.78,Web,meta
A000077,ORD004872,CAMP0080,373.96,Mobile,meta
A000078,ORD002539,CAMP0006,48.56,Mobile,snapchat
A000079,ORD004878,CAMP0107,293.61,Web,meta
A000080,ORD000629,CAMP0163,36.6,Web,meta
A000081,ORD000022,CAMP0152,37.22,Retail,meta
A000082,ORD004016,CAMP0132,128.1,Retail,tiktok
A000083,ORD000668,CAMP0229,405.8,Mobile,snapchat
A000084,ORD004402,CAMP0089,378.58,Web,google
A000085,ORD001849,CAMP0168,182.12,Web,google
A000086,ORD001938,CAMP0139,76.18,Retail,google
A000087,ORD001791,CAMP0086,55.03,Retail,meta
A000088,ORD000740,CAMP0069,77.13,Web,google
A000089,ORD003000,CAMP0166,55.48,Web,snapchat
A000090,ORD001976,CAMP0134,7.04,Web,meta
A000091,ORD002948,CAMP0202,44.01,Retail,tiktok
A000092,ORD003633,CAMP0102,3.86,Web,snapchat
A000093,ORD003687,CAMP0121,42.35,Retail,snapchat
A000094,ORD003791,CAMP0060,946.45,Web,google
A000095,ORD004988,CAMP0099,24.5,Mobile,meta
A000096,ORD004849,CAMP0077,239.37,Retail,google
A000097,ORD000616,CAMP0036,147.42,Mobile,google
A000098,ORD003711,CAMP0090,98.28,Mobile,tiktok
A000099,ORD000559,CAMP0239,57.3,Web,tiktok
A000100,ORD003999,CAMP0176,34.43,Web,google
A000101,ORD003619,CAMP0155,189.64,Mobile,meta
A000102,ORD003431,CAMP0104,24.5,Mobile,snapchat
A000103,ORD003871,CAMP0184,44.0,Mobile,tiktok
A000104,ORD004393,CAMP0203,7.58,Mobile,google
A000105,ORD002508,CAMP0017,759.05,Web,tiktok
A000106,ORD004479,CAMP0185,15.58,Retail,google
A000107,ORD004508,CAMP0155,15.45,Web,tiktok
A000108,ORD003911,CAMP0034,879.1,Retail,snapchat
A000109,ORD003665,CAMP0031,107.52,Web,tiktok
A000110,ORD000231,CAMP0052,127.78,Mobile,google
A000111,ORD000802,CAMP0240,9.0,Mobile,meta
A000112,ORD000699,CAMP0047,24.5,Mobile,google
A000113,ORD002845,CAMP0249,21.26,Web,tiktok
A000114,ORD000045,CAMP0093,53.76,Mobile,snapchat
A000115,ORD003779,CAMP0173,44.01,Web,tiktok
A000116,ORD002223,CAMP0084,80.17,Web,meta
A000117,ORD004221,CAMP0088,55.48,Retail,tiktok
A000118,ORD003910,CAMP0053,196.56,Web,tiktok
A000119,ORD002679,CAMP0072,45.12,Web,meta
A000120,ORD001501,CAMP0244,25.88,Mobile,meta
A000121,ORD002179,CAMP0126,92.63,Mobile,snapchat
A000122,ORD001626,CAMP0105,55.48,Web,google
A000123,ORD003713,CAMP0122,66.04,Web,tiktok
A000124,ORD003337,CAMP0066,149.2,Web,tiktok
A000125,ORD002612,CAMP0226,60.08,Mobile,tiktok
A000126,ORD002010,CAMP0063,49.02,Web,meta
A000127,ORD003524,CAMP0055,20.76,Web,tiktok
A000128,ORD002792,CAMP0122,59.66,Retail,snapchat
A000129,ORD002890,CAMP0061,212.2,Mobile,meta
A000130,ORD003414,CAMP0048,16.2,Mobile,tiktok
A000131,ORD003102,CAMP0122,45.53,Mobile,tiktok
A000132,ORD003301,CAMP0214,185.26,Web,tiktok
A000133,ORD004781,CAMP0125,238.64,Web,google
A000134,ORD000393,CAMP0039,5.69,Web,tiktok
A000135,ORD002095,CAMP0025,93.49,Mobile,meta
A000136,ORD000254,CAMP0194,107.04,Mobile,snapchat
A000137,ORD003378,CAMP0038,83.73,Retail,meta
A000138,ORD004432,CAMP0001,6.6,Web,google
A000139,ORD001688,CAMP0174,30.26,Web,google
A000140,ORD000332,CAMP0218,45.53,Web,meta
A000141,ORD003837,CAMP0054,328.89,Mobile,google
A000142,ORD003179,CAMP0080,33.94,Web,tiktok
A000143,ORD002245,CAMP0218,18.99,Web,meta
A000144,ORD004559,CAMP0175,7.04,Web,meta
A000145,ORD001693,CAMP0061,18.88,Web,tiktok
A000146,ORD001464,CAMP0032,17.5,Mobile,snapchat
A000147,ORD002651,CAMP0185,51.95,Mobile,meta
A000148,ORD000533,CAMP0009,150.02,Web,snapchat
A000149,ORD003864,CAMP0215,49.4,Retail,meta
A000150,ORD002409,CAMP0096,223.28,Web,google
A000151,ORD000851,CAMP0186,106.54,Web,snapchat
A000152,ORD002716,CAMP0218,50.56,Mobile,tiktok
A000153,ORD002786,CAMP0106,97.12,Web,tiktok
A000154,ORD000612,CAMP0224,7.08,Mobile,google
A000155,ORD003545,CAMP0059,16.38,Web,tiktok
A000156,ORD004787,CAMP0010,106.54,Web,meta
A000157,ORD003504,CAMP0111,208.0,Retail,snapchat
A000158,ORD003146,CAMP0159,275.88,Mobile,meta
A000159,ORD003963,CAMP0066,51.16,Mobile,tiktok
A000160,ORD002274,CAMP0230,95.28,Mobile,tiktok
A000161,ORD004722,CAMP0118,41.15,Web,snapchat
A000162,ORD004665,CAMP0010,10.3,Web,tiktok
A000163,ORD003560,CAMP0177,83.84,Web,snapchat
A000164,ORD001816,CAMP0095,27.48,Mobile,meta
A000165,ORD004983,CAMP0003,73.28,Web,google
A000166,ORD001324,CAMP0010,36.08,Mobile,snapchat
A000167,ORD004408,CAMP0002,200.79,Mobile,meta
A000168,ORD004356,CAMP0177,73.62,Mobile,google
A000169,ORD000275,CAMP0031,39.37,Web,meta
A000170,ORD003887,CAMP0072,25.16,Retail,tiktok
A000171,ORD004633,CAMP0006,24.97,Mobile,google
A000172,ORD002483,CAMP0232,37.98,Web,google
A000173,ORD000244,CAMP0079,78.08,Web,google
A000174,ORD003481,CAMP0016,339.33,Mobile,snapchat
A000175,ORD002515,CAMP0156,33.72,Mobile,tiktok
A000176,ORD003068,CAMP0081,781.8,Web,google
A000177,ORD003144,CAMP0209,419.2,Web,snapchat
A000178,ORD002917,CAMP0212,114.52,Web,google
A000179,ORD003174,CAMP0048,156.75,Mobile,google
A000180,ORD000348,CAMP0137,94.29,Web,google
A000181,ORD003079,CAMP0155,25.74,Mobile,google
A000182,ORD002594,CAMP0080,42.51,Web,snapchat
A000183,ORD003927,CAMP0229,38.37,Web,google
A000184,ORD004056,CAMP0010,140.67,Retail,google
A000185,ORD004334,CAMP0066,30.04,Retail,tiktok
A000186,ORD000043,CAMP0044,350.13,Web,meta
A000187,ORD004071,CAMP0193,185.46,Mobile,tiktok
A000188,ORD002103,CAMP0010,49.02,Mobile,snapchat
A000189,ORD002560,CAMP0013,64.0,Web,tiktok
A000190,ORD001763,CAMP0086,106.35,Retail,meta
A000191,ORD000282,CAMP0026,89.73,Mobile,tiktok
A000192,ORD004451,CAMP0206,239.37,Mobile,google
A000193,ORD004629,CAMP0042,36.6,Mobile,tiktok
A000194,ORD000140,CAMP0018,10.68,Web,tiktok
A000195,ORD002824,CAMP0181,446.56,Retail,snapchat
A000196,ORD004680,CAMP0101,112.55,Mobile,meta
A000197,ORD002476,CAMP0161,116.71,Mobile,google
A000198,ORD004295,CAMP0050,50.15,Mobile,snapchat
A000199,ORD001994,CAMP0207,212.74,Web,meta
A000200,ORD001445,CAMP0155,463.65,Mobile,snapchat
A000201,ORD000766,CAMP0230,34.06,Web,snapchat
A000202,ORD002076,CAMP0234,448.65,Web,google
A000203,ORD004030,CAMP0227,27.57,Mobile,snapchat
A000204,ORD002183,CAMP0168,69.44,Mobile,tiktok
A000205,ORD004766,CAMP0241,303.62,Web,meta
A000206,ORD004858,CAMP0127,318.6,Web,meta
A000207,ORD003472,CAMP0080,37.64,Web,tiktok
A000208,ORD004675,CAMP0178,101.52,Mobile,snapchat
A000209,ORD003187,CAMP0201,161.65,Mobile,meta
A000210,ORD003395,CAMP0073,397.16,Web,snapchat
A000211,ORD003879,CAMP0049,95.8,Web,tiktok
A000212,ORD004677,CAMP0037,106.54,Mobile,snapchat
A000213,ORD001114,CAMP0243,17.36,Retail,meta
A000214,ORD001638,CAMP0212,319.16,Web,snapchat
A000215,ORD004946,CAMP0094,11.65,Web,google
A000216,ORD003690,CAMP0031,96.03,Mobile,snapchat
A000217,ORD003106,CAMP0077,13.02,Retail,tiktok
A000218,ORD001964,CAMP0044,125.75,Mobile,snapchat
A000219,ORD000049,CAMP0156,32.33,Retail,tiktok
A000220,ORD003184,CAMP0014,17.87,Mobile,snapchat
A000221,ORD002039,CAMP0128,12.68,Web,google
A000222,ORD002394,CAMP0055,13.88,Mobile,snapchat
A000223,ORD002512,CAMP0179,18.1,Web,tiktok
A000224,ORD000455,CAMP0132,11.4,Web,snapchat
A000225,ORD002060,CAMP0154,94.82,Retail,tiktok
A000226,ORD000584,CAMP0224,5.41,Web,meta
A000227,ORD004732,CAMP0181,183.96,Mobile,google
A000228,ORD004925,CAMP0162,18.88,Retail,tiktok
A000229,ORD001153,CAMP0066,34.94,Web,google
A000230,ORD004102,CAMP0077,31.89,Web,meta
A000231,ORD004022,CAMP0178,160.24,Web,meta
A000232,ORD001112,CAMP0116,90.6,Mobile,snapchat
A000233,ORD000581,CAMP0105,21.82,Web,tiktok
A000234,ORD002695,CAMP0042,358.92,Mobile,snapchat
A000235,ORD000889,CAMP0135,7.04,Web,google
A000236,ORD004667,CAMP0071,37.98,Web,tiktok
A000237,ORD003961,CAMP0125,36.08,Web,meta
A000238,ORD000283,CAMP0214,13.02,Web,tiktok
A000239,ORD000974,CAMP0214,16.26,Web,meta
A000240,ORD003190,CAMP0198,9.12,Mobile,snapchat
A000241,ORD002050,CAMP0105,22.69,Web,meta
A000242,ORD002028,CAMP0149,594.68,Web,meta
A000243,ORD004091,CAMP0031,33.26,Mobile,google
A000244,ORD003997,CAMP0134,5.15,Mobile,meta
A000245,ORD004902,CAMP0011,59.45,Retail,meta
A000246,ORD002437,CAMP0002,175.82,Mobile,google
A000247,ORD001866,CAMP0221,104.48,Mobile,snapchat
A000248,ORD004852,CAMP0002,47.5,Web,meta
A000249,ORD000909,CAMP0206,110.06,Web,google
A000250,ORD001065,CAMP0217,66.9,Mobile,meta
A000251,ORD004991,CAMP0145,150.58,Web,snapchat
A000252,ORD000051,CAMP0150,33.81,Web,meta
A000253,ORD002784,CAMP0021,246.69,Web,google
A000254,ORD003423,CAMP0144,24.97,Mobile,google
A000255,ORD002119,CAMP0077,24.24,Mobile,meta
A000256,ORD000359,CAMP0066,117.54,Mobile,google
A000257,ORD003863,CAMP0126,36.08,Retail,snapchat
A000258,ORD001774,CAMP0150,12.64,Mobile,meta
A000259,ORD003267,CAMP0051,142.62,Mobile,tiktok
A000260,ORD000435,CAMP0129,19.12,Web,google
A000261,ORD003889,CAMP0156,341.7,Web,tiktok
A000262,ORD000712,CAMP0174,98.36,Web,meta
A000263,ORD000801,CAMP0156,44.04,Web,snapchat
A000264,ORD003891,CAMP0138,188.58,Mobile,meta
A000265,ORD002621,CAMP0011,104.48,Web,snapchat
A000266,ORD003489,CAMP0143,153.45,Web,tiktok
A000267,ORD000420,CAMP0204,69.87,Web,tiktok
A000268,ORD000328,CAMP0042,43.12,Retail,google
A000269,ORD002316,CAMP0035,13.26,Web,tiktok
A000270,ORD000149,CAMP0233,31.47,Web,snapchat
A000271,ORD004135,CAMP0071,83.73,Retail,google
A000272,ORD004894,CAMP0004,20.42,Retail,tiktok
A000273,ORD001436,CAMP0073,51.26,Mobile,google
A000274,ORD004907,CAMP0086,76.14,Web,tiktok
A000275,ORD004086,CAMP0071,65.04,Mobile,google
A000276,ORD003813,CAMP0098,22.76,Mobile,meta
A000277,ORD002717,CAMP0082,260.92,Web,google
A000278,ORD003705,CAMP0156,44.44,Web,meta
A000279,ORD002670,CAMP0107,152.07,Web,google
A000280,ORD000758,CAMP0212,14.08,Retail,tiktok
A000281,ORD002330,CAMP0146,37.16,Mobile,google
A000282,ORD004978,CAMP0193,174.9,Mobile,tiktok
A000283,ORD003748,CAMP0133,12.95,Retail,meta
A000284,ORD003543,CAMP0012,12.25,Web,tiktok
A000285,ORD002373,CAMP0086,4.5,Mobile,tiktok
A000286,ORD004212,CAMP0138,41.06,Mobile,tiktok
A000287,ORD004739,CAMP0116,98.62,Mobile,tiktok
A000288,ORD004149,CAMP0068,5.15,Retail,snapchat
A000289,ORD001691,CAMP0089,77.22,Web,meta
A000290,ORD004366,CAMP0206,37.98,Web,meta
A000291,ORD004578,CAMP0142,85.02,Mobile,meta
A000292,ORD000409,CAMP0162,94.41,Web,meta
A000293,ORD004382,CAMP0154,167.46,Web,snapchat
A000294,ORD003196,CAMP0227,53.27,Web,snapchat
A000295,ORD001337,CAMP0043,206.25,Mobile,snapchat
A000296,ORD001604,CAMP0076,31.35,Retail,tiktok
A000297,ORD003242,CAMP0024,3.99,Web,google
A000298,ORD004791,CAMP0168,284.46,Mobile,google
A000299,ORD001765,CAMP0190,241.13,Web,tiktok
A000300,ORD000163,CAMP0121,11.24,Mobile,snapchat
A000301,ORD001075,CAMP0021,15.08,Web,snapchat
A000302,ORD003206,CAMP0090,121.89,Mobile,snapchat
A000303,ORD000671,CAMP0190,32.76,Web,tiktok
A000304,ORD001373,CAMP0188,22.1,Web,google
A000305,ORD001263,CAMP0062,38.24,Mobile,google
A000306,ORD000430,CAMP0234,14.53,Mobile,tiktok
A000307,ORD004462,CAMP0025,234.11,Web,google
A000308,ORD001639,CAMP0099,94.95,Retail,snapchat
A000309,ORD003803,CAMP0104,18.99,Web,snapchat
A000310,ORD001651,CAMP0125,185.46,Mobile,snapchat
A000311,ORD001478,CAMP0050,107.04,Mobile,google
A000312,ORD003446,CAMP0214,36.44,Retail,snapchat
A000313,ORD001033,CAMP0155,21.26,Web,meta
A000314,ORD001418,CAMP0104,116.4,Web,tiktok
A000315,ORD000410,CAMP0052,428.67,Web,google
A000316,ORD003662,CAMP0161,76.06,Mobile,snapchat
A000317,ORD004464,CAMP0088,381.78,Web,snapchat
A000318,ORD002728,CAMP0060,4.5,Web,google
A000319,ORD002516,CAMP0112,259.48,Web,meta
A000320,ORD000264,CAMP0049,30.04,Mobile,google
A000321,ORD002007,CAMP0109,195.08,Mobile,meta
A000322,ORD004647,CAMP0055,73.77,Mobile,meta
A000323,ORD000604,CAMP0073,117.8,Mobile,google
A000324,ORD004556,CAMP0142,227.8,Web,google
A000325,ORD001612,CAMP0116,89.73,Mobile,tiktok
A000326,ORD003285,CAMP0086,69.77,Mobile,tiktok
A000327,ORD001151,CAMP0087,10.43,Mobile,google
A000328,ORD004857,CAMP0127,263.64,Web,snapchat
A000329,ORD003866,CAMP0196,16.26,Mobile,google
A000330,ORD001127,CAMP0206,96.96,Mobile,snapchat
A000331,ORD004699,CAMP0175,49.93,Mobile,tiktok
A000332,ORD001082,CAMP0003,11.4,Mobile,google
A000333,ORD000182,CAMP0235,60.0,Mobile,google
A000334,ORD002596,CAMP0196,811.6,Web,google
A000335,ORD002275,CAMP0114,159.3,Retail,tiktok
A000336,ORD002780,CAMP0121,378.99,Web,meta
A000337,ORD003340,CAMP0066,85.15,Mobile,tiktok
A000338,ORD004964,CAMP0187,450.2,Web,google
A000339,ORD004655,CAMP0192,45.27,Retail,tiktok
A000340,ORD003019,CAMP0191,65.23,Web,tiktok
A000341,ORD003843,CAMP0131,55.03,Web,snapchat
A000342,ORD001815,CAMP0174,8.67,Web,google
A000343,ORD000519,CAMP0157,20.01,Web,tiktok
A000344,ORD003462,CAMP0229,24.72,Retail,snapchat
A000345,ORD003771,CAMP0228,57.21,Retail,google
A000346,ORD002166,CAMP0244,714.45,Mobile,tiktok
A000347,ORD000610,CAMP0002,97.54,Web,snapchat
A000348,ORD000330,CAMP0145,111.97,Web,google
A000349,ORD004000,CAMP0184,183.0,Web,google
A000350,ORD001672,CAMP0012,10.43,Web,snapchat
A000351,ORD004385,CAMP0150,6.34,Retail,snapchat
A000352,ORD003138,CAMP0060,114.09,Web,snapchat
A000353,ORD001790,CAMP0189,166.28,Mobile,snapchat
A000354,ORD002383,CAMP0015,259.35,Web,google
A000355,ORD004634,CAMP0111,77.88,Mobile,meta
A000356,ORD004612,CAMP0010,75.01,Retail,meta
A000357,ORD000902,CAMP0233,38.24,Mobile,tiktok
A000358,ORD003268,CAMP0177,35.0,Web,meta
A000359,ORD000256,CAMP0172,29.59,Web,snapchat
A000360,ORD002889,CAMP0151,233.2,Web,meta
A000361,ORD002126,CAMP0107,41.72,Retail,google
A000362,ORD004884,CAMP0211,1113.9,Web,google
A000363,ORD003615,CAMP0128,55.48,Mobile,tiktok
A000364,ORD002977,CAMP0192,23.78,Web,tiktok
A000365,ORD003988,CAMP0107,49.02,Web,snapchat
A000366,ORD000780,CAMP0112,6.97,Web,tiktok
A000367,ORD004917,CAMP0192,44.01,Web,meta
A000368,ORD003486,CAMP0077,3.83,Web,snapchat
A000369,ORD004107,CAMP0248,23.18,Mobile,meta
A000370,ORD004178,CAMP0221,251.5,Mobile,meta
A000371,ORD001655,CAMP0197,101.43,Web,snapchat
A000372,ORD002771,CAMP0001,66.93,Web,snapchat
A000373,ORD001195,CAMP0115,19.02,Mobile,tiktok
A000374,ORD003998,CAMP0093,8.88,Web,snapchat
A000375,ORD001280,CAMP0202,18.61,Mobile,snapchat
A000376,ORD003225,CAMP0005,77.22,Retail,google
A000377,ORD001133,CAMP0048,21.51,Web,meta
A000378,ORD001178,CAMP0019,66.0,Mobile,meta
A000379,ORD004363,CAMP0191,26.52,Web,tiktok
A000380,ORD004919,CAMP0102,223.4,Web,snapchat
A000381,ORD001652,CAMP0076,358.92,Retail,meta
A000382,ORD000228,CAMP0134,779.46,Web,meta
A000383,ORD001852,CAMP0246,54.6,Retail,snapchat
A000384,ORD001986,CAMP0177,60.57,Mobile,snapchat
A000385,ORD003031,CAMP0214,39.18,Retail,meta
A000386,ORD003325,CAMP0229,57.26,Mobile,meta
A000387,ORD002737,CAMP0066,43.62,Mobile,google
A000388,ORD001141,CAMP0214,203.46,Retail,tiktok
A000389,ORD001257,CAMP0072,511.12,Web,google
A000390,ORD000567,CAMP0158,49.4,Web,tiktok
A000391,ORD004226,CAMP0103,109.63,Web,snapchat
A000392,ORD004700,CAMP0149,964.52,Mobile,tiktok
A000393,ORD002664,CAMP0050,33.26,Web,tiktok
A000394,ORD000731,CAMP0117,109.35,Web,snapchat
A000395,ORD000891,CAMP0143,634.75,Web,tiktok
A000396,ORD000456,CAMP0063,22.1,Web,meta
A000397,ORD000720,CAMP0014,54.3,Web,meta
A000398,ORD002635,CAMP0097,148.67,Web,snapchat
A000399,ORD000746,CAMP0145,25.71,Retail,tiktok
A000400,ORD001240,CAMP0107,11.37,Retail,tiktok
A000401,ORD004089,CAMP0192,378.99,Web,google
A000402,ORD004529,CAMP0096,24.3,Web,tiktok
A000403,ORD003058,CAMP0144,7.54,Web,meta
A000404,ORD003878,CAMP0229,90.36,Mobile,snapchat
A000405,ORD002425,CAMP0126,3.07,Web,tiktok
A000406,ORD004310,CAMP0248,29.24,Mobile,tiktok
A000407,ORD000970,CAMP0009,21.27,Mobile,snapchat
A000408,ORD000517,CAMP0138,12.95,Web,google
A000409,ORD000888,CAMP0250,24.86,Web,meta
A000410,ORD003907,CAMP0234,6.97,Web,google
A000411,ORD001264,CAMP0169,68.37,Web,snapchat
A000412,ORD002132,CAMP0141,66.9,Web,snapchat
A000413,ORD004138,CAMP0215,129.74,Web,tiktok
A000414,ORD002898,CAMP0121,18.1,Mobile,meta
A000415,ORD004335,CAMP0119,40.23,Web,tiktok
A000416,ORD003565,CAMP0004,25.32,Web,tiktok
A000417,ORD000723,CAMP0208,57.26,Web,tiktok
A000418,ORD001679,CAMP0161,33.87,Web,meta
A000419,ORD004945,CAMP0052,53.27,Web,google
A000420,ORD002139,CAMP0041,44.0,Web,meta
A000421,ORD000992,CAMP0095,156.72,Mobile,tiktok
A000422,ORD002429,CAMP0205,32.33,Web,google
A000423,ORD004594,CAMP0186,13.39,Mobile,tiktok
A000424,ORD004637,CAMP0141,97.54,Mobile,meta
A000425,ORD002525,CAMP0118,8.79,Mobile,snapchat
A000426,ORD004649,CAMP0004,59.28,Mobile,snapchat
A000427,ORD000715,CAMP0043,17.43,Retail,snapchat
A000428,ORD003293,CAMP0031,101.12,Retail,tiktok
A000429,ORD001416,CAMP0240,9.8,Web,meta
A000430,ORD004542,CAMP0106,53.13,Web,tiktok
A000431,ORD001354,CAMP0010,169.35,Mobile,meta
A000432,ORD003438,CAMP0063,29.4,Web,snapchat
A000433,ORD000162,CAMP0039,18.38,Web,snapchat
A000434,ORD004120,CAMP0242,15.09,Web,snapchat
A000435,ORD002021,CAMP0159,97.42,Web,tiktok
A000436,ORD002962,CAMP0036,370.52,Web,tiktok
A000437,ORD002647,CAMP0162,21.15,Mobile,tiktok
A000438,ORD004737,CAMP0076,42.51,Web,snapchat
A000439,ORD002392,CAMP0006,12.43,Mobile,google
A000440,ORD004554,CAMP0093,18.58,Retail,google
A000441,ORD003830,CAMP0165,147.06,Web,snapchat
A000442,ORD000529,CAMP0040,119.75,Mobile,meta
A000443,ORD001056,CAMP0183,53.15,Web,meta
A000444,ORD004564,CAMP0123,125.75,Web,meta
A000445,ORD002921,CAMP0230,44.79,Retail,tiktok
A000446,ORD003071,CAMP0176,71.31,Web,meta
A000447,ORD001538,CAMP0052,44.44,Web,tiktok
A000448,ORD002945,CAMP0198,42.1,Mobile,google
A000449,ORD003673,CAMP0084,46.58,Mobile,google
A000450,ORD004943,CAMP0080,13.94,Mobile,snapchat
A000451,ORD002104,CAMP0237,21.51,Mobile,snapchat
A000452,ORD000123,CAMP0173,90.57,Mobile,tiktok
A000453,ORD000207,CAMP0116,125.75,Web,google
A000454,ORD003855,CAMP0059,13.39,Mobile,snapchat
A000455,ORD001785,CAMP0223,16.32,Mobile,tiktok
A000456,ORD001946,CAMP0035,3.66,Mobile,tiktok
A000457,ORD002335,CAMP0107,65.23,Web,google
A000458,ORD001758,CAMP0243,36.6,Mobile,snapchat
A000459,ORD003677,CAMP0029,73.2,Mobile,snapchat
A000460,ORD001442,CAMP0026,208.0,Web,snapchat
A000461,ORD001350,CAMP0136,6.97,Web,snapchat
A000462,ORD004504,CAMP0072,8.19,Mobile,tiktok
A000463,ORD001336,CAMP0157,67.66,Mobile,google
A000464,ORD000662,CAMP0092,67.67,Mobile,snapchat
A000465,ORD000892,CAMP0138,743.35,Web,google
A000466,ORD001193,CAMP0119,30.04,Mobile,tiktok
A000467,ORD002481,CAMP0062,94.08,Mobile,tiktok
A000468,ORD000265,CAMP0217,149.2,Retail,snapchat
A000469,ORD000931,CAMP0236,103.52,Mobile,google
A000470,ORD004177,CAMP0019,30.69,Mobile,snapchat
A000471,ORD003583,CAMP0091,14.7,Mobile,google
A000472,ORD001455,CAMP0094,52.08,Web,meta
A000473,ORD000295,CAMP0197,40.86,Web,tiktok
A000474,ORD004574,CAMP0203,66.15,Web,snapchat
A000475,ORD004305,CAMP0066,24.5,Mobile,google
A000476,ORD002213,CAMP0001,482.26,Mobile,snapchat
A000477,ORD004850,CAMP0106,447.88,Mobile,meta
A000478,ORD000155,CAMP0224,14.68,Mobile,snapchat
A000479,ORD003299,CAMP0061,22.77,Web,meta
A000480,ORD003221,CAMP0014,17.71,Web,meta
A000481,ORD000460,CAMP0105,27.24,Mobile,meta
A000482,ORD001394,CAMP0055,125.44,Mobile,meta
A000483,ORD004343,CAMP0216,209.85,Web,tiktok
A000484,ORD001197,CAMP0236,75.29,Web,tiktok
A000485,ORD000236,CAMP0044,66.98,Retail,tiktok
A000486,ORD003096,CAMP0162,233.44,Web,meta
A000487,ORD001320,CAMP0191,253.9,Mobile,google
A000488,ORD001319,CAMP0102,381.91,Retail,snapchat
A000489,ORD001980,CAMP0187,11.22,Web,tiktok
A000490,ORD000301,CAMP0176,97.87,Mobile,meta
A000491,ORD002939,CAMP0227,5.88,Mobile,google
A000492,ORD001238,CAMP0154,11.37,Mobile,tiktok
A000493,ORD000804,CAMP0033,253.12,Mobile,snapchat
A000494,ORD004417,CAMP0215,137.94,Web,snapchat
A000495,ORD003642,CAMP0110,16.97,Web,meta
A000496,ORD002825,CAMP0147,129.32,Mobile,meta
A000497,ORD000800,CAMP0176,23.29,Web,tiktok
A000498,ORD004216,CAMP0244,36.6,Web,google
A000499,ORD000536,CAMP0025,597.4,Web,tiktok
A000500,ORD000164,CAMP0235,14.93,Web,google
A000501,ORD004864,CAMP0134,54.6,Retail,tiktok
A000502,ORD001746,CAMP0018,156.16,Mobile,snapchat
A000503,ORD002816,CAMP0197,96.74,Mobile,meta
A000504,ORD004827,CAMP0071,9.02,Web,snapchat
A000505,ORD002752,CAMP0103,24.54,Retail,snapchat
A000506,ORD003368,CAMP0052,94.29,Retail,meta
A000507,ORD001062,CAMP0005,505.32,Mobile,meta
A000508,ORD004199,CAMP0063,7.49,Web,tiktok
A000509,ORD000490,CAMP0146,38.03,Retail,google
A000510,ORD004813,CAMP0027,240.51,Web,google
A000511,ORD002927,CAMP0165,14.08,Web,snapchat
A000512,ORD000024,CAMP0055,12.25,Web,snapchat
A000513,ORD004445,CAMP0078,119.48,Web,snapchat
A000514,ORD000219,CAMP0179,58.8,Retail,tiktok
A000515,ORD001439,CAMP0011,33.6,Mobile,google
A000516,ORD000582,CAMP0039,12.68,Mobile,google
A000517,ORD001097,CAMP0229,23.25,Web,tiktok
A000518,ORD003514,CAMP0214,294.5,Retail,tiktok
A000519,ORD003061,CAMP0010,67.82,Mobile,meta
A000520,ORD001241,CAMP0197,9.26,Mobile,google
A000521,ORD003076,CAMP0090,46.58,Web,meta
A000522,ORD002510,CAMP0115,20.26,Web,tiktok
A000523,ORD000454,CAMP0056,142.74,Mobile,meta
A000524,ORD001797,CAMP0051,22.48,Web,google
A000525,ORD002624,CAMP0162,130.86,Mobile,snapchat
A000526,ORD004268,CAMP0094,338.35,Retail,tiktok
A000527,ORD003140,CAMP0077,37.64,Retail,meta
A000528,ORD000429,CAMP0107,80.17,Retail,meta
A000529,ORD003613,CAMP0160,92.76,Web,tiktok
A000530,ORD003132,CAMP0218,55.02,Retail,snapchat
A000531,ORD002864,CAMP0230,245.28,Mobile,google
A000532,ORD004965,CAMP0220,25.7,Web,tiktok
A000533,ORD003303,CAMP0139,40.02,Mobile,tiktok
A000534,ORD001372,CAMP0178,13.56,Web,meta
A000535,ORD000078,CAMP0032,24.12,Mobile,meta
A000536,ORD003970,CAMP0045,400.6,Web,tiktok
A000537,ORD002721,CAMP0014,241.13,Web,google
A000538,ORD002471,CAMP0226,45.39,Mobile,meta
A000539,ORD001927,CAMP0248,40.23,Mobile,meta
A000540,ORD002735,CAMP0195,3.83,Web,tiktok
A000541,ORD004048,CAMP0081,31.32,Mobile,meta
A000542,ORD004103,CAMP0028,36.44,Mobile,google
A000543,ORD001283,CAMP0155,39.37,Retail,google
A000544,ORD000968,CAMP0143,87.48,Web,tiktok
A000545,ORD001010,CAMP0127,10.44,Mobile,tiktok
A000546,ORD002077,CAMP0207,503.0,Mobile,meta
A000547,ORD001199,CAMP0126,8.75,Mobile,snapchat
A000548,ORD003101,CAMP0233,17.68,Retail,snapchat
A000549,ORD003635,CAMP0096,13.26,Mobile,google
A000550,ORD000273,CAMP0078,60.26,Retail,tiktok
A000551,ORD004575,CAMP0082,37.29,Mobile,tiktok
A000552,ORD000990,CAMP0088,112.92,Web,snapchat
A000553,ORD001769,CAMP0210,265.7,Web,google
A000554,ORD003981,CAMP0045,101.43,Web,tiktok
A000555,ORD002994,CAMP0052,52.41,Web,meta
A000556,ORD003511,CAMP0041,369.85,Mobile,google
A000557,ORD004060,CAMP0097,38.24,Web,snapchat
A000558,ORD003707,CAMP0241,115.95,Web,meta
A000559,ORD002976,CAMP0073,73.4,Web,meta
A000560,ORD001492,CAMP0029,25.2,Web,google
A000561,ORD002289,CAMP0189,23.95,Web,meta
A000562,ORD000483,CAMP0125,41.76,Web,tiktok
A000563,ORD002633,CAMP0150,502.64,Mobile,tiktok
A000564,ORD002749,CAMP0068,13.39,Mobile,meta
A000565,ORD000214,CAMP0081,15.58,Web,google
A000566,ORD001063,CAMP0078,44.0,Mobile,tiktok
A000567,ORD001064,CAMP0218,174.48,Mobile,tiktok
A000568,ORD003099,CAMP0194,63.28,Web,snapchat
A000569,ORD003422,CAMP0139,41.57,Mobile,meta
A000570,ORD000464,CAMP0080,465.48,Web,tiktok
A000571,ORD001067,CAMP0100,123.7,Web,snapchat
A000572,ORD000447,CAMP0161,334.92,Mobile,meta
A000573,ORD001201,CAMP0200,64.66,Retail,tiktok
A000574,ORD001630,CAMP0157,397.16,Web,tiktok
A000575,ORD004747,CAMP0164,34.72,Web,meta
A000576,ORD002636,CAMP0160,11.97,Retail,snapchat
A000577,ORD002325,CAMP0236,55.02,Mobile,meta
A000578,ORD001771,CAMP0045,255.87,Mobile,tiktok
A000579,ORD000351,CAMP0075,50.16,Web,snapchat
A000580,ORD003501,CAMP0116,28.2,Mobile,google
A000581,ORD000103,CAMP0165,37.64,Mobile,snapchat
A000582,ORD002978,CAMP0212,88.0,Mobile,google
A000583,ORD002861,CAMP0118,164.3,Web,tiktok
A000584,ORD003657,CAMP0046,77.22,Retail,snapchat
A000585,ORD001207,CAMP0235,33.26,Web,google
A000586,ORD000876,CAMP0019,95.4,Retail,snapchat
A000587,ORD002206,CAMP0101,75.28,Retail,google
A000588,ORD003319,CAMP0171,198.45,Web,snapchat
A000589,ORD000683,CAMP0147,73.97,Web,meta
A000590,ORD001743,CAMP0243,201.32,Mobile,google
A000591,ORD001329,CAMP0167,18.22,Web,tiktok
A000592,ORD004887,CAMP0036,23.75,Retail,snapchat
A000593,ORD001024,CAMP0208,25.8,Web,tiktok
A000594,ORD001154,CAMP0163,43.64,Retail,google
A000595,ORD001714,CAMP0223,201.32,Mobile,snapchat
A000596,ORD001108,CAMP0160,38.94,Web,snapchat
A000597,ORD001167,CAMP0113,67.66,Retail,tiktok
A000598,ORD001602,CAMP0106,51.6,Web,snapchat
A000599,ORD004392,CAMP0038,135.64,Web,meta
A000600,ORD000052,CAMP0185,319.11,Web,snapchat
A000601,ORD002452,CAMP0245,82.15,Mobile,google
A000602,ORD003576,CAMP0143,79.79,Mobile,tiktok
A000603,ORD004930,CAMP0146,35.0,Mobile,meta
A000604,ORD004031,CAMP0055,20.85,Retail,meta
A000605,ORD003849,CAMP0049,446.56,Web,snapchat
A000606,ORD001251,CAMP0068,5.1,Web,snapchat
A000607,ORD000205,CAMP0141,22.69,Web,tiktok
A000608,ORD001820,CAMP0150,159.81,Mobile,meta
A000609,ORD003935,CAMP0177,13.5,Mobile,meta
A000610,ORD000271,CAMP0005,5.64,Web,meta
A000611,ORD002188,CAMP0233,15.25,Retail,google
A000612,ORD003826,CAMP0029,174.7,Mobile,tiktok
A000613,ORD003852,CAMP0248,4.23,Web,google
A000614,ORD004196,CAMP0037,188.58,Mobile,google
A000615,ORD004299,CAMP0154,209.85,Web,meta
A000616,ORD003371,CAMP0163,168.32,Mobile,meta
A000617,ORD003410,CAMP0027,104.79,Mobile,google
A000618,ORD001370,CAMP0041,40.24,Web,snapchat
A000619,ORD003956,CAMP0001,7.66,Mobile,google
A000620,ORD001548,CAMP0154,97.12,Mobile,meta
A000621,ORD000687,CAMP0121,234.46,Mobile,meta
A000622,ORD003239,CAMP0046,66.3,Retail,snapchat
A000623,ORD004421,CAMP0184,41.76,Web,tiktok
A000624,ORD003943,CAMP0239,130.08,Web,tiktok
A000625,ORD000143,CAMP0121,42.7,Retail,snapchat
A000626,ORD000302,CAMP0055,303.62,Mobile,meta
A000627,ORD004213,CAMP0049,23.34,Mobile,meta
A000628,ORD003014,CAMP0110,53.14,Web,tiktok
A000629,ORD004374,CAMP0032,131.82,Retail,tiktok
A000630,ORD001313,CAMP0015,15.58,Retail,meta
A000631,ORD003716,CAMP0109,65.04,Web,snapchat
A000632,ORD001912,CAMP0017,13.26,Web,snapchat
A000633,ORD001074,CAMP0051,117.8,Web,snapchat
A000634,ORD002819,CAMP0173,468.22,Mobile,snapchat
A000635,ORD000946,CAMP0163,87.58,Web,google
A000636,ORD004570,CAMP0205,190.89,Web,tiktok
A000637,ORD003780,CAMP0026,75.01,Web,tiktok
A000638,ORD000262,CAMP0074,14.93,Retail,google
A000639,ORD002517,CAMP0055,28.2,Web,meta
A000640,ORD000222,CAMP0163,18.88,Web,meta
A000641,ORD003259,CAMP0226,609.45,Mobile,meta
A000642,ORD002285,CAMP0204,278.19,Web,google
A000643,ORD002719,CAMP0147,4.42,Web,google
A000644,ORD000739,CAMP0083,36.44,Mobile,tiktok
A000645,ORD001100,CAMP0198,21.26,Mobile,tiktok
A000646,ORD003183,CAMP0136,35.74,Web,tiktok
A000647,ORD001020,CAMP0152,81.36,Mobile,snapchat
A000648,ORD000844,CAMP0230,553.8,Web,tiktok
A000649,ORD002220,CAMP0201,121.89,Web,snapchat
A000650,ORD004644,CAMP0234,59.28,Retail,meta
A000651,ORD004052,CAMP0043,69.77,Mobile,meta
A000652,ORD002736,CAMP0056,410.75,Web,snapchat
A000653,ORD002387,CAMP0213,71.71,Mobile,tiktok
A000654,ORD004180,CAMP0162,75.01,Retail,tiktok
A000655,ORD003294,CAMP0027,147.94,Web,meta
A000656,ORD003009,CAMP0111,110.96,Mobile,meta
A000657,ORD002036,CAMP0019,24.72,Web,meta
A000658,ORD003209,CAMP0171,4.42,Web,meta
A000659,ORD004428,CAMP0186,61.38,Mobile,tiktok
A000660,ORD000710,CAMP0021,195.2,Web,google
A000661,ORD003763,CAMP0204,101.56,Web,tiktok
A000662,ORD004005,CAMP0052,153.78,Retail,tiktok
A000663,ORD003171,CAMP0057,8.67,Web,tiktok
A000664,ORD003691,CAMP0188,82.1,Web,tiktok
A000665,ORD002118,CAMP0110,9.05,Web,tiktok
A000666,ORD000427,CAMP0145,12.65,Web,meta
A000667,ORD001840,CAMP0112,24.22,Mobile,google
A000668,ORD001644,CAMP0036,124.85,Web,snapchat
A000669,ORD004241,CAMP0153,319.16,Web,meta
A000670,ORD000331,CAMP0225,13.62,Mobile,snapchat
A000671,ORD003006,CAMP0028,11.89,Mobile,google
A000672,ORD004125,CAMP0067,5.64,Web,tiktok
A000673,ORD002755,CAMP0086,90.0,Web,tiktok
A000674,ORD003727,CAMP0012,206.25,Web,google
A000675,ORD000379,CAMP0125,16.39,Mobile,meta
A000676,ORD000200,CAMP0146,32.87,Mobile,meta
A000677,ORD004674,CAMP0216,9.05,Mobile,tiktok
A000678,ORD001904,CAMP0107,350.13,Mobile,google
A000679,ORD002315,CAMP0238,20.88,Web,google
A000680,ORD001697,CAMP0052,65.74,Mobile,snapchat
A000681,ORD000920,CAMP0079,21.27,Mobile,tiktok
A000682,ORD002244,CAMP0212,125.66,Web,meta
A000683,ORD000661,CAMP0173,15.36,Web,tiktok
A000684,ORD000950,CAMP0141,108.66,Web,meta
A000685,ORD000755,CAMP0007,183.0,Mobile,meta
A000686,ORD001451,CAMP0104,19.07,Web,google
A000687,ORD004274,CAMP0044,376.98,Retail,google
A000688,ORD000672,CAMP0197,85.08,Mobile,snapchat
A000689,ORD001381,CAMP0003,477.9,Web,snapchat
A000690,ORD000643,CAMP0002,80.76,Retail,tiktok
A000691,ORD001332,CAMP0175,46.89,Web,google
A000692,ORD003406,CAMP0060,190.45,Mobile,meta
A000693,ORD000136,CAMP0128,312.0,Mobile,google
A000694,ORD004204,CAMP0186,18.2,Web,snapchat
A000695,ORD003681,CAMP0245,54.33,Web,google
A000696,ORD004730,CAMP0104,71.31,Retail,meta
A000697,ORD004037,CAMP0075,5.1,Mobile,meta
A000698,ORD002011,CAMP0178,41.04,Retail,tiktok
A000699,ORD003608,CAMP0127,11.38,Web,tiktok
A000700,ORD001160,CAMP0188,65.04,Mobile,meta
A000701,ORD000223,CAMP0081,350.13,Web,google
A000702,ORD001953,CAMP0237,49.0,Mobile,snapchat
A000703,ORD002235,CAMP0246,7.49,Retail,google
A000704,ORD003421,CAMP0230,38.03,Mobile,snapchat
A000705,ORD001080,CAMP0119,114.52,Mobile,meta
A000706,ORD000679,CAMP0216,9.05,Mobile,tiktok
A000707,ORD001929,CAMP0039,27.15,Web,snapchat
A000708,ORD004139,CAMP0020,16.8,Web,google
A000709,ORD003428,CAMP0118,40.23,Web,google
A000710,ORD004609,CAMP0157,282.87,Web,snapchat
A000711,ORD004403,CAMP0157,21.93,Retail,google
A000712,ORD002648,CAMP0137,8.67,Mobile,meta
A000713,ORD004962,CAMP0146,7.35,Retail,google
A000714,ORD002733,CAMP0139,24.72,Web,meta
A000715,ORD000694,CAMP0011,44.52,Web,meta
A000716,ORD000996,CAMP0141,263.64,Web,google
A000717,ORD000560,CAMP0071,67.66,Retail,snapchat
A000718,ORD000229,CAMP0156,122.64,Web,meta
A000719,ORD001322,CAMP0082,67.67,Mobile,google
A000720,ORD001131,CAMP0186,235.74,Web,google
A000721,ORD002146,CAMP0103,301.98,Web,tiktok
A000722,ORD003412,CAMP0112,76.06,Mobile,google
A000723,ORD001143,CAMP0246,109.8,Web,meta
A000724,ORD001493,CAMP0110,100.95,Mobile,snapchat
A000725,ORD000080,CAMP0016,194.61,Mobile,meta
A000726,ORD001580,CAMP0022,92.76,Web,google
A000727,ORD001397,CAMP0079,28.2,Web,google
A000728,ORD002071,CAMP0241,5.1,Mobile,snapchat
A000729,ORD002767,CAMP0224,112.55,Web,meta
A000730,ORD004582,CAMP0083,235.74,Mobile,snapchat
A000731,ORD004721,CAMP0125,30.13,Mobile,tiktok
A000732,ORD002002,CAMP0199,215.13,Web,meta
A000733,ORD001694,CAMP0185,20.86,Web,google
A000734,ORD001905,CAMP0022,31.36,Web,google
A000735,ORD000775,CAMP0027,45.53,Web,tiktok
A000736,ORD003205,CAMP0008,41.14,Mobile,snapchat
A000737,ORD002012,CAMP0088,15.35,Mobile,tiktok
A000738,ORD003139,CAMP0203,25.39,Mobile,meta
A000739,ORD002278,CAMP0098,125.44,Web,tiktok
A000740,ORD002909,CAMP0104,30.69,Web,meta
A000741,ORD000326,CAMP0137,3.86,Retail,google
A000742,ORD003676,CAMP0121,52.2,Mobile,google
A000743,ORD004932,CAMP0143,12.28,Web,tiktok
A000744,ORD004047,CAMP0162,337.65,Web,snapchat
A000745,ORD003892,CAMP0242,946.45,Retail,snapchat
A000746,ORD002586,CAMP0247,117.54,Mobile,snapchat
A000747,ORD003471,CAMP0109,117.12,Web,tiktok
A000748,ORD002263,CAMP0151,23.75,Web,meta
A000749,ORD004650,CAMP0066,6.6,Mobile,meta
A000750,ORD001367,CAMP0084,76.14,Web,snapchat
A000751,ORD000906,CAMP0046,4.23,Web,snapchat
A000752,ORD001660,CAMP0119,31.7,Mobile,snapchat
A000753,ORD000914,CAMP0169,18.99,Web,google
A000754,ORD000292,CAMP0197,49.93,Retail,snapchat
A000755,ORD004105,CAMP0126,4.51,Mobile,meta
A000756,ORD003497,CAMP0104,60.6,Mobile,tiktok
A000757,ORD000556,CAMP0104,60.26,Web,google
A000758,ORD003561,CAMP0024,77.13,Mobile,tiktok
A000759,ORD002936,CAMP0098,30.26,Web,snapchat
A000760,ORD000234,CAMP0139,60.64,Web,tiktok
A000761,ORD001069,CAMP0153,31.47,Web,google
A000762,ORD001810,CAMP0075,101.38,Web,snapchat
A000763,ORD001903,CAMP0176,151.81,Web,snapchat
A000764,ORD003123,CAMP0122,61.0,Web,google
A000765,ORD002986,CAMP0195,32.52,Web,snapchat
A000766,ORD001804,CAMP0119,61.0,Web,meta
A000767,ORD004829,CAMP0239,30.04,Web,google
A000768,ORD000811,CAMP0249,583.6,Web,tiktok
A000769,ORD002322,CAMP0043,54.24,Mobile,tiktok
A000770,ORD004708,CAMP0017,38.24,Mobile,meta
A000771,ORD002453,CAMP0003,147.95,Web,tiktok
A000772,ORD002954,CAMP0201,207.8,Web,meta
A000773,ORD004413,CAMP0102,48.6,Web,meta
A000774,ORD002650,CAMP0188,68.86,Web,meta
A000775,ORD003182,CAMP0079,45.39,Retail,meta
A000776,ORD004194,CAMP0059,111.97,Retail,snapchat
A000777,ORD001189,CAMP0021,69.72,Web,tiktok
A000778,ORD002433,CAMP0164,9.02,Mobile,tiktok
A000779,ORD003632,CAMP0249,50.1,Web,google
A000780,ORD000194,CAMP0073,33.93,Retail,snapchat
A000781,ORD001215,CAMP0066,235.74,Mobile,snapchat
A000782,ORD003460,CAMP0210,17.82,Mobile,tiktok
A000783,ORD004220,CAMP0125,351.64,Web,google
A000784,ORD004659,CAMP0222,107.52,Web,tiktok
A000785,ORD002319,CAMP0069,58.72,Mobile,meta
A000786,ORD004347,CAMP0163,17.34,Mobile,meta
A000787,ORD002971,CAMP0035,17.5,Retail,tiktok
A000788,ORD003685,CAMP0073,111.64,Web,snapchat
A000789,ORD003338,CAMP0064,90.04,Web,meta
A000790,ORD004734,CAMP0200,30.82,Web,google
A000791,ORD004828,CAMP0128,200.7,Mobile,tiktok
A000792,ORD002196,CAMP0233,9.26,Mobile,tiktok
A000793,ORD003787,CAMP0150,92.63,Mobile,tiktok
A000794,ORD002053,CAMP0018,60.64,Mobile,tiktok
A000795,ORD001595,CAMP0213,56.85,Mobile,snapchat
A000796,ORD002019,CAMP0138,375.68,Web,google
A000797,ORD004745,CAMP0021,127.78,Mobile,google
A000798,ORD001793,CAMP0207,386.1,Web,google
A000799,ORD004557,CAMP0142,5.86,Web,snapchat
A000800,ORD001398,CAMP0100,51.26,Web,tiktok
A000801,ORD001870,CAMP0047,284.2,Web,tiktok
A000802,ORD000884,CAMP0199,101.52,Web,tiktok
A000803,ORD002236,CAMP0058,45.02,Retail,snapchat
A000804,ORD000655,CAMP0032,34.2,Web,meta
A000805,ORD001421,CAMP0065,10.06,Mobile,snapchat
A000806,ORD000068,CAMP0063,174.9,Web,tiktok
A000807,ORD004154,CAMP0014,62.72,Web,google
A000808,ORD004921,CAMP0076,320.68,Web,tiktok
A000809,ORD000076,CAMP0182,19.12,Web,google
A000810,ORD003013,CAMP0113,29.3,Web,meta
A000811,ORD001244,CAMP0241,3.83,Web,snapchat
A000812,ORD000561,CAMP0205,114.27,Mobile,google
A000813,ORD004027,CAMP0178,31.48,Retail,snapchat
A000814,ORD003130,CAMP0041,85.02,Web,tiktok
A000815,ORD001958,CAMP0206,50.2,Mobile,tiktok
A000816,ORD001290,CAMP0172,195.2,Mobile,snapchat
A000817,ORD003559,CAMP0172,67.66,Mobile,meta
A000818,ORD003280,CAMP0003,55.84,Retail,google
A000819,ORD002120,CAMP0208,96.03,Mobile,snapchat
A000820,ORD000139,CAMP0111,17.43,Retail,tiktok
A000821,ORD002051,CAMP0086,76.28,Web,meta
A000822,ORD004297,CAMP0220,7.78,Web,meta
A000823,ORD001621,CAMP0194,78.08,Retail,snapchat
A000824,ORD002217,CAMP0070,54.33,Web,tiktok
A000825,ORD004113,CAMP0011,51.09,Mobile,google
A000826,ORD000615,CAMP0204,35.74,Mobile,google
A000827,ORD001589,CAMP0050,1014.5,Mobile,meta
A000828,ORD003969,CAMP0234,88.0,Mobile,google
A000829,ORD003637,CAMP0093,78.36,Web,snapchat
A000830,ORD000782,CAMP0078,154.24,Retail,meta
A000831,ORD002584,CAMP0124,24.24,Web,tiktok
A000832,ORD001757,CAMP0207,49.18,Web,google
A000833,ORD000477,CAMP0084,293.61,Mobile,google
A000834,ORD004323,CAMP0138,11.76,Mobile,snapchat
A000835,ORD003835,CAMP0178,63.81,Retail,snapchat
A000836,ORD004941,CAMP0121,49.94,Web,meta
A000837,ORD000038,CAMP0003,21.27,Web,tiktok
A000838,ORD001723,CAMP0069,42.35,Web,google
A000839,ORD002415,CAMP0054,14.82,Mobile,tiktok
A000840,ORD000048,CAMP0082,7.04,Web,google
A000841,ORD003078,CAMP0235,43.44,Web,google
A000842,ORD002034,CAMP0087,51.8,Web,tiktok
A000843,ORD003841,CAMP0098,66.9,Mobile,snapchat
A000844,ORD001659,CAMP0235,225.03,Web,google
A000845,ORD004532,CAMP0168,120.69,Web,tiktok
A000846,ORD002840,CAMP0109,110.96,Web,tiktok
A000847,ORD001838,CAMP0003,41.76,Web,snapchat
A000848,ORD003776,CAMP0033,64.25,Mobile,meta
A000849,ORD004172,CAMP0072,90.12,Mobile,meta
A000850,ORD000245,CAMP0131,60.24,Web,google
A000851,ORD003104,CAMP0233,41.97,Mobile,tiktok
A000852,ORD002955,CAMP0046,85.02,Mobile,google
A000853,ORD000171,CAMP0245,17.36,Web,tiktok
A000854,ORD002858,CAMP0232,301.12,Retail,tiktok
A000855,ORD004624,CAMP0234,2.96,Retail,tiktok
A000856,ORD003254,CAMP0153,6.7,Mobile,tiktok
A000857,ORD003172,CAMP0005,66.04,Mobile,snapchat
A000858,ORD003328,CAMP0046,125.4,Mobile,google
A000859,ORD003527,CAMP0241,18.94,Web,meta
A000860,ORD002365,CAMP0022,2.57,Mobile,google
A000861,ORD000823,CAMP0246,87.5,Retail,google
A000862,ORD004618,CAMP0174,48.88,Mobile,tiktok
A000863,ORD001126,CAMP0066,98.8,Web,meta
A000864,ORD000730,CAMP0032,8.8,Web,tiktok
A000865,ORD001340,CAMP0147,638.9,Mobile,snapchat
A000866,ORD002643,CAMP0126,14.84,Retail,meta
A000867,ORD003917,CAMP0110,41.91,Mobile,tiktok
A000868,ORD001211,CAMP0245,34.43,Web,meta
A000869,ORD002296,CAMP0113,104.82,Web,meta
A000870,ORD003112,CAMP0240,297.34,Mobile,tiktok
A000871,ORD001973,CAMP0208,53.05,Web,google
A000872,ORD002137,CAMP0106,36.64,Web,google
A000873,ORD001303,CAMP0110,14.08,Web,meta
A000874,ORD004748,CAMP0047,40.72,Web,snapchat
A000875,ORD004972,CAMP0133,52.15,Mobile,snapchat
A000876,ORD002888,CAMP0103,66.15,Mobile,tiktok
A000877,ORD002957,CAMP0105,44.55,Mobile,snapchat
A000878,ORD002795,CAMP0180,21.87,Web,tiktok
A000879,ORD000439,CAMP0085,50.69,Mobile,meta
A000880,ORD003262,CAMP0234,127.2,Web,tiktok
A000881,ORD003808,CAMP0117,107.52,Web,meta
A000882,ORD000865,CAMP0135,27.48,Web,tiktok
A000883,ORD000083,CAMP0213,597.4,Web,google
A000884,ORD002204,CAMP0158,7.04,Mobile,snapchat
A000885,ORD001404,CAMP0049,49.93,Retail,google
A000886,ORD002172,CAMP0248,123.28,Web,snapchat
A000887,ORD000576,CAMP0156,130.86,Web,tiktok
A000888,ORD000028,CAMP0022,30.32,Web,tiktok
A000889,ORD003450,CAMP0055,183.96,Mobile,meta
A000890,ORD002803,CAMP0229,9.05,Web,meta
A000891,ORD000172,CAMP0150,135.32,Retail,google
A000892,ORD004785,CAMP0179,202.9,Web,meta
A000893,ORD003951,CAMP0190,378.58,Retail,tiktok
A000894,ORD000763,CAMP0095,48.24,Retail,tiktok
A000895,ORD000116,CAMP0074,44.68,Web,google
A000896,ORD004593,CAMP0241,18.55,Web,snapchat
A000897,ORD000978,CAMP0130,389.73,Web,tiktok
A000898,ORD002130,CAMP0147,225.87,Mobile,google
A000899,ORD003440,CAMP0113,125.75,Web,tiktok
A000900,ORD001555,CAMP0125,201.32,Web,tiktok
A000901,ORD004657,CAMP0161,38.46,Web,tiktok
A000902,ORD000272,CAMP0001,25.58,Retail,google
A000903,ORD000995,CAMP0215,27.3,Web,tiktok
A000904,ORD000840,CAMP0229,166.44,Mobile,snapchat
A000905,ORD003788,CAMP0242,42.15,Retail,google
A000906,ORD000341,CAMP0141,40.86,Mobile,google
A000907,ORD004843,CAMP0246,115.9,Retail,snapchat
A000908,ORD002661,CAMP0047,99.21,Web,tiktok
A000909,ORD004716,CAMP0062,209.85,Web,google
A000910,ORD003392,CAMP0015,22.22,Web,snapchat
A000911,ORD003971,CAMP0152,242.4,Mobile,google
A000912,ORD004176,CAMP0117,7.79,Web,meta
A000913,ORD004719,CAMP0193,75.52,Web,meta
A000914,ORD004660,CAMP0103,2.57,Mobile,tiktok
A000915,ORD004911,CAMP0216,6.0,Mobile,meta
A000916,ORD003077,CAMP0132,220.12,Mobile,meta
A000917,ORD000651,CAMP0131,28.59,Retail,meta
A000918,ORD002854,CAMP0193,17.6,Web,google
A000919,ORD000100,CAMP0152,33.33,Web,meta
A000920,ORD003575,CAMP0004,127.05,Mobile,tiktok
A000921,ORD004620,CAMP0184,49.44,Retail,google
A000922,ORD003546,CAMP0175,121.72,Web,google
A000923,ORD004815,CAMP0142,93.92,Web,meta
A000924,ORD003468,CAMP0249,17.7,Mobile,snapchat
A000925,ORD004043,CAMP0182,31.48,Web,tiktok
A000926,ORD001741,CAMP0116,75.28,Web,meta
A000927,ORD003116,CAMP0060,32.33,Mobile,google
A000928,ORD000230,CAMP0064,14.08,Mobile,tiktok
A000929,ORD000213,CAMP0027,23.29,Mobile,tiktok
A000930,ORD000003,CAMP0193,104.7,Web,meta
A000931,ORD003480,CAMP0027,1821.28,Web,tiktok
A000932,ORD000597,CAMP0030,22.65,Web,tiktok
A000933,ORD002583,CAMP0103,13.57,Retail,tiktok
A000934,ORD001428,CAMP0156,392.9,Web,snapchat
A000935,ORD003170,CAMP0211,26.52,Web,google
A000936,ORD003418,CAMP0185,36.0,Mobile,tiktok
A000937,ORD001982,CAMP0211,37.88,Retail,snapchat
A000938,ORD002261,CAMP0095,31.7,Web,meta
A000939,ORD004608,CAMP0204,21.64,Mobile,tiktok
A000940,ORD003521,CAMP0244,5.86,Web,tiktok
A000941,ORD002093,CAMP0185,89.73,Mobile,tiktok
A000942,ORD001330,CAMP0013,25.99,Web,google
A000943,ORD001483,CAMP0197,100.05,Web,meta
A000944,ORD001400,CAMP0181,15.32,Web,meta
A000945,ORD003551,CAMP0210,34.2,Web,tiktok
A000946,ORD004845,CAMP0063,77.42,Retail,snapchat
A000947,ORD003367,CAMP0121,32.0,Mobile,google
A000948,ORD003443,CAMP0141,14.48,Retail,snapchat
A000949,ORD000834,CAMP0161,522.4,Web,meta
A000950,ORD004996,CAMP0024,54.48,Web,meta
A000951,ORD001342,CAMP0006,266.35,Web,tiktok
A000952,ORD004687,CAMP0057,121.2,Web,snapchat
A000953,ORD004255,CAMP0019,9.04,Web,google
A000954,ORD004506,CAMP0142,61.0,Web,snapchat
A000955,ORD001822,CAMP0097,192.06,Retail,meta
A000956,ORD004900,CAMP0004,22.77,Retail,google
A000957,ORD002448,CAMP0185,156.58,Web,meta
A000958,ORD002509,CAMP0134,377.25,Web,meta
A000959,ORD002086,CAMP0227,64.66,Web,tiktok
A000960,ORD004076,CAMP0146,14.68,Web,google
A000961,ORD003503,CAMP0099,52.44,Mobile,google
A000962,ORD000947,CAMP0113,5.27,Web,snapchat
A000963,ORD001798,CAMP0187,15.81,Web,tiktok
A000964,ORD000072,CAMP0001,32.0,Retail,tiktok
A000965,ORD001480,CAMP0022,113.45,Web,google
A000966,ORD003953,CAMP0212,40.72,Mobile,snapchat
A000967,ORD003307,CAMP0238,86.45,Web,google
A000968,ORD000626,CAMP0027,84.16,Mobile,google
A000969,ORD002961,CAMP0161,27.24,Web,meta
A000970,ORD002385,CAMP0036,16.7,Web,tiktok
A000971,ORD001923,CAMP0100,34.72,Mobile,google
A000972,ORD001086,CAMP0225,212.74,Mobile,meta
A000973,ORD000838,CAMP0075,10.44,Web,meta
A000974,ORD004666,CAMP0237,15.36,Mobile,meta
A000975,ORD000062,CAMP0068,67.62,Web,snapchat
A000976,ORD002386,CAMP0104,68.97,Mobile,google
A000977,ORD002122,CAMP0103,60.64,Mobile,meta
A000978,ORD001440,CAMP0050,49.54,Mobile,tiktok
A000979,ORD001568,CAMP0228,6.51,Mobile,google
A000980,ORD004662,CAMP0227,568.4,Mobile,snapchat
A000981,ORD001996,CAMP0210,119.48,Mobile,meta
A000982,ORD003141,CAMP0027,49.02,Web,tiktok
A000983,ORD003652,CAMP0104,36.64,Mobile,snapchat
A000984,ORD001136,CAMP0093,4.63,Web,snapchat
A000985,ORD003236,CAMP0004,84.3,Mobile,snapchat
A000986,ORD003118,CAMP0218,37.3,Mobile,tiktok
A000987,ORD002085,CAMP0037,25.88,Web,tiktok
A000988,ORD002465,CAMP0170,3.99,Mobile,tiktok
A000989,ORD004161,CAMP0144,126.33,Web,meta
A000990,ORD004505,CAMP0101,80.12,Mobile,snapchat
A000991,ORD001680,CAMP0060,77.22,Mobile,google
A000992,ORD002427,CAMP0096,27.92,Retail,google
A000993,ORD004406,CAMP0057,136.74,Mobile,meta
A000994,ORD001274,CAMP0139,24.77,Mobile,tiktok
A000995,ORD001301,CAMP0242,4.56,Web,snapchat
A000996,ORD004789,CAMP0042,25.8,Web,snapchat
A000997,ORD004812,CAMP0142,21.36,Mobile,meta
A000998,ORD002390,CAMP0002,34.86,Web,tiktok
A000999,ORD000423,CAMP0023,4.63,Web,tiktok
A001000,ORD004495,CAMP0101,5.12,Mobile,snapchat
A001001,ORD001325,CAMP0062,37.67,Mobile,snapchat
A001002,ORD004371,CAMP0146,44.2,Retail,tiktok
A001003,ORD002439,CAMP0051,20.36,Mobile,meta
A001004,ORD000150,CAMP0054,60.6,Mobile,meta
A001005,ORD002078,CAMP0249,297.34,Web,tiktok
A001006,ORD003818,CAMP0013,251.5,Mobile,google
A001007,ORD004485,CAMP0148,68.12,Web,google
A001008,ORD002226,CAMP0189,23.3,Web,meta
A001009,ORD001449,CAMP0136,110.96,Web,snapchat
A001010,ORD002732,CAMP0035,68.37,Web,tiktok
A001011,ORD001914,CAMP0198,71.37,Mobile,tiktok
A001012,ORD000324,CAMP0054,8.75,Mobile,snapchat
A001013,ORD000571,CAMP0071,10.44,Web,snapchat
A001014,ORD000405,CAMP0032,263.64,Mobile,tiktok
A001015,ORD002980,CAMP0084,5.1,Mobile,tiktok
A001016,ORD001234,CAMP0121,277.4,Mobile,meta
A001017,ORD004251,CAMP0042,44.52,Retail,meta
A001018,ORD002308,CAMP0006,122.0,Web,tiktok
A001019,ORD002556,CAMP0235,33.26,Web,google
A001020,ORD004170,CAMP0002,381.91,Mobile,google
A001021,ORD001605,CAMP0052,175.82,Web,meta
A001022,ORD001809,CAMP0120,22.69,Web,snapchat
A001023,ORD003063,CAMP0086,95.6,Web,google
A001024,ORD001087,CAMP0039,80.12,Mobile,tiktok
A001025,ORD001031,CAMP0004,76.18,Web,google
A001026,ORD003986,CAMP0173,18.94,Mobile,tiktok
A001027,ORD003582,CAMP0119,12.65,Retail,google
A001028,ORD002260,CAMP0035,7.04,Web,tiktok
A001029,ORD000044,CAMP0148,74.31,Retail,snapchat
A001030,ORD001116,CAMP0018,195.69,Retail,google
A001031,ORD002564,CAMP0094,334.92,Mobile,google
A001032,ORD000257,CAMP0051,122.0,Web,tiktok
A001033,ORD001645,CAMP0157,341.16,Web,google
A001034,ORD003668,CAMP0128,373.96,Mobile,meta
A001035,ORD001869,CAMP0138,18.3,Web,tiktok
A001036,ORD003001,CAMP0017,66.14,Web,tiktok
A001037,ORD003442,CAMP0245,19.23,Mobile,google
A001038,ORD003923,CAMP0213,7.54,Mobile,meta
A001039,ORD000816,CAMP0196,24.12,Retail,snapchat
A001040,ORD002288,CAMP0130,1145.73,Mobile,meta
A001041,ORD000478,CAMP0075,60.18,Web,snapchat
A001042,ORD004616,CAMP0175,398.95,Retail,meta
A001043,ORD002360,CAMP0077,23.3,Web,google
A001044,ORD002923,CAMP0053,13.26,Retail,tiktok
A001045,ORD000933,CAMP0213,176.04,Web,snapchat
A001046,ORD004420,CAMP0108,24.77,Retail,snapchat
A001047,ORD004982,CAMP0223,341.7,Mobile,meta
A001048,ORD001540,CAMP0157,268.8,Web,snapchat
A001049,ORD004892,CAMP0239,10.43,Web,snapchat
A001050,ORD000281,CAMP0063,59.18,Web,snapchat
A001051,ORD001237,CAMP0121,48.06,Web,snapchat
A001052,ORD001685,CAMP0175,86.77,Web,meta
A001053,ORD001346,CAMP0046,22.44,Retail,tiktok
A001054,ORD003354,CAMP0226,56.7,Web,meta
A001055,ORD000635,CAMP0002,43.62,Web,snapchat
A001056,ORD000852,CAMP0145,21.26,Retail,snapchat
A001057,ORD002257,CAMP0222,238.64,Web,tiktok
A001058,ORD000912,CAMP0157,6.97,Mobile,snapchat
A001059,ORD000293,CAMP0170,183.0,Mobile,meta
A001060,ORD002619,CAMP0027,18.1,Web,tiktok
A001061,ORD000987,CAMP0148,337.65,Mobile,meta
A001062,ORD002214,CAMP0143,1505.6,Mobile,google
A001063,ORD000675,CAMP0040,389.73,Mobile,google
A001064,ORD001620,CAMP0091,104.48,Web,snapchat
A001065,ORD003683,CAMP0154,113.45,Mobile,meta
A001066,ORD001433,CAMP0008,6.6,Retail,meta
A001067,ORD002850,CAMP0189,58.3,Mobile,meta
A001068,ORD001910,CAMP0108,121.1,Web,tiktok
A001069,ORD001858,CAMP0001,88.0,Web,meta
A001070,ORD002366,CAMP0043,234.11,Mobile,snapchat
A001071,ORD000698,CAMP0233,67.74,Mobile,tiktok
A001072,ORD001780,CAMP0084,246.69,Web,tiktok
A001073,ORD001364,CAMP0083,375.05,Web,snapchat
A001074,ORD003552,CAMP0209,11.76,Web,google
A001075,ORD001784,CAMP0055,6.7,Mobile,tiktok
A001076,ORD003974,CAMP0068,264.16,Retail,tiktok
A001077,ORD002450,CAMP0085,24.0,Web,google
A001078,ORD003252,CAMP0067,227.8,Web,google
A001079,ORD003320,CAMP0051,240.36,Web,google
A001080,ORD004893,CAMP0051,23.29,Web,tiktok
A001081,ORD003689,CAMP0050,113.25,Web,snapchat
A001082,ORD002581,CAMP0062,6.14,Web,snapchat
A001083,ORD000255,CAMP0125,35.2,Mobile,tiktok
A001084,ORD004976,CAMP0007,389.73,Retail,snapchat
A001085,ORD001161,CAMP0204,121.89,Web,google
A001086,ORD000251,CAMP0107,7.68,Retail,google
A001087,ORD003594,CAMP0035,15.36,Mobile,snapchat
A001088,ORD001724,CAMP0070,5.15,Web,google
A001089,ORD002876,CAMP0005,151.92,Web,meta
A001090,ORD001607,CAMP0005,120.69,Mobile,snapchat
A001091,ORD000509,CAMP0038,2.93,Mobile,snapchat
A001092,ORD001236,CAMP0068,9.53,Retail,snapchat
A001093,ORD004098,CAMP0188,82.3,Mobile,google
A001094,ORD003313,CAMP0039,7.54,Web,google
A001095,ORD001957,CAMP0019,6.6,Mobile,google
A001096,ORD003899,CAMP0011,33.44,Retail,tiktok
A001097,ORD001473,CAMP0168,338.3,Web,tiktok
A001098,ORD000614,CAMP0114,21.26,Web,google
A001099,ORD000174,CAMP0103,87.3,Web,snapchat
A001100,ORD004088,CAMP0072,9.26,Mobile,tiktok
A001101,ORD004314,CAMP0038,25.99,Mobile,tiktok
A001102,ORD003893,CAMP0069,84.3,Web,tiktok
A001103,ORD001408,CAMP0121,42.52,Web,meta
A001104,ORD003491,CAMP0056,234.11,Mobile,google
A001105,ORD003548,CAMP0063,37.98,Mobile,meta
A001106,ORD003807,CAMP0155,419.16,Web,tiktok
A001107,ORD000468,CAMP0167,49.14,Retail,google
A001108,ORD002868,CAMP0222,234.11,Web,google
A001109,ORD004228,CAMP0238,548.15,Retail,snapchat
A001110,ORD004587,CAMP0191,10.06,Retail,meta
A001111,ORD004489,CAMP0057,446.01,Web,google
A001112,ORD000793,CAMP0090,82.5,Mobile,google
A001113,ORD000056,CAMP0180,5.64,Web,tiktok
A001114,ORD000392,CAMP0095,14.68,Web,meta
A001115,ORD001458,CAMP0195,57.4,Mobile,meta
A001116,ORD002744,CAMP0235,33.81,Retail,tiktok
A001117,ORD002318,CAMP0149,95.1,Mobile,meta
A001118,ORD002111,CAMP0235,71.25,Web,meta
A001119,ORD002821,CAMP0026,27.88,Retail,tiktok
A001120,ORD002759,CAMP0193,16.02,Retail,google
A001121,ORD002136,CAMP0099,92.73,Mobile,google
A001122,ORD001945,CAMP0167,34.9,Web,tiktok
A001123,ORD000153,CAMP0175,18.99,Web,tiktok
A001124,ORD001390,CAMP0070,37.95,Mobile,meta
A001125,ORD001271,CAMP0203,75.96,Retail,google
A001126,ORD000579,CAMP0094,255.87,Mobile,google
A001127,ORD000554,CAMP0238,668.34,Mobile,tiktok
A001128,ORD001564,CAMP0221,12.02,Retail,meta
A001129,ORD001206,CAMP0051,27.45,Web,google
A001130,ORD002488,CAMP0113,36.0,Mobile,google
A001131,ORD000785,CAMP0068,11.22,Web,tiktok
A001132,ORD000858,CAMP0014,15.58,Web,snapchat
A001133,ORD002096,CAMP0014,97.54,Mobile,google
A001134,ORD003534,CAMP0054,49.18,Web,tiktok
A001135,ORD004820,CAMP0086,220.0,Web,google
A001136,ORD000741,CAMP0110,32.87,Mobile,google
A001137,ORD000639,CAMP0073,150.02,Mobile,snapchat
A001138,ORD001656,CAMP0235,137.72,Web,tiktok
A001139,ORD001184,CAMP0157,57.21,Mobile,meta
A001140,ORD004090,CAMP0205,79.79,Web,google
A001141,ORD004153,CAMP0049,20.82,Web,snapchat
A001142,ORD002202,CAMP0248,14.48,Mobile,meta
A001143,ORD003467,CAMP0132,64.05,Web,snapchat
A001144,ORD000479,CAMP0115,168.32,Mobile,tiktok
A001145,ORD003203,CAMP0242,43.12,Web,google
A001146,ORD001499,CAMP0012,5.27,Web,google
A001147,ORD002106,CAMP0134,49.4,Mobile,meta
A001148,ORD001794,CAMP0039,79.9,Mobile,snapchat
A001149,ORD004763,CAMP0175,50.76,Web,tiktok
A001150,ORD001054,CAMP0234,49.54,Retail,google
A001151,ORD002727,CAMP0220,103.52,Retail,tiktok
A001152,ORD002551,CAMP0132,20.01,Web,google
A001153,ORD002914,CAMP0069,69.75,Web,meta
A001154,ORD000115,CAMP0116,21.15,Web,google
A001155,ORD001504,CAMP0120,101.8,Mobile,google
A001156,ORD002554,CAMP0106,49.02,Mobile,snapchat
A001157,ORD000952,CAMP0182,12.25,Mobile,snapchat
A001158,ORD004340,CAMP0140,104.82,Web,snapchat
A001159,ORD003699,CAMP0071,455.32,Web,google
A001160,ORD001514,CAMP0073,910.64,Web,google
A001161,ORD004499,CAMP0185,10.21,Retail,tiktok
A001162,ORD003529,CAMP0249,50.16,Retail,google
A001163,ORD001081,CAMP0112,27.3,Web,google
A001164,ORD003945,CAMP0132,12.95,Retail,snapchat
A001165,ORD000798,CAMP0191,244.9,Mobile,meta
A001166,ORD000701,CAMP0145,73.2,Mobile,snapchat
A001167,ORD004456,CAMP0141,75.01,Web,meta
A001168,ORD004955,CAMP0233,29.36,Web,meta
A001169,ORD004063,CAMP0190,33.93,Retail,meta
A001170,ORD003208,CAMP0011,7.32,Retail,snapchat
A001171,ORD000380,CAMP0137,15.08,Web,snapchat
A001172,ORD004509,CAMP0148,64.05,Mobile,snapchat
A001173,ORD002070,CAMP0213,22.76,Mobile,meta
A001174,ORD004298,CAMP0176,99.21,Mobile,meta
A001175,ORD004159,CAMP0129,594.68,Web,snapchat
A001176,ORD001453,CAMP0238,7.17,Mobile,meta
A001177,ORD002667,CAMP0164,301.16,Mobile,meta
A001178,ORD003798,CAMP0115,29.36,Mobile,meta
A001179,ORD004531,CAMP0104,106.3,Web,google
A001180,ORD001344,CAMP0001,231.66,Mobile,meta
A001181,ORD000696,CAMP0145,45.24,Mobile,snapchat
A001182,ORD000695,CAMP0009,7.32,Mobile,meta
A001183,ORD004430,CAMP0243,32.04,Web,google
A001184,ORD001531,CAMP0024,61.54,Mobile,meta
A001185,ORD004522,CAMP0226,14.64,Web,snapchat
A001186,ORD000905,CAMP0020,71.37,Mobile,meta
A001187,ORD002492,CAMP0004,54.66,Mobile,meta
A001188,ORD001718,CAMP0131,56.82,Web,google
A001189,ORD002445,CAMP0040,7.68,Web,meta
A001190,ORD004317,CAMP0099,48.56,Web,tiktok
A001191,ORD002959,CAMP0059,69.22,Web,google
A001192,ORD002472,CAMP0152,40.86,Mobile,meta
A001193,ORD004186,CAMP0070,7.78,Mobile,meta
A001194,ORD004890,CAMP0037,281.76,Retail,meta
A001195,ORD003316,CAMP0012,60.57,Web,tiktok
A001196,ORD000346,CAMP0185,123.45,Mobile,tiktok
A001197,ORD003599,CAMP0205,3.99,Mobile,google
A001198,ORD001549,CAMP0129,209.58,Web,snapchat
A001199,ORD001933,CAMP0150,53.15,Mobile,tiktok
A001200,ORD001843,CAMP0109,376.98,Retail,snapchat
A001201,ORD002778,CAMP0199,14.82,Retail,snapchat
A001202,ORD000470,CAMP0133,95.1,Web,tiktok
A001203,ORD004654,CAMP0194,267.6,Retail,meta
A001204,ORD002006,CAMP0176,52.41,Mobile,google
A001205,ORD004155,CAMP0234,31.35,Mobile,google
A001206,ORD004663,CAMP0011,36.6,Web,google
A001207,ORD003934,CAMP0199,37.98,Web,google
A001208,ORD003038,CAMP0198,14.93,Web,tiktok
A001209,ORD000195,CAMP0095,52.29,Mobile,google
A001210,ORD002419,CAMP0020,16.7,Mobile,tiktok
A001211,ORD003519,CAMP0158,49.0,Retail,tiktok
A001212,ORD003786,CAMP0117,21.0,Mobile,tiktok
A001213,ORD000964,CAMP0065,44.68,Web,tiktok
A001214,ORD001358,CAMP0140,262.74,Web,snapchat
A001215,ORD002527,CAMP0191,6.34,Retail,snapchat
A001216,ORD004436,CAMP0005,190.89,Web,meta
A001217,ORD002869,CAMP0173,27.14,Mobile,meta
A001218,ORD003051,CAMP0237,47.5,Web,snapchat
A001219,ORD004517,CAMP0248,106.3,Retail,meta
A001220,ORD004621,CAMP0031,38.44,Web,meta
A001221,ORD001262,CAMP0029,50.76,Web,snapchat
A001222,ORD004217,CAMP0036,113.11,Mobile,tiktok
A001223,ORD002345,CAMP0084,25.32,Mobile,snapchat
A001224,ORD000493,CAMP0234,11.47,Web,meta
A001225,ORD000897,CAMP0006,41.25,Web,tiktok
A001226,ORD004971,CAMP0061,30.5,Web,google
A001227,ORD002344,CAMP0077,37.64,Mobile,google
A001228,ORD003695,CAMP0079,6.32,Web,google
A001229,ORD003389,CAMP0236,75.01,Web,google
A001230,ORD004993,CAMP0130,54.24,Mobile,meta
A001231,ORD000532,CAMP0190,25.9,Web,meta
A001232,ORD002830,CAMP0160,33.81,Web,tiktok
A001233,ORD003557,CAMP0086,320.68,Retail,google
A001234,ORD001180,CAMP0226,92.73,Web,meta
A001235,ORD001918,CAMP0162,39.78,Web,tiktok
A001236,ORD004380,CAMP0202,11.74,Web,meta
A001237,ORD000717,CAMP0020,121.28,Web,tiktok
A001238,ORD000926,CAMP0232,222.78,Retail,snapchat
A001239,ORD004059,CAMP0042,8.46,Mobile,google
A001240,ORD002872,CAMP0214,251.5,Retail,tiktok
A001241,ORD004534,CAMP0019,85.04,Web,google
A001242,ORD001393,CAMP0188,125.92,Mobile,snapchat
A001243,ORD003226,CAMP0133,8.19,Mobile,google
A001244,ORD000735,CAMP0205,11.24,Web,meta
A001245,ORD004148,CAMP0082,160.34,Web,meta
A001246,ORD001384,CAMP0063,159.8,Web,snapchat
A001247,ORD001338,CAMP0033,16.39,Web,google
A001248,ORD000743,CAMP0200,10.21,Mobile,google
A001249,ORD002124,CAMP0070,71.34,Web,tiktok
A001250,ORD003940,CAMP0139,108.3,Mobile,meta
A001251,ORD000624,CAMP0069,116.72,Mobile,tiktok
A001252,ORD002662,CAMP0060,9.53,Mobile,snapchat
A001253,ORD003593,CAMP0190,160.34,Mobile,snapchat
A001254,ORD002180,CAMP0119,20.19,Retail,tiktok
A001255,ORD003082,CAMP0224,76.28,Web,meta
A001256,ORD004072,CAMP0134,12.68,Mobile,tiktok
A001257,ORD000268,CAMP0002,42.7,Mobile,meta
A001258,ORD003822,CAMP0237,26.8,Web,snapchat
A001259,ORD000861,CAMP0187,167.68,Mobile,meta
A001260,ORD000605,CAMP0206,73.2,Web,google
A001261,ORD003674,CAMP0230,17.36,Web,meta
A001262,ORD003696,CAMP0150,4.52,Mobile,snapchat
A001263,ORD004439,CAMP0120,25.99,Web,meta
A001264,ORD004873,CAMP0006,262.74,Mobile,tiktok
A001265,ORD001842,CAMP0238,14.34,Mobile,google
A001266,ORD004415,CAMP0069,426.45,Web,meta
A001267,ORD000338,CAMP0075,60.18,Mobile,tiktok
A001268,ORD004904,CAMP0108,15.16,Mobile,meta
A001269,ORD000485,CAMP0157,5.27,Web,meta
A001270,ORD000991,CAMP0057,120.6,Mobile,meta
A001271,ORD004808,CAMP0108,127.78,Mobile,tiktok
A001272,ORD004776,CAMP0006,270.68,Web,meta
A001273,ORD003569,CAMP0048,147.06,Web,tiktok
A001274,ORD003470,CAMP0003,67.66,Retail,meta
A001275,ORD003332,CAMP0148,209.76,Web,tiktok
A001276,ORD004254,CAMP0120,438.52,Mobile,google
A001277,ORD004119,CAMP0134,369.85,Retail,meta
A001278,ORD001509,CAMP0155,13.57,Web,meta
A001279,ORD002081,CAMP0136,21.35,Web,snapchat
A001280,ORD002374,CAMP0050,176.0,Mobile,google
A001281,ORD004419,CAMP0110,41.7,Web,google
A001282,ORD001608,CAMP0207,13.68,Web,tiktok
A001283,ORD003444,CAMP0057,106.1,Mobile,snapchat
A001284,ORD003053,CAMP0244,3.71,Retail,google
A001285,ORD000600,CAMP0079,13.26,Web,google
A001286,ORD000421,CAMP0173,52.08,Web,google
A001287,ORD004133,CAMP0105,59.72,Web,meta
A001288,ORD002720,CAMP0236,45.24,Web,meta
A001289,ORD001888,CAMP0096,22.69,Web,snapchat
A001290,ORD000555,CAMP0059,53.14,Mobile,google
A001291,ORD004326,CAMP0229,18.0,Mobile,tiktok
A001292,ORD000086,CAMP0136,14.53,Mobile,snapchat
A001293,ORD000729,CAMP0210,17.71,Retail,tiktok
A001294,ORD002333,CAMP0141,96.48,Web,tiktok
A001295,ORD000545,CAMP0017,12.87,Web,snapchat
A001296,ORD004407,CAMP0173,6.0,Mobile,tiktok
A001297,ORD004192,CAMP0148,13.65,Web,snapchat
A001298,ORD001448,CAMP0063,231.36,Web,snapchat
A001299,ORD000021,CAMP0092,5.88,Web,google
A001300,ORD000267,CAMP0189,72.06,Web,tiktok
A001301,ORD002964,CAMP0062,157.16,Web,google
A001302,ORD000822,CAMP0248,15.09,Web,meta
A001303,ORD002459,CAMP0248,10.82,Mobile,google
A001304,ORD004706,CAMP0103,19.6,Web,meta
A001305,ORD001413,CAMP0119,65.73,Web,meta
A001306,ORD004141,CAMP0159,207.85,Web,meta
A001307,ORD001861,CAMP0006,77.64,Mobile,snapchat
A001308,ORD003872,CAMP0034,18.55,Web,snapchat
A001309,ORD002812,CAMP0003,57.36,Web,meta
A001310,ORD004934,CAMP0106,55.83,Mobile,meta
A001311,ORD001110,CAMP0228,25.26,Mobile,google
A001312,ORD004661,CAMP0133,11.65,Web,meta
A001313,ORD004953,CAMP0216,96.96,Web,snapchat
A001314,ORD004412,CAMP0240,437.9,Web,meta
A001315,ORD002937,CAMP0136,11.89,Mobile,meta
A001316,ORD001203,CAMP0179,246.3,Web,meta
A001317,ORD001941,CAMP0182,97.42,Mobile,google
A001318,ORD003253,CAMP0009,20.91,Web,meta
A001319,ORD004453,CAMP0015,8.4,Retail,meta
A001320,ORD000097,CAMP0142,608.7,Mobile,google
A001321,ORD004110,CAMP0172,17.43,Web,google
A001322,ORD000863,CAMP0122,54.66,Web,google
A001323,ORD004924,CAMP0048,763.56,Mobile,snapchat
A001324,ORD002069,CAMP0024,82.5,Web,meta
A001325,ORD002708,CAMP0031,216.6,Retail,snapchat
A001326,ORD004036,CAMP0194,55.02,Mobile,tiktok
A001327,ORD004291,CAMP0049,13.26,Web,google
A001328,ORD000074,CAMP0107,17.82,Mobile,meta
A001329,ORD001590,CAMP0237,33.81,Mobile,google
A001330,ORD004586,CAMP0052,12.68,Mobile,meta
A001331,ORD000060,CAMP0143,7.08,Mobile,meta
A001332,ORD004438,CAMP0138,10.44,Mobile,google
A001333,ORD000352,CAMP0163,12.22,Mobile,snapchat
A001334,ORD003432,CAMP0144,9.26,Mobile,tiktok
A001335,ORD002592,CAMP0024,212.56,Web,meta
A001336,ORD003931,CAMP0200,111.64,Mobile,google
A001337,ORD003173,CAMP0102,102.52,Retail,meta
A001338,ORD003601,CAMP0093,45.54,Mobile,google
A001339,ORD004783,CAMP0102,150.58,Web,tiktok
A001340,ORD004891,CAMP0044,60.08,Web,snapchat
A001341,ORD000160,CAMP0053,37.16,Mobile,meta
A001342,ORD004545,CAMP0036,66.04,Web,google
A001343,ORD003518,CAMP0236,319.16,Retail,google
A001344,ORD000993,CAMP0126,10.03,Web,meta
A001345,ORD001061,CAMP0114,117.23,Mobile,snapchat
A001346,ORD002568,CAMP0122,73.62,Mobile,snapchat
A001347,ORD004903,CAMP0168,17.82,Web,tiktok
A001348,ORD002479,CAMP0161,42.0,Mobile,meta
A001349,ORD003399,CAMP0097,75.01,Mobile,google
A001350,ORD004292,CAMP0009,34.2,Web,tiktok
A001351,ORD000458,CAMP0180,203.46,Web,google
A001352,ORD001162,CAMP0183,28.16,Mobile,tiktok
A001353,ORD003360,CAMP0074,245.28,Web,meta
A001354,ORD001164,CAMP0190,7.79,Web,meta
A001355,ORD001016,CAMP0242,380.85,Web,google
A001356,ORD000212,CAMP0031,26.8,Mobile,snapchat
A001357,ORD000192,CAMP0066,33.72,Mobile,meta
A001358,ORD001093,CAMP0185,80.12,Mobile,tiktok
A001359,ORD000562,CAMP0075,18.1,Web,snapchat
A001360,ORD002823,CAMP0131,38.94,Mobile,snapchat
A001361,ORD003388,CAMP0090,21.12,Web,meta
A001362,ORD000492,CAMP0084,68.12,Web,tiktok
A001363,ORD001255,CAMP0165,23.25,Mobile,meta
A001364,ORD000390,CAMP0216,96.15,Mobile,google
A001365,ORD004210,CAMP0104,89.35,Web,snapchat
A001366,ORD002644,CAMP0009,233.44,Web,meta
A001367,ORD003532,CAMP0227,9.12,Mobile,snapchat
A001368,ORD001349,CAMP0176,116.25,Mobile,tiktok
A001369,ORD002232,CAMP0244,47.64,Mobile,meta
A001370,ORD004860,CAMP0064,110.96,Web,tiktok
A001371,ORD003605,CAMP0226,20.42,Web,tiktok
A001372,ORD002754,CAMP0222,56.1,Mobile,meta
A001373,ORD003908,CAMP0178,253.9,Mobile,google
A001374,ORD004069,CAMP0086,110.96,Mobile,google
A001375,ORD004743,CAMP0143,23.15,Web,tiktok
A001376,ORD001474,CAMP0205,189.29,Web,tiktok
A001377,ORD004956,CAMP0056,351.64,Mobile,meta
A001378,ORD004546,CAMP0081,25.74,Web,meta
A001379,ORD002017,CAMP0240,9.05,Mobile,snapchat
A001380,ORD003167,CAMP0137,58.6,Web,meta
A001381,ORD000586,CAMP0174,44.1,Web,tiktok
A001382,ORD004401,CAMP0226,23.95,Mobile,meta
A001383,ORD000226,CAMP0010,5.1,Retail,tiktok
A001384,ORD001696,CAMP0040,23.48,Web,tiktok
A001385,ORD000128,CAMP0065,27.24,Web,tiktok
A001386,ORD000810,CAMP0119,20.26,Retail,snapchat
A001387,ORD000350,CAMP0007,90.0,Web,google
A001388,ORD001471,CAMP0092,312.72,Retail,meta
A001389,ORD004711,CAMP0232,52.44,Web,google
A001390,ORD003950,CAMP0187,583.6,Mobile,snapchat
A001391,ORD000307,CAMP0189,49.72,Web,meta
A001392,ORD002305,CAMP0043,30.0,Web,google
A001393,ORD002267,CAMP0049,9.53,Web,meta
A001394,ORD001395,CAMP0068,77.13,Web,tiktok
A001395,ORD003258,CAMP0058,14.98,Mobile,snapchat
A001396,ORD003938,CAMP0178,14.7,Mobile,tiktok
A001397,ORD003386,CAMP0129,22.74,Web,snapchat
A001398,ORD003939,CAMP0136,34.61,Web,google
A001399,ORD002094,CAMP0080,18.0,Web,snapchat
A001400,ORD003655,CAMP0212,227.65,Web,meta
A001401,ORD000050,CAMP0001,207.85,Mobile,google
A001402,ORD004083,CAMP0039,64.05,Mobile,snapchat
A001403,ORD002001,CAMP0196,13.57,Mobile,google
A001404,ORD000714,CAMP0137,10.28,Retail,google
A001405,ORD000601,CAMP0050,34.72,Web,meta
A001406,ORD002901,CAMP0064,32.33,Web,tiktok
A001407,ORD004372,CAMP0211,25.32,Web,snapchat
A001408,ORD003408,CAMP0141,113.01,Web,meta
A001409,ORD000645,CAMP0012,48.04,Retail,snapchat
A001410,ORD002709,CAMP0089,48.08,Retail,meta
A001411,ORD002887,CAMP0100,47.56,Mobile,meta
A001412,ORD000550,CAMP0161,51.9,Web,tiktok
A001413,ORD002430,CAMP0190,47.64,Mobile,google
A001414,ORD001124,CAMP0192,69.22,Mobile,snapchat
A001415,ORD001140,CAMP0130,11.65,Mobile,meta
A001416,ORD001487,CAMP0029,14.08,Web,snapchat
A001417,ORD001113,CAMP0090,25.26,Web,google
A001418,ORD001077,CAMP0175,72.9,Web,snapchat
A001419,ORD001827,CAMP0040,55.03,Mobile,tiktok
A001420,ORD004729,CAMP0199,71.31,Web,meta
A001421,ORD000306,CAMP0198,243.44,Retail,google
A001422,ORD001550,CAMP0163,5.64,Web,meta
A001423,ORD003700,CAMP0077,46.36,Mobile,snapchat
A001424,ORD003589,CAMP0011,133.04,Mobile,meta
A001425,ORD004800,CAMP0215,110.06,Mobile,google
A001426,ORD000937,CAMP0187,13.62,Web,meta
A001427,ORD000871,CAMP0206,175.16,Mobile,google
A001428,ORD003204,CAMP0023,17.87,Mobile,google
A001429,ORD001671,CAMP0042,108.66,Web,snapchat
A001430,ORD001409,CAMP0156,16.7,Mobile,google
A001431,ORD000461,CAMP0198,126.95,Web,tiktok
A001432,ORD001853,CAMP0248,11.11,Retail,snapchat
A001433,ORD000387,CAMP0011,167.64,Mobile,snapchat
A001434,ORD004912,CAMP0021,90.12,Mobile,google
A001435,ORD002949,CAMP0247,109.63,Web,snapchat
A001436,ORD000652,CAMP0070,7.04,Retail,snapchat
A001437,ORD001435,CAMP0002,58.9,Mobile,tiktok
A001438,ORD000113,CAMP0215,373.96,Web,snapchat
A001439,ORD000767,CAMP0127,16.97,Web,tiktok
A001440,ORD004237,CAMP0237,61.64,Mobile,google
A001441,ORD002175,CAMP0207,35.22,Mobile,meta
A001442,ORD001851,CAMP0093,92.73,Web,meta
A001443,ORD001109,CAMP0075,66.14,Retail,google
A001444,ORD002055,CAMP0051,25.1,Web,tiktok
A001445,ORD001736,CAMP0132,21.12,Web,google
A001446,ORD003967,CAMP0223,77.88,Web,meta
A001447,ORD002916,CAMP0153,112.55,Mobile,snapchat
A001448,ORD003387,CAMP0173,101.12,Mobile,google
A001449,ORD004455,CAMP0232,262.05,Web,snapchat
A001450,ORD003937,CAMP0102,46.5,Retail,meta
A001451,ORD000402,CAMP0052,2.93,Retail,meta
A001452,ORD001462,CAMP0222,11.24,Web,snapchat
A001453,ORD003391,CAMP0232,14.53,Web,snapchat
A001454,ORD000890,CAMP0041,12.22,Retail,google
A001455,ORD003831,CAMP0091,30.69,Web,meta
A001456,ORD002723,CAMP0157,37.29,Web,google
A001457,ORD003459,CAMP0243,55.74,Mobile,tiktok
A001458,ORD004354,CAMP0102,202.24,Mobile,google
A001459,ORD004778,CAMP0015,57.69,Mobile,tiktok
A001460,ORD000469,CAMP0053,125.44,Mobile,google
A001461,ORD003646,CAMP0014,25.39,Web,meta
A001462,ORD003488,CAMP0113,172.9,Web,snapchat
A001463,ORD004275,CAMP0235,44.44,Web,tiktok
A001464,ORD001158,CAMP0015,26.25,Mobile,meta
A001465,ORD002740,CAMP0172,19.24,Mobile,tiktok
A001466,ORD000981,CAMP0240,36.68,Web,meta
A001467,ORD003097,CAMP0042,100.66,Web,meta
A001468,ORD001232,CAMP0078,58.2,Web,snapchat
A001469,ORD000828,CAMP0210,417.92,Web,snapchat
A001470,ORD000898,CAMP0008,252.66,Mobile,tiktok
A001471,ORD000190,CAMP0083,62.55,Web,meta
A001472,ORD000108,CAMP0144,57.69,Mobile,tiktok
A001473,ORD004441,CAMP0086,255.56,Mobile,snapchat
A001474,ORD001924,CAMP0113,190.89,Web,snapchat
A001475,ORD000473,CAMP0067,31.14,Retail,tiktok
A001476,ORD000241,CAMP0064,12.87,Mobile,google
A001477,ORD004355,CAMP0087,90.76,Web,snapchat
A001478,ORD002005,CAMP0002,26.64,Web,tiktok
A001479,ORD003314,CAMP0246,31.48,Web,tiktok
A001480,ORD004571,CAMP0185,78.08,Web,meta
A001481,ORD004585,CAMP0232,21.9,Web,meta
A001482,ORD004611,CAMP0100,381.78,Web,snapchat
A001483,ORD003806,CAMP0237,73.4,Web,snapchat
A001484,ORD002496,CAMP0021,12.68,Web,google
A001485,ORD004550,CAMP0157,121.5,Web,tiktok
A001486,ORD003508,CAMP0107,38.71,Web,meta
A001487,ORD001292,CAMP0065,121.1,Retail,tiktok
A001488,ORD002068,CAMP0225,348.85,Mobile,snapchat
A001489,ORD001192,CAMP0209,59.66,Mobile,snapchat
A001490,ORD000732,CAMP0157,9.8,Web,tiktok
A001491,ORD000753,CAMP0136,14.48,Mobile,meta
A001492,ORD001374,CAMP0077,18.88,Mobile,tiktok
A001493,ORD003856,CAMP0049,33.5,Retail,google
A001494,ORD002622,CAMP0245,12.79,Mobile,snapchat
A001495,ORD004165,CAMP0188,71.48,Web,snapchat
A001496,ORD001046,CAMP0158,8.8,Web,snapchat
A001497,ORD002686,CAMP0195,41.04,Mobile,tiktok
A001498,ORD000248,CAMP0025,34.68,Mobile,google
A001499,ORD000019,CAMP0008,13.2,Web,tiktok
A001500,ORD003411,CAMP0085,32.52,Mobile,meta
A001501,ORD004484,CAMP0211,97.87,Mobile,snapchat
A001502,ORD001954,CAMP0064,15.35,Mobile,meta
A001503,ORD000665,CAMP0025,64.8,Retail,tiktok
A001504,ORD004584,CAMP0093,312.72,Mobile,google
A001505,ORD001267,CAMP0199,9.04,Retail,tiktok
A001506,ORD001498,CAMP0161,2.28,Retail,snapchat
A001507,ORD004590,CAMP0148,222.78,Web,snapchat
A001508,ORD003150,CAMP0018,13.32,Web,tiktok
A001509,ORD000904,CAMP0043,131.82,Web,google
A001510,ORD002705,CAMP0073,233.42,Mobile,tiktok
A001511,ORD001598,CAMP0153,227.65,Retail,tiktok
A001512,ORD004003,CAMP0015,3.54,Mobile,snapchat
A001513,ORD002112,CAMP0068,16.7,Mobile,google
A001514,ORD003639,CAMP0011,67.66,Mobile,google
A001515,ORD000754,CAMP0247,149.79,Web,meta
A001516,ORD000832,CAMP0103,31.8,Mobile,tiktok
A001517,ORD004313,CAMP0008,67.88,Web,google
A001518,ORD004211,CAMP0075,2.96,Web,meta
A001519,ORD000520,CAMP0088,49.44,Web,tiktok
A001520,ORD002074,CAMP0012,308.48,Web,google
A001521,ORD003895,CAMP0047,31.35,Mobile,google
A001522,ORD000046,CAMP0171,38.9,Web,tiktok
A001523,ORD000444,CAMP0240,66.9,Web,google
A001524,ORD004345,CAMP0174,522.4,Mobile,google
A001525,ORD000854,CAMP0184,450.2,Mobile,google
A001526,ORD004826,CAMP0014,57.36,Mobile,tiktok
A001527,ORD003048,CAMP0015,2.93,Mobile,snapchat
A001528,ORD000636,CAMP0025,297.34,Web,google
A001529,ORD003620,CAMP0038,17.5,Mobile,meta
A001530,ORD002024,CAMP0005,103.9,Mobile,meta
A001531,ORD004738,CAMP0250,60.64,Web,meta
A001532,ORD002195,CAMP0086,2.82,Mobile,snapchat
A001533,ORD000362,CAMP0184,123.08,Retail,tiktok
A001534,ORD000386,CAMP0171,20.36,Web,google
A001535,ORD001710,CAMP0030,38.71,Retail,google
A001536,ORD000425,CAMP0005,188.58,Retail,google
A001537,ORD003211,CAMP0186,638.9,Web,snapchat
A001538,ORD000508,CAMP0166,9.26,Mobile,snapchat
A001539,ORD003884,CAMP0065,24.44,Retail,snapchat
A001540,ORD003288,CAMP0169,50.3,Mobile,tiktok
A001541,ORD004466,CAMP0068,45.02,Web,snapchat
A001542,ORD000507,CAMP0144,72.16,Web,snapchat
A001543,ORD000853,CAMP0008,264.72,Retail,google
A001544,ORD004622,CAMP0189,103.9,Web,google
A001545,ORD003070,CAMP0022,48.98,Mobile,meta
A001546,ORD004639,CAMP0231,154.24,Retail,snapchat
A001547,ORD002951,CAMP0213,45.75,Web,meta
A001548,ORD001001,CAMP0250,111.68,Web,meta
A001549,ORD004597,CAMP0249,194.84,Retail,tiktok
A001550,ORD003396,CAMP0075,24.59,Retail,google
A001551,ORD000903,CAMP0027,32.0,Mobile,tiktok
A001552,ORD002023,CAMP0182,251.5,Mobile,google
A001553,ORD000077,CAMP0035,53.27,Web,meta
A001554,ORD000129,CAMP0088,53.05,Mobile,meta
A001555,ORD001692,CAMP0131,214.08,Mobile,google
A001556,ORD000185,CAMP0134,15.13,Web,tiktok
A001557,ORD001291,CAMP0117,26.52,Web,meta
A001558,ORD002563,CAMP0091,166.28,Retail,snapchat
A001559,ORD001895,CAMP0016,94.08,Web,meta
A001560,ORD002067,CAMP0044,15.09,Web,google
A001561,ORD002107,CAMP0149,97.54,Web,tiktok
A001562,ORD000291,CAMP0069,24.04,Web,tiktok
A001563,ORD003359,CAMP0080,37.64,Mobile,tiktok
A001564,ORD003224,CAMP0014,101.12,Retail,meta
A001565,ORD002926,CAMP0231,28.96,Retail,meta
A001566,ORD002393,CAMP0152,33.44,Web,tiktok
A001567,ORD003436,CAMP0127,44.1,Mobile,tiktok
A001568,ORD003433,CAMP0227,45.54,Web,snapchat
A001569,ORD001998,CAMP0215,45.88,Web,tiktok
A001570,ORD003021,CAMP0013,39.37,Web,tiktok
A001571,ORD002401,CAMP0015,101.43,Web,tiktok
A001572,ORD000944,CAMP0168,75.01,Mobile,snapchat
A001573,ORD002190,CAMP0234,18.34,Web,snapchat
A001574,ORD003300,CAMP0057,26.52,Web,tiktok
A001575,ORD001220,CAMP0175,316.0,Mobile,meta
A001576,ORD004723,CAMP0076,36.06,Web,tiktok
A001577,ORD004591,CAMP0242,17.5,Mobile,tiktok
A001578,ORD003810,CAMP0057,245.28,Mobile,snapchat
A001579,ORD000079,CAMP0242,33.26,Web,snapchat
A001580,ORD000833,CAMP0173,6.32,Mobile,tiktok
A001581,ORD003345,CAMP0113,84.16,Web,google
A001582,ORD001947,CAMP0176,66.93,Retail,google
A001583,ORD004538,CAMP0192,98.62,Mobile,tiktok
A001584,ORD001000,CAMP0186,123.7,Mobile,meta
A001585,ORD003797,CAMP0189,30.04,Web,snapchat
A001586,ORD002653,CAMP0017,6.97,Mobile,google
A001587,ORD001533,CAMP0234,126.8,Retail,tiktok
A001588,ORD001144,CAMP0203,14.82,Web,google
A001589,ORD001363,CAMP0027,38.12,Mobile,tiktok
A001590,ORD001266,CAMP0118,8.8,Mobile,meta
A001591,ORD001525,CAMP0224,231.66,Web,meta
A001592,ORD002321,CAMP0185,44.04,Mobile,tiktok
A001593,ORD002468,CAMP0242,7.79,Web,tiktok
A001594,ORD003347,CAMP0184,10.21,Web,snapchat
A001595,ORD003445,CAMP0132,25.8,Web,tiktok
A001596,ORD003249,CAMP0055,312.72,Web,meta
A001597,ORD002827,CAMP0054,16.32,Web,tiktok
A001598,ORD001243,CAMP0059,83.14,Retail,tiktok
A001599,ORD002617,CAMP0179,69.57,Web,meta
A001600,ORD002443,CAMP0172,2.28,Web,meta
A001601,ORD003415,CAMP0018,11.38,Mobile,tiktok
A001602,ORD003485,CAMP0154,87.24,Mobile,google
A001603,ORD003909,CAMP0025,25.39,Mobile,meta
A001604,ORD004507,CAMP0219,66.8,Web,tiktok
A001605,ORD004728,CAMP0006,103.29,Retail,google
A001606,ORD004951,CAMP0171,14.93,Retail,snapchat
A001607,ORD002691,CAMP0202,55.84,Mobile,meta
A001608,ORD003738,CAMP0060,242.4,Web,tiktok
A001609,ORD001111,CAMP0111,24.28,Web,snapchat
A001610,ORD001239,CAMP0023,116.6,Mobile,google
A001611,ORD001678,CAMP0019,50.1,Web,tiktok
A001612,ORD000210,CAMP0229,37.98,Web,tiktok
A001613,ORD001832,CAMP0100,189.64,Mobile,meta
A001614,ORD004294,CAMP0232,13.26,Web,google
A001615,ORD003972,CAMP0172,36.44,Web,meta
A001616,ORD001719,CAMP0210,52.44,Web,meta
A001617,ORD002370,CAMP0102,164.46,Retail,google
A001618,ORD000247,CAMP0014,8.4,Mobile,tiktok
A001619,ORD001576,CAMP0085,44.44,Web,snapchat
A001620,ORD003342,CAMP0065,82.1,Mobile,snapchat
A001621,ORD001734,CAMP0227,50.76,Web,tiktok
A001622,ORD002562,CAMP0079,30.09,Web,meta
A001623,ORD001731,CAMP0093,64.0,Mobile,snapchat
A001624,ORD003133,CAMP0169,120.48,Web,google
A001625,ORD001219,CAMP0057,159.58,Web,meta
A001626,ORD001526,CAMP0132,208.96,Retail,meta
A001627,ORD001123,CAMP0099,10.21,Mobile,snapchat
A001628,ORD001488,CAMP0137,330.75,Mobile,snapchat
A001629,ORD002410,CAMP0078,187.84,Web,google
A001630,ORD004234,CAMP0248,131.82,Web,meta
A001631,ORD003595,CAMP0013,205.3,Web,meta
A001632,ORD002998,CAMP0153,356.85,Web,google
A001633,ORD003978,CAMP0161,69.72,Web,snapchat
A001634,ORD002507,CAMP0021,13.94,Web,google
A001635,ORD003598,CAMP0018,22.94,Web,snapchat
A001636,ORD000940,CAMP0197,4.56,Mobile,meta
A001637,ORD000121,CAMP0145,60.03,Mobile,google
A001638,ORD003982,CAMP0032,18.24,Web,snapchat
A001639,ORD003983,CAMP0024,386.96,Mobile,meta
A001640,ORD001039,CAMP0102,24.97,Web,snapchat
A001641,ORD003064,CAMP0009,67.82,Retail,snapchat
A001642,ORD003886,CAMP0029,22.1,Retail,snapchat
A001643,ORD001101,CAMP0180,13.26,Web,google
A001644,ORD003157,CAMP0150,5.27,Mobile,snapchat
A001645,ORD003484,CAMP0063,262.05,Retail,meta
A001646,ORD002035,CAMP0165,4.66,Web,snapchat
A001647,ORD003585,CAMP0172,197.24,Web,meta
A001648,ORD001260,CAMP0112,175.82,Web,meta
A001649,ORD004302,CAMP0038,132.03,Web,snapchat
A001650,ORD002398,CAMP0057,86.8,Mobile,google
A001651,ORD002946,CAMP0064,142.89,Web,google
A001652,ORD004784,CAMP0238,133.96,Web,tiktok
A001653,ORD001452,CAMP0249,14.53,Web,meta
A001654,ORD001300,CAMP0131,852.6,Retail,google
A001655,ORD002707,CAMP0122,12.87,Mobile,snapchat
A001656,ORD004471,CAMP0113,18.2,Web,google
A001657,ORD000067,CAMP0025,5.88,Web,google
A001658,ORD003870,CAMP0085,19.06,Mobile,meta
A001659,ORD000531,CAMP0177,54.33,Retail,snapchat
A001660,ORD004424,CAMP0125,227.8,Mobile,google
A001661,ORD002229,CAMP0153,7.98,Mobile,snapchat
A001662,ORD004394,CAMP0202,10.28,Web,snapchat
A001663,ORD002065,CAMP0178,49.18,Web,meta
A001664,ORD000494,CAMP0220,16.72,Web,meta
A001665,ORD002813,CAMP0012,27.92,Retail,snapchat
A001666,ORD002015,CAMP0227,151.81,Web,snapchat
A001667,ORD002761,CAMP0090,7.79,Web,meta
A001668,ORD001981,CAMP0229,95.0,Web,meta
A001669,ORD004530,CAMP0071,15.09,Web,snapchat
A001670,ORD004279,CAMP0078,7.98,Mobile,meta
A001671,ORD001833,CAMP0073,60.64,Mobile,tiktok
A001672,ORD002052,CAMP0126,202.9,Mobile,google
A001673,ORD000034,CAMP0224,82.12,Retail,tiktok
A001674,ORD001258,CAMP0006,91.06,Web,google
A001675,ORD004632,CAMP0102,41.25,Retail,tiktok
A001676,ORD000188,CAMP0126,7.79,Mobile,tiktok
A001677,ORD001872,CAMP0241,99.29,Web,google
A001678,ORD002710,CAMP0055,30.69,Web,snapchat
A001679,ORD001334,CAMP0133,64.0,Web,tiktok
A001680,ORD002810,CAMP0250,34.86,Web,tiktok
A001681,ORD001902,CAMP0246,122.64,Web,snapchat
A001682,ORD001695,CAMP0091,126.8,Web,meta
A001683,ORD004285,CAMP0104,36.81,Web,meta
A001684,ORD004160,CAMP0134,166.28,Web,tiktok
A001685,ORD000294,CAMP0163,66.15,Web,google
A001686,ORD002135,CAMP0202,61.0,Web,tiktok
A001687,ORD000004,CAMP0225,7.72,Retail,google
A001688,ORD001623,CAMP0112,38.09,Web,meta
A001689,ORD002663,CAMP0149,903.36,Web,meta
A001690,ORD003726,CAMP0234,82.15,Retail,snapchat
A001691,ORD003016,CAMP0094,53.76,Mobile,meta
A001692,ORD004289,CAMP0061,99.86,Mobile,meta
A001693,ORD002769,CAMP0129,312.0,Mobile,meta
A001694,ORD000908,CAMP0160,13.62,Mobile,snapchat
A001695,ORD002985,CAMP0126,284.2,Web,google
A001696,ORD004823,CAMP0082,107.04,Web,tiktok
A001697,ORD003353,CAMP0061,28.68,Retail,tiktok
A001698,ORD004174,CAMP0088,61.64,Mobile,meta
A001699,ORD002242,CAMP0199,48.04,Web,google
A001700,ORD001036,CAMP0173,47.9,Web,google
A001701,ORD003904,CAMP0077,109.63,Web,tiktok
A001702,ORD003289,CAMP0087,29.4,Mobile,google
A001703,ORD003747,CAMP0079,82.15,Web,google
A001704,ORD004997,CAMP0211,45.75,Web,snapchat
A001705,ORD000258,CAMP0196,29.36,Mobile,meta
A001706,ORD001913,CAMP0136,16.26,Web,snapchat
A001707,ORD003772,CAMP0162,8.29,Mobile,snapchat
A001708,ORD002896,CAMP0059,223.94,Retail,tiktok
A001709,ORD001318,CAMP0186,148.2,Mobile,google
A001710,ORD000764,CAMP0085,41.15,Mobile,google
A001711,ORD004282,CAMP0118,19.47,Mobile,google
A001712,ORD001485,CAMP0105,402.64,Mobile,meta
A001713,ORD004450,CAMP0116,81.04,Web,tiktok
A001714,ORD001529,CAMP0096,351.64,Mobile,google
A001715,ORD000808,CAMP0021,15.96,Web,tiktok
A001716,ORD002203,CAMP0068,85.04,Web,meta
A001717,ORD003658,CAMP0247,42.51,Web,google
A001718,ORD001862,CAMP0002,31.8,Mobile,snapchat
A001719,ORD002029,CAMP0070,102.52,Mobile,google
A001720,ORD004233,CAMP0021,27.57,Retail,meta
A001721,ORD004208,CAMP0207,37.45,Mobile,tiktok
A001722,ORD001130,CAMP0015,66.9,Web,google
A001723,ORD002342,CAMP0180,18.94,Mobile,snapchat
A001724,ORD002141,CAMP0131,61.0,Web,meta
A001725,ORD000025,CAMP0169,51.16,Web,google
A001726,ORD001578,CAMP0233,66.93,Web,snapchat
A001727,ORD001252,CAMP0228,25.5,Mobile,meta
A001728,ORD004753,CAMP0147,14.08,Mobile,google
A001729,ORD004361,CAMP0186,19.22,Retail,google
A001730,ORD003324,CAMP0249,166.28,Mobile,tiktok
A001731,ORD004100,CAMP0197,23.04,Web,google
A001732,ORD003115,CAMP0061,97.54,Mobile,tiktok
A001733,ORD004671,CAMP0139,6.97,Web,tiktok
A001734,ORD000602,CAMP0010,69.77,Web,meta
A001735,ORD000356,CAMP0114,80.04,Web,snapchat
A001736,ORD003761,CAMP0076,99.08,Web,tiktok
A001737,ORD002828,CAMP0058,40.23,Web,google
A001738,ORD002395,CAMP0092,20.12,Mobile,snapchat
A001739,ORD004715,CAMP0100,18.24,Mobile,tiktok
A001740,ORD003838,CAMP0058,34.61,Web,meta
A001741,ORD001457,CAMP0068,212.56,Web,tiktok
A001742,ORD001974,CAMP0039,20.6,Mobile,tiktok
A001743,ORD003924,CAMP0061,10.63,Mobile,snapchat
A001744,ORD000220,CAMP0149,55.83,Web,tiktok
A001745,ORD000053,CAMP0071,51.9,Mobile,snapchat
A001746,ORD004118,CAMP0220,455.6,Web,google
A001747,ORD002272,CAMP0175,14.68,Web,snapchat
A001748,ORD001965,CAMP0095,7.3,Web,snapchat
A001749,ORD000617,CAMP0012,383.34,Web,tiktok
A001750,ORD003577,CAMP0002,135.75,Web,tiktok
A001751,ORD000084,CAMP0065,16.26,Web,google
A001752,ORD001848,CAMP0214,79.79,Mobile,tiktok
A001753,ORD001966,CAMP0049,8.84,Web,meta
A001754,ORD000505,CAMP0066,17.36,Web,snapchat
A001755,ORD000709,CAMP0113,142.62,Mobile,meta
A001756,ORD003968,CAMP0021,41.91,Retail,tiktok
A001757,ORD001738,CAMP0201,11.47,Web,tiktok
A001758,ORD002519,CAMP0215,13.74,Web,snapchat
A001759,ORD000806,CAMP0043,193.48,Web,meta
A001760,ORD001165,CAMP0133,50.78,Web,google
A001761,ORD000913,CAMP0232,184.6,Web,tiktok
A001762,ORD001661,CAMP0191,66.04,Web,google
A001763,ORD003815,CAMP0034,109.63,Mobile,google
A001764,ORD002666,CAMP0147,106.54,Web,meta
A001765,ORD004465,CAMP0209,24.54,Web,tiktok
A001766,ORD002299,CAMP0054,69.77,Mobile,meta
A001767,ORD002567,CAMP0137,55.55,Web,snapchat
A001768,ORD004376,CAMP0118,86.45,Web,snapchat
A001769,ORD000983,CAMP0139,82.12,Web,meta
A001770,ORD003283,CAMP0231,222.78,Web,google
A001771,ORD004286,CAMP0227,20.19,Retail,meta
A001772,ORD000354,CAMP0001,83.5,Mobile,meta
A001773,ORD004026,CAMP0041,271.28,Mobile,google
A001774,ORD001826,CAMP0150,26.64,Mobile,google
A001775,ORD001907,CAMP0183,12.87,Web,meta
A001776,ORD001412,CAMP0042,67.67,Retail,tiktok
A001777,ORD001511,CAMP0243,57.26,Web,google
A001778,ORD002996,CAMP0189,166.44,Mobile,tiktok
A001779,ORD003384,CAMP0238,80.46,Web,snapchat
A001780,ORD002645,CAMP0239,74.2,Web,snapchat
A001781,ORD002064,CAMP0006,36.81,Web,snapchat
A001782,ORD001593,CAMP0049,12.65,Web,tiktok
A001783,ORD000748,CAMP0003,150.65,Web,meta
A001784,ORD003352,CAMP0155,40.17,Web,google
A001785,ORD000538,CAMP0001,8.19,Retail,snapchat
A001786,ORD003331,CAMP0066,12.66,Web,tiktok
A001787,ORD003180,CAMP0185,7.08,Web,google
A001788,ORD003089,CAMP0080,190.89,Web,google
A001789,ORD001137,CAMP0202,49.0,Web,meta
A001790,ORD001188,CAMP0234,53.56,Web,google
A001791,ORD001860,CAMP0131,63.2,Mobile,meta
A001792,ORD002532,CAMP0237,19.53,Retail,meta
A001793,ORD000751,CAMP0026,123.7,Mobile,tiktok
A001794,ORD001027,CAMP0173,8.82,Retail,google
A001795,ORD002228,CAMP0020,189.29,Web,tiktok
A001796,ORD002379,CAMP0056,19.23,Mobile,google
A001797,ORD003648,CAMP0062,94.4,Retail,snapchat
A001798,ORD000397,CAMP0249,26.52,Retail,google
A001799,ORD002987,CAMP0024,68.31,Mobile,meta
A001800,ORD004848,CAMP0013,40.71,Web,tiktok
A001801,ORD002851,CAMP0204,288.09,Web,tiktok
A001802,ORD003507,CAMP0213,34.61,Web,tiktok
A001803,ORD002241,CAMP0088,32.0,Mobile,google
A001804,ORD003647,CAMP0014,295.86,Web,tiktok
A001805,ORD001353,CAMP0233,903.36,Web,snapchat
A001806,ORD002879,CAMP0160,98.28,Mobile,snapchat
A001807,ORD004337,CAMP0230,41.04,Web,google
A001808,ORD002646,CAMP0223,164.24,Web,meta
A001809,ORD001208,CAMP0040,74.91,Mobile,google
A001810,ORD003656,CAMP0078,112.92,Retail,snapchat
A001811,ORD002384,CAMP0161,18.94,Mobile,tiktok
A001812,ORD001295,CAMP0092,61.54,Mobile,tiktok
A001813,ORD000475,CAMP0186,18.96,Web,tiktok
A001814,ORD003456,CAMP0249,90.04,Mobile,google
A001815,ORD001802,CAMP0211,17.43,Web,snapchat
A001816,ORD003821,CAMP0049,337.65,Mobile,google
A001817,ORD000786,CAMP0008,76.48,Mobile,tiktok
A001818,ORD001873,CAMP0040,97.87,Web,meta
A001819,ORD001669,CAMP0170,17.03,Web,tiktok
A001820,ORD000572,CAMP0068,6.34,Web,google
A001821,ORD004481,CAMP0092,205.11,Retail,google
A001822,ORD004851,CAMP0185,29.59,Mobile,snapchat
A001823,ORD000692,CAMP0169,349.11,Web,snapchat
A001824,ORD005000,CAMP0060,205.3,Mobile,meta
A001825,ORD000760,CAMP0061,48.24,Web,tiktok
A001826,ORD004230,CAMP0033,41.14,Web,meta
A001827,ORD004312,CAMP0238,29.36,Mobile,snapchat
A001828,ORD003946,CAMP0170,11.65,Web,tiktok
A001829,ORD002506,CAMP0075,10.63,Web,snapchat
A001830,ORD004122,CAMP0132,20.06,Retail,google
A001831,ORD001868,CAMP0245,35.0,Web,snapchat
A001832,ORD000105,CAMP0040,18.3,Web,google
A001833,ORD003737,CAMP0009,284.2,Web,tiktok
A001834,ORD000376,CAMP0077,25.1,Mobile,snapchat
A001835,ORD001091,CAMP0129,205.04,Web,snapchat
A001836,ORD004695,CAMP0151,34.68,Mobile,snapchat
A001837,ORD001389,CAMP0079,58.7,Retail,snapchat
A001838,ORD001850,CAMP0121,58.9,Mobile,google
A001839,ORD004150,CAMP0241,22.47,Retail,meta
A001840,ORD002133,CAMP0128,262.2,Retail,meta
A001841,ORD000070,CAMP0157,24.54,Mobile,snapchat
A001842,ORD003753,CAMP0034,20.91,Web,meta
A001843,ORD003964,CAMP0180,25.9,Mobile,meta
A001844,ORD001824,CAMP0048,179.46,Mobile,snapchat
A001845,ORD002282,CAMP0070,188.58,Retail,snapchat
A001846,ORD002378,CAMP0140,96.99,Web,meta
A001847,ORD000317,CAMP0225,27.92,Web,tiktok
A001848,ORD003169,CAMP0201,162.99,Retail,meta
A001849,ORD002467,CAMP0220,55.48,Mobile,tiktok
A001850,ORD004799,CAMP0153,83.94,Mobile,meta
A001851,ORD001542,CAMP0162,63.6,Web,meta
A001852,ORD001299,CAMP0113,297.87,Retail,google
A001853,ORD002504,CAMP0159,13.32,Web,tiktok
A001854,ORD001801,CAMP0153,15.35,Web,google
A001855,ORD001366,CAMP0066,107.52,Retail,tiktok
A001856,ORD000114,CAMP0090,29.68,Mobile,tiktok
A001857,ORD003554,CAMP0241,75.01,Web,google
A001858,ORD004309,CAMP0163,297.34,Retail,snapchat
A001859,ORD002894,CAMP0174,43.12,Web,meta
A001860,ORD002207,CAMP0193,169.05,Mobile,google
A001861,ORD002286,CAMP0246,11.65,Retail,google
A001862,ORD001588,CAMP0228,183.0,Mobile,google
A001863,ORD002237,CAMP0101,39.18,Web,tiktok
A001864,ORD001975,CAMP0085,18.99,Web,meta
A001865,ORD003243,CAMP0175,92.46,Mobile,google
A001866,ORD002521,CAMP0147,251.52,Retail,google
A001867,ORD003398,CAMP0170,189.6,Web,snapchat
A001868,ORD003114,CAMP0230,13.02,Web,snapchat
A001869,ORD001949,CAMP0243,7.0,Web,google
A001870,ORD002080,CAMP0111,80.1,Retail,tiktok
A001871,ORD001470,CAMP0074,463.15,Web,tiktok
A001872,ORD000984,CAMP0107,5.64,Web,google
A001873,ORD003592,CAMP0188,77.13,Web,snapchat
A001874,ORD002984,CAMP0001,13.53,Web,google
A001875,ORD003834,CAMP0223,63.6,Web,snapchat
A001876,ORD001662,CAMP0091,97.87,Web,tiktok
A001877,ORD004567,CAMP0189,44.68,Mobile,tiktok
A001878,ORD004474,CAMP0018,2.96,Web,google
A001879,ORD002049,CAMP0096,275.88,Web,tiktok
A001880,ORD003034,CAMP0093,147.94,Web,google
A001881,ORD003949,CAMP0144,3.07,Web,tiktok
A001882,ORD000476,CAMP0068,300.9,Web,meta
A001883,ORD004437,CAMP0042,93.92,Web,meta
A001884,ORD004929,CAMP0133,21.35,Web,meta
A001885,ORD001352,CAMP0143,94.29,Web,google
A001886,ORD004692,CAMP0249,122.64,Mobile,google
A001887,ORD001808,CAMP0069,8.42,Mobile,meta
A001888,ORD003877,CAMP0195,76.28,Mobile,google
A001889,ORD000938,CAMP0116,24.12,Retail,google
A001890,ORD002495,CAMP0092,135.48,Mobile,google
A001891,ORD002302,CAMP0012,86.45,Mobile,google
A001892,ORD002856,CAMP0084,66.04,Web,snapchat
A001893,ORD000807,CAMP0050,80.46,Mobile,meta
A001894,ORD004725,CAMP0023,221.92,Web,google
A001895,ORD003466,CAMP0221,75.76,Web,tiktok
A001896,ORD002541,CAMP0107,3.99,Web,snapchat
A001897,ORD002169,CAMP0196,106.3,Retail,google
A001898,ORD000982,CAMP0008,31.47,Web,snapchat
A001899,ORD003454,CAMP0193,27.36,Web,tiktok
A001900,ORD000315,CAMP0115,15.44,Web,meta
A001901,ORD001522,CAMP0216,27.0,Mobile,meta
A001902,ORD002004,CAMP0245,73.5,Mobile,tiktok
A001903,ORD003007,CAMP0228,89.35,Mobile,snapchat
A001904,ORD003767,CAMP0009,5.69,Web,tiktok
A001905,ORD002211,CAMP0083,80.46,Web,google
A001906,ORD002201,CAMP0135,76.14,Web,tiktok
A001907,ORD004010,CAMP0077,97.42,Web,google
A001908,ORD001989,CAMP0228,7.32,Mobile,google
A001909,ORD002246,CAMP0071,301.16,Web,tiktok
A001910,ORD002790,CAMP0216,5.12,Web,google
A001911,ORD000680,CAMP0169,38.94,Web,meta
A001912,ORD003730,CAMP0062,61.32,Mobile,meta
A001913,ORD002018,CAMP0007,46.5,Mobile,meta
A001914,ORD003735,CAMP0029,73.4,Web,meta
A001915,ORD001520,CAMP0007,196.08,Retail,meta
A001916,ORD000657,CAMP0164,55.48,Retail,meta
A001917,ORD004631,CAMP0036,49.14,Retail,meta
A001918,ORD003509,CAMP0042,50.2,Web,meta
A001919,ORD000134,CAMP0139,82.1,Web,snapchat
A001920,ORD003663,CAMP0210,32.4,Mobile,meta
A001921,ORD003153,CAMP0041,94.29,Web,tiktok
A001922,ORD003383,CAMP0001,79.9,Web,snapchat
A001923,ORD000966,CAMP0141,8.84,Web,snapchat
A001924,ORD002597,CAMP0189,31.8,Mobile,tiktok
A001925,ORD000565,CAMP0182,14.68,Web,meta
A001926,ORD000928,CAMP0111,28.45,Web,tiktok
A001927,ORD002639,CAMP0140,20.85,Web,google
A001928,ORD003185,CAMP0217,29.4,Retail,snapchat
A001929,ORD001099,CAMP0209,45.53,Web,meta
A001930,ORD002454,CAMP0080,7.17,Retail,snapchat
A001931,ORD004496,CAMP0006,255.56,Mobile,google
A001932,ORD001298,CAMP0220,9.04,Web,google
A001933,ORD003424,CAMP0248,52.41,Web,tiktok
A001934,ORD000300,CAMP0049,109.63,Retail,meta
A001935,ORD001305,CAMP0134,763.56,Mobile,google
A001936,ORD002088,CAMP0003,18.04,Retail,tiktok
A001937,ORD002575,CAMP0244,378.58,Web,tiktok
A001938,ORD001284,CAMP0133,572.67,Web,snapchat
A001939,ORD000310,CAMP0247,30.69,Mobile,tiktok
A001940,ORD001963,CAMP0160,90.57,Mobile,tiktok
A001941,ORD003640,CAMP0082,152.12,Retail,tiktok
A001942,ORD001585,CAMP0065,31.7,Mobile,tiktok
A001943,ORD003003,CAMP0063,96.1,Mobile,tiktok
A001944,ORD000253,CAMP0147,15.16,Mobile,tiktok
A001945,ORD001089,CAMP0061,7.31,Web,google
A001946,ORD003341,CAMP0042,489.35,Mobile,meta
A001947,ORD004588,CAMP0094,25.28,Mobile,google
A001948,ORD002658,CAMP0118,179.46,Web,snapchat
A001949,ORD000522,CAMP0216,153.45,Mobile,meta
A001950,ORD004952,CAMP0102,6.34,Mobile,tiktok
A001951,ORD003829,CAMP0076,76.18,Web,meta
A001952,ORD004365,CAMP0001,194.84,Retail,google
A001953,ORD003792,CAMP0219,339.33,Web,google
A001954,ORD004011,CAMP0170,92.07,Retail,tiktok
A001955,ORD001670,CAMP0248,33.93,Web,tiktok
A001956,ORD000516,CAMP0100,13.39,Web,meta
A001957,ORD000880,CAMP0099,41.91,Web,meta
A001958,ORD001450,CAMP0103,19.07,Web,snapchat
A001959,ORD000418,CAMP0183,21.15,Mobile,tiktok
A001960,ORD001045,CAMP0216,24.5,Web,tiktok
A001961,ORD003039,CAMP0233,114.09,Retail,snapchat
A001962,ORD001351,CAMP0199,34.94,Mobile,tiktok
A001963,ORD004957,CAMP0024,502.64,Web,snapchat
A001964,ORD002614,CAMP0161,293.61,Web,meta
A001965,ORD003626,CAMP0172,301.98,Web,tiktok
A001966,ORD000877,CAMP0109,189.64,Web,tiktok
A001967,ORD003463,CAMP0114,301.16,Web,google
A001968,ORD002115,CAMP0103,31.8,Retail,tiktok
A001969,ORD002871,CAMP0074,19.23,Web,google
A001970,ORD004206,CAMP0018,156.72,Web,tiktok
A001971,ORD004524,CAMP0062,3.99,Web,snapchat
A001972,ORD004101,CAMP0018,80.12,Mobile,google
A001973,ORD000059,CAMP0049,80.12,Web,google
A001974,ORD003715,CAMP0042,11.46,Mobile,meta
A001975,ORD000792,CAMP0036,37.22,Mobile,google
A001976,ORD001058,CAMP0237,21.26,Web,snapchat
A001977,ORD001253,CAMP0205,174.5,Mobile,google
A001978,ORD002176,CAMP0234,57.26,Web,snapchat
A001979,ORD000886,CAMP0114,13.2,Mobile,meta
A001980,ORD000311,CAMP0099,35.22,Mobile,google
A001981,ORD001716,CAMP0159,17.43,Mobile,google
A001982,ORD003757,CAMP0234,75.96,Web,snapchat
A001983,ORD002590,CAMP0239,48.6,Mobile,meta
A001984,ORD001600,CAMP0188,29.36,Web,google
A001985,ORD004619,CAMP0145,12.22,Mobile,snapchat
A001986,ORD004099,CAMP0119,41.76,Mobile,google
A001987,ORD000058,CAMP0124,126.56,Web,google
A001988,ORD004225,CAMP0193,17.43,Web,snapchat
A001989,ORD001071,CAMP0082,150.58,Mobile,meta
A001990,ORD003980,CAMP0217,77.97,Web,snapchat
A001991,ORD000269,CAMP0143,26.78,Mobile,meta
A001992,ORD002027,CAMP0008,7.68,Web,snapchat
A001993,ORD001003,CAMP0063,25.58,Web,snapchat
A001994,ORD002777,CAMP0088,99.08,Web,snapchat
A001995,ORD002312,CAMP0095,66.9,Web,meta
A001996,ORD002628,CAMP0236,65.46,Web,snapchat
A001997,ORD002116,CAMP0050,85.4,Web,snapchat
A001998,ORD003607,CAMP0063,19.07,Web,tiktok
A001999,ORD004405,CAMP0139,628.3,Web,google
A002000,ORD004596,CAMP0145,288.09,Web,snapchat
A002001,ORD002158,CAMP0206,135.32,Web,google
A002002,ORD003219,CAMP0247,168.32,Web,tiktok
A002003,ORD003276,CAMP0161,209.76,Web,snapchat
A002004,ORD001293,CAMP0073,80.12,Mobile,meta
A002005,ORD002878,CAMP0175,7.42,Web,tiktok
A002006,ORD003017,CAMP0079,262.05,Mobile,tiktok
A002007,ORD004498,CAMP0016,285.78,Web,google
A002008,ORD002989,CAMP0062,116.25,Web,google
A002009,ORD002269,CAMP0167,201.32,Web,meta
A002010,ORD000774,CAMP0162,2.82,Retail,meta
A002011,ORD002486,CAMP0026,87.15,Mobile,snapchat
A002012,ORD004162,CAMP0028,31.14,Web,tiktok
A002013,ORD001900,CAMP0229,57.4,Mobile,google
A002014,ORD004533,CAMP0197,43.74,Web,tiktok
A002015,ORD004555,CAMP0126,96.99,Retail,snapchat
A002016,ORD003729,CAMP0124,11.47,Mobile,meta
A002017,ORD001029,CAMP0162,446.56,Mobile,snapchat
A002018,ORD000669,CAMP0130,13.94,Web,meta
A002019,ORD002943,CAMP0203,61.1,Retail,snapchat
A002020,ORD000879,CAMP0086,45.02,Web,tiktok
A002021,ORD002477,CAMP0063,156.36,Mobile,meta
A002022,ORD001594,CAMP0201,23.78,Web,tiktok
A002023,ORD000788,CAMP0010,116.4,Web,google
A002024,ORD002903,CAMP0037,2.94,Mobile,snapchat
A002025,ORD000126,CAMP0245,5.14,Web,meta
A002026,ORD003093,CAMP0196,40.5,Retail,snapchat
A002027,ORD001991,CAMP0052,9.8,Mobile,google
A002028,ORD000426,CAMP0152,34.9,Retail,snapchat
A002029,ORD003765,CAMP0105,46.96,Web,google
A002030,ORD000285,CAMP0109,200.94,Retail,google
A002031,ORD000654,CAMP0139,23.48,Web,meta
A002032,ORD000541,CAMP0104,7.78,Mobile,snapchat
A002033,ORD000514,CAMP0150,270.64,Mobile,google
A002034,ORD001430,CAMP0231,277.4,Web,snapchat
A002035,ORD004112,CAMP0135,135.6,Web,meta
A002036,ORD000917,CAMP0123,246.16,Web,meta
A002037,ORD002414,CAMP0041,303.62,Web,snapchat
A002038,ORD003645,CAMP0082,301.12,Web,snapchat
A002039,ORD003008,CAMP0053,23.95,Web,snapchat
A002040,ORD003366,CAMP0123,18.55,Web,tiktok
A002041,ORD003539,CAMP0242,121.4,Web,snapchat
A002042,ORD000958,CAMP0211,60.64,Mobile,meta
A002043,ORD004897,CAMP0158,22.62,Mobile,snapchat
A002044,ORD004835,CAMP0233,66.14,Web,meta
A002045,ORD004840,CAMP0071,13.26,Web,snapchat
A002046,ORD001748,CAMP0041,30.0,Web,snapchat
A002047,ORD002690,CAMP0032,43.74,Web,google
A002048,ORD003227,CAMP0063,3.54,Web,meta
A002049,ORD000540,CAMP0193,58.25,Mobile,meta
A002050,ORD001599,CAMP0171,30.0,Mobile,tiktok
A002051,ORD000637,CAMP0157,32.4,Web,snapchat
A002052,ORD004922,CAMP0149,213.93,Web,meta
A002053,ORD002399,CAMP0073,278.19,Web,meta
A002054,ORD002048,CAMP0013,10.63,Mobile,meta
A002055,ORD001829,CAMP0184,80.46,Web,google
A002056,ORD004905,CAMP0229,37.3,Mobile,google
A002057,ORD004928,CAMP0112,38.71,Mobile,tiktok
A002058,ORD002677,CAMP0007,38.24,Mobile,meta
A002059,ORD003936,CAMP0229,7.79,Mobile,tiktok
A002060,ORD004357,CAMP0035,448.65,Mobile,snapchat
A002061,ORD002950,CAMP0216,86.45,Web,meta
A002062,ORD003664,CAMP0008,44.55,Retail,google
A002063,ORD004267,CAMP0130,66.52,Mobile,google
A002064,ORD003789,CAMP0086,30.0,Mobile,google
A002065,ORD002473,CAMP0083,40.02,Web,tiktok
A002066,ORD001172,CAMP0144,223.28,Retail,meta
A002067,ORD004339,CAMP0087,90.0,Mobile,snapchat
A002068,ORD001889,CAMP0172,267.6,Mobile,google
A002069,ORD004050,CAMP0036,75.96,Mobile,google
A002070,ORD004786,CAMP0134,66.14,Retail,meta
A002071,ORD000443,CAMP0143,31.35,Web,meta
A002072,ORD001057,CAMP0101,13.57,Mobile,snapchat
A002073,ORD001997,CAMP0171,234.11,Retail,tiktok
A002074,ORD003591,CAMP0148,196.08,Web,google
A002075,ORD001505,CAMP0081,73.97,Mobile,snapchat
A002076,ORD004346,CAMP0193,34.85,Web,snapchat
A002077,ORD004416,CAMP0118,85.29,Mobile,google
A002078,ORD004769,CAMP0039,72.66,Web,snapchat
A002079,ORD003238,CAMP0167,24.22,Mobile,meta
A002080,ORD002082,CAMP0026,29.3,Web,meta
A002081,ORD002490,CAMP0044,17.61,Retail,snapchat
A002082,ORD000005,CAMP0165,8.19,Mobile,meta
A002083,ORD002234,CAMP0197,29.3,Retail,google
A002084,ORD003679,CAMP0165,14.53,Web,meta
A002085,ORD002184,CAMP0068,104.0,Web,snapchat
A002086,ORD000384,CAMP0094,148.67,Web,snapchat
A002087,ORD003643,CAMP0127,60.18,Web,snapchat
A002088,ORD004749,CAMP0181,164.56,Web,snapchat
A002089,ORD000014,CAMP0135,5.92,Web,tiktok
A002090,ORD000089,CAMP0204,30.19,Web,meta
A002091,ORD004833,CAMP0186,120.16,Web,meta
A002092,ORD001841,CAMP0099,96.88,Retail,tiktok
A002093,ORD001047,CAMP0044,48.88,Web,snapchat
A002094,ORD001772,CAMP0082,30.19,Web,meta
A002095,ORD002205,CAMP0235,86.45,Web,tiktok
A002096,ORD001187,CAMP0167,8.88,Web,google
A002097,ORD002160,CAMP0196,19.23,Web,snapchat
A002098,ORD003296,CAMP0091,125.75,Retail,snapchat
A002099,ORD001356,CAMP0114,16.26,Web,google
A002100,ORD000235,CAMP0139,94.05,Mobile,meta
A002101,ORD003047,CAMP0034,8.8,Web,tiktok
A002102,ORD003925,CAMP0191,20.36,Web,meta
A002103,ORD004367,CAMP0057,531.85,Web,snapchat
A002104,ORD000972,CAMP0164,13.68,Mobile,google
A002105,ORD001513,CAMP0230,18.1,Mobile,snapchat
A002106,ORD001306,CAMP0150,571.56,Mobile,meta
A002107,ORD004261,CAMP0072,78.36,Web,snapchat
A002108,ORD001995,CAMP0235,45.02,Mobile,meta
A002109,ORD000737,CAMP0102,103.96,Web,snapchat
A002110,ORD004551,CAMP0211,259.35,Mobile,snapchat
A002111,ORD003965,CAMP0213,151.92,Retail,tiktok
A002112,ORD003005,CAMP0241,19.15,Web,google
A002113,ORD000081,CAMP0027,10.78,Web,tiktok
A002114,ORD004979,CAMP0118,22.0,Web,meta
A002115,ORD000096,CAMP0001,23.75,Mobile,google
A002116,ORD004707,CAMP0167,369.2,Web,tiktok
A002117,ORD000035,CAMP0064,34.06,Retail,google
A002118,ORD000263,CAMP0247,262.74,Mobile,meta
A002119,ORD000186,CAMP0141,377.25,Mobile,tiktok
A002120,ORD004959,CAMP0032,21.0,Web,tiktok
A002121,ORD001041,CAMP0060,24.72,Web,meta
A002122,ORD004974,CAMP0148,33.87,Web,tiktok
A002123,ORD001985,CAMP0234,78.29,Mobile,meta
A002124,ORD000841,CAMP0035,9.62,Web,tiktok
A002125,ORD000304,CAMP0121,15.09,Mobile,meta
A002126,ORD000497,CAMP0075,180.08,Web,google
A002127,ORD000673,CAMP0057,54.6,Web,google
A002128,ORD001751,CAMP0134,152.12,Web,snapchat
A002129,ORD004558,CAMP0159,7.31,Mobile,meta
A002130,ORD004132,CAMP0244,328.92,Web,tiktok
A002131,ORD003090,CAMP0038,55.65,Web,tiktok
A002132,ORD002264,CAMP0184,12.64,Mobile,meta
A002133,ORD004181,CAMP0220,24.87,Web,tiktok
A002134,ORD002611,CAMP0016,503.0,Web,snapchat
A002135,ORD002191,CAMP0238,88.0,Retail,google
A002136,ORD004454,CAMP0023,89.36,Retail,google
A002137,ORD003270,CAMP0060,11.47,Mobile,snapchat
A002138,ORD002372,CAMP0134,76.18,Web,snapchat
A002139,ORD004114,CAMP0082,125.66,Mobile,tiktok
A002140,ORD002796,CAMP0021,5.64,Mobile,google
A002141,ORD002061,CAMP0056,487.1,Web,snapchat
A002142,ORD002317,CAMP0151,743.35,Mobile,meta
A002143,ORD003439,CAMP0120,107.52,Web,google
A002144,ORD004669,CAMP0037,145.5,Web,snapchat
A002145,ORD002291,CAMP0175,397.16,Mobile,snapchat
A002146,ORD000279,CAMP0011,50.91,Web,google
A002147,ORD000523,CAMP0213,10.3,Mobile,google
A002148,ORD002513,CAMP0181,264.16,Web,google
A002149,ORD003162,CAMP0039,135.32,Mobile,meta
A002150,ORD001962,CAMP0126,51.98,Web,snapchat
A002151,ORD004258,CAMP0178,25.16,Web,snapchat
A002152,ORD002026,CAMP0166,227.65,Mobile,tiktok
A002153,ORD002533,CAMP0174,37.64,Retail,meta
A002154,ORD003533,CAMP0019,42.35,Mobile,snapchat
A002155,ORD001088,CAMP0232,49.08,Mobile,tiktok
A002156,ORD002775,CAMP0166,69.77,Web,meta
A002157,ORD003109,CAMP0086,74.2,Mobile,google
A002158,ORD000618,CAMP0173,58.9,Web,meta
A002159,ORD003948,CAMP0007,63.2,Mobile,google
A002160,ORD002745,CAMP0192,22.74,Web,meta
A002161,ORD002216,CAMP0088,25.88,Mobile,meta
A002162,ORD004961,CAMP0144,44.0,Mobile,google
A002163,ORD004008,CAMP0159,184.6,Web,meta
A002164,ORD003714,CAMP0087,41.97,Mobile,tiktok
A002165,ORD000587,CAMP0190,35.22,Mobile,meta
A002166,ORD003278,CAMP0018,4.66,Web,snapchat
A002167,ORD000813,CAMP0035,183.2,Mobile,snapchat
A002168,ORD002151,CAMP0019,74.91,Mobile,google
A002169,ORD004307,CAMP0086,20.36,Mobile,snapchat
A002170,ORD000707,CAMP0127,165.0,Web,meta
A002171,ORD003993,CAMP0144,18.99,Mobile,meta
A002172,ORD000154,CAMP0148,132.08,Web,snapchat
A002173,ORD000742,CAMP0111,73.25,Web,google
A002174,ORD003820,CAMP0205,25.38,Web,google
A002175,ORD000896,CAMP0234,29.64,Mobile,tiktok
A002176,ORD002546,CAMP0011,138.76,Mobile,snapchat
A002177,ORD004802,CAMP0090,109.92,Mobile,tiktok
A002178,ORD003627,CAMP0088,175.16,Mobile,snapchat
A002179,ORD003905,CAMP0101,8.75,Mobile,google
A002180,ORD000750,CAMP0165,51.95,Web,tiktok
A002181,ORD002930,CAMP0003,231.66,Mobile,google
A002182,ORD000436,CAMP0242,216.6,Retail,meta
A002183,ORD003329,CAMP0175,9.15,Web,meta
A002184,ORD001072,CAMP0141,231.66,Web,tiktok
A002185,ORD003362,CAMP0017,4.66,Web,google
A002186,ORD003067,CAMP0152,19.24,Web,tiktok
A002187,ORD002588,CAMP0055,16.02,Retail,snapchat
A002188,ORD001183,CAMP0058,123.42,Mobile,snapchat
A002189,ORD002114,CAMP0191,89.2,Web,google
A002190,ORD004673,CAMP0096,6.32,Web,google
A002191,ORD000147,CAMP0029,25.99,Retail,meta
A002192,ORD003111,CAMP0223,188.58,Mobile,google
A002193,ORD003868,CAMP0242,277.4,Retail,snapchat
A002194,ORD003447,CAMP0250,172.9,Retail,tiktok
A002195,ORD001778,CAMP0090,9.51,Mobile,snapchat
A002196,ORD000370,CAMP0090,15.13,Mobile,snapchat
A002197,ORD003081,CAMP0063,167.88,Web,google
A002198,ORD002045,CAMP0120,49.08,Web,meta
A002199,ORD001788,CAMP0130,63.28,Web,meta
A002200,ORD003919,CAMP0091,12.65,Web,meta
A002201,ORD000178,CAMP0009,22.94,Mobile,google
A002202,ORD004157,CAMP0051,24.5,Web,tiktok
A002203,ORD004901,CAMP0223,668.34,Mobile,google
A002204,ORD004837,CAMP0160,8.79,Retail,snapchat
A002205,ORD000504,CAMP0114,65.46,Mobile,meta
A002206,ORD002600,CAMP0209,377.25,Mobile,snapchat
A002207,ORD001032,CAMP0043,41.97,Mobile,google
A002208,ORD002941,CAMP0225,135.64,Web,google
A002209,ORD003553,CAMP0045,197.73,Mobile,google
A002210,ORD003959,CAMP0207,5.88,Mobile,tiktok
A002211,ORD001084,CAMP0057,9.0,Mobile,tiktok
A002212,ORD004358,CAMP0036,72.72,Web,tiktok
A002213,ORD004053,CAMP0154,90.36,Web,snapchat
A002214,ORD000403,CAMP0007,312.0,Mobile,google
A002215,ORD003351,CAMP0084,2.82,Mobile,snapchat
A002216,ORD000628,CAMP0235,30.13,Web,tiktok
A002217,ORD000193,CAMP0158,33.26,Retail,google
A002218,ORD001121,CAMP0088,280.47,Retail,google
A002219,ORD003369,CAMP0235,29.59,Mobile,tiktok
A002220,ORD000216,CAMP0026,44.68,Mobile,meta
A002221,ORD000941,CAMP0048,83.73,Web,meta
A002222,ORD001854,CAMP0029,69.75,Retail,snapchat
A002223,ORD003853,CAMP0011,68.86,Mobile,google
A002224,ORD004463,CAMP0195,568.4,Mobile,google
A002225,ORD004039,CAMP0144,24.02,Mobile,tiktok
A002226,ORD004825,CAMP0051,16.23,Mobile,tiktok
A002227,ORD000622,CAMP0214,202.9,Web,snapchat
A002228,ORD004770,CAMP0076,188.2,Web,google
A002229,ORD002198,CAMP0084,49.14,Web,tiktok
A002230,ORD004336,CAMP0077,132.08,Web,snapchat
A002231,ORD001664,CAMP0193,30.19,Mobile,google
A002232,ORD000868,CAMP0149,32.24,Web,meta
A002233,ORD001502,CAMP0119,87.3,Web,meta
A002234,ORD001268,CAMP0030,22.1,Retail,meta
A002235,ORD004085,CAMP0202,156.36,Web,tiktok
A002236,ORD000548,CAMP0053,116.71,Mobile,google
A002237,ORD000549,CAMP0219,203.01,Web,snapchat
A002238,ORD000702,CAMP0162,53.04,Mobile,snapchat
A002239,ORD003275,CAMP0243,50.69,Mobile,tiktok
A002240,ORD004246,CAMP0250,87.25,Mobile,google
A002241,ORD001023,CAMP0055,35.2,Web,tiktok
A002242,ORD003035,CAMP0221,57.66,Mobile,google
A002243,ORD001437,CAMP0017,4.51,Web,tiktok
A002244,ORD004015,CAMP0041,13.65,Mobile,tiktok
A002245,ORD003108,CAMP0177,25.38,Web,google
A002246,ORD000488,CAMP0093,37.98,Mobile,snapchat
A002247,ORD001928,CAMP0166,69.75,Web,tiktok
A002248,ORD001535,CAMP0221,139.6,Mobile,tiktok
A002249,ORD004819,CAMP0023,14.7,Web,snapchat
A002250,ORD004193,CAMP0144,71.37,Mobile,meta
A002251,ORD001755,CAMP0070,54.15,Retail,tiktok
A002252,ORD003922,CAMP0089,48.6,Mobile,meta
A002253,ORD000716,CAMP0169,16.84,Mobile,meta
A002254,ORD004469,CAMP0106,8.4,Mobile,google
A002255,ORD001894,CAMP0021,40.86,Mobile,google
A002256,ORD002157,CAMP0079,558.2,Retail,meta
A002257,ORD001212,CAMP0226,5.27,Web,snapchat
A002258,ORD001422,CAMP0080,376.45,Mobile,meta
A002259,ORD003710,CAMP0012,160.24,Web,meta
A002260,ORD003100,CAMP0052,13.57,Retail,google
A002261,ORD004338,CAMP0046,14.84,Web,tiktok
A002262,ORD003083,CAMP0168,49.72,Retail,google
A002263,ORD004579,CAMP0238,3.07,Web,google
A002264,ORD002389,CAMP0225,247.0,Web,tiktok
A002265,ORD002571,CAMP0096,58.2,Web,meta
A002266,ORD004623,CAMP0199,50.64,Web,snapchat
A002267,ORD000133,CAMP0036,280.47,Retail,snapchat
A002268,ORD001967,CAMP0009,83.84,Web,snapchat
A002269,ORD003260,CAMP0011,46.5,Web,snapchat
A002270,ORD003023,CAMP0071,107.04,Retail,google
A002271,ORD004321,CAMP0237,9.68,Web,tiktok
A002272,ORD001218,CAMP0201,36.5,Web,tiktok
A002273,ORD003120,CAMP0200,21.82,Web,google
A002274,ORD002102,CAMP0060,126.4,Mobile,meta
A002275,ORD000965,CAMP0143,71.37,Mobile,tiktok
A002276,ORD003350,CAMP0036,226.22,Retail,google
A002277,ORD004458,CAMP0132,176.0,Web,meta
A002278,ORD002388,CAMP0046,93.0,Retail,snapchat
A002279,ORD000500,CAMP0217,17.43,Mobile,google
A002280,ORD002487,CAMP0186,27.15,Mobile,snapchat
A002281,ORD002466,CAMP0117,5.27,Retail,tiktok
A002282,ORD000037,CAMP0041,13.57,Retail,snapchat
A002283,ORD000142,CAMP0191,203.01,Web,meta
A002284,ORD000345,CAMP0096,30.69,Mobile,google
A002285,ORD000112,CAMP0117,77.64,Web,snapchat
A002286,ORD000901,CAMP0179,313.44,Mobile,google
A002287,ORD004646,CAMP0216,188.35,Web,meta
A002288,ORD000177,CAMP0202,21.35,Mobile,tiktok
A002289,ORD002444,CAMP0045,312.72,Web,snapchat
A002290,ORD000001,CAMP0085,23.25,Mobile,meta
A002291,ORD002032,CAMP0068,33.81,Web,meta
A002292,ORD002238,CAMP0065,71.71,Mobile,google
A002293,ORD002458,CAMP0250,44.01,Retail,google
A002294,ORD002535,CAMP0243,200.7,Web,tiktok
A002295,ORD001615,CAMP0163,76.28,Retail,snapchat
A002296,ORD004375,CAMP0162,4.5,Web,snapchat
A002297,ORD002502,CAMP0208,10.78,Web,snapchat
A002298,ORD001297,CAMP0040,93.78,Web,snapchat
A002299,ORD004908,CAMP0242,160.24,Retail,google
A002300,ORD003032,CAMP0246,523.95,Mobile,tiktok
A002301,ORD000803,CAMP0122,5.27,Mobile,meta
A002302,ORD001583,CAMP0171,244.0,Web,google
A002303,ORD003897,CAMP0085,377.16,Retail,snapchat
A002304,ORD004910,CAMP0119,12.69,Web,meta
A002305,ORD003474,CAMP0105,132.0,Mobile,tiktok
A002306,ORD004881,CAMP0149,57.69,Mobile,snapchat
A002307,ORD002075,CAMP0076,132.0,Mobile,tiktok
A002308,ORD001355,CAMP0113,90.36,Retail,google
A002309,ORD000569,CAMP0191,284.46,Retail,tiktok
A002310,ORD000956,CAMP0239,455.43,Mobile,meta
A002311,ORD000002,CAMP0063,300.04,Mobile,snapchat
A002312,ORD000632,CAMP0202,253.12,Mobile,google
A002313,ORD001566,CAMP0203,110.96,Web,meta
A002314,ORD004562,CAMP0220,10.82,Web,meta
A002315,ORD002765,CAMP0051,313.44,Mobile,meta
A002316,ORD004583,CAMP0009,51.95,Web,google
A002317,ORD003833,CAMP0177,103.9,Mobile,meta
A002318,ORD000817,CAMP0236,93.16,Mobile,google
A002319,ORD001596,CAMP0233,235.74,Mobile,tiktok
A002320,ORD001250,CAMP0024,14.68,Web,meta
A002321,ORD000159,CAMP0135,73.97,Web,meta
A002322,ORD002642,CAMP0048,297.87,Web,google
A002323,ORD000875,CAMP0185,89.73,Web,snapchat
A002324,ORD003926,CAMP0192,1169.19,Retail,meta
A002325,ORD000233,CAMP0124,16.58,Web,snapchat
A002326,ORD000676,CAMP0076,77.97,Web,snapchat
A002327,ORD001392,CAMP0059,30.16,Retail,meta
A002328,ORD004537,CAMP0091,33.81,Web,google
A002329,ORD000411,CAMP0120,90.36,Mobile,meta
A002330,ORD001720,CAMP0104,33.72,Web,snapchat
A002331,ORD003272,CAMP0039,41.91,Web,tiktok
A002332,ORD003230,CAMP0021,96.74,Mobile,snapchat
A002333,ORD002561,CAMP0214,115.9,Mobile,tiktok
A002334,ORD002993,CAMP0065,50.76,Mobile,snapchat
A002335,ORD004679,CAMP0247,103.52,Retail,meta
A002336,ORD001217,CAMP0023,49.54,Mobile,meta
A002337,ORD004977,CAMP0207,7.35,Web,meta
A002338,ORD003941,CAMP0062,26.4,Retail,tiktok
A002339,ORD000132,CAMP0104,13.39,Mobile,tiktok
A002340,ORD004033,CAMP0191,16.84,Web,google
A002341,ORD000866,CAMP0129,84.16,Mobile,google
A002342,ORD000951,CAMP0231,53.05,Mobile,meta
A002343,ORD001059,CAMP0168,37.67,Retail,meta
A002344,ORD004492,CAMP0016,22.56,Web,google
A002345,ORD001892,CAMP0011,53.76,Web,google
A002346,ORD003725,CAMP0196,62.7,Web,tiktok
A002347,ORD004999,CAMP0025,30.19,Web,meta
A002348,ORD001035,CAMP0036,52.44,Mobile,google
A002349,ORD001817,CAMP0228,16.02,Retail,snapchat
A002350,ORD001567,CAMP0216,21.12,Web,google
A002351,ORD002804,CAMP0214,60.03,Web,meta
A002352,ORD000204,CAMP0072,139.54,Mobile,snapchat
A002353,ORD004046,CAMP0234,37.67,Web,snapchat
A002354,ORD003065,CAMP0134,33.16,Web,google
A002355,ORD004115,CAMP0164,313.44,Web,meta
A002356,ORD000557,CAMP0046,12.66,Web,google
A002357,ORD003952,CAMP0221,61.0,Web,tiktok
A002358,ORD002363,CAMP0202,12.43,Web,meta
A002359,ORD002615,CAMP0130,99.29,Web,snapchat
A002360,ORD003377,CAMP0022,35.67,Web,meta
A002361,ORD001466,CAMP0227,106.54,Web,tiktok
A002362,ORD003004,CAMP0157,45.02,Retail,snapchat
A002363,ORD001530,CAMP0049,22.44,Retail,tiktok
A002364,ORD002797,CAMP0187,52.5,Mobile,tiktok
A002365,ORD004040,CAMP0135,51.42,Mobile,google
A002366,ORD004973,CAMP0228,13.74,Mobile,tiktok
A002367,ORD004720,CAMP0239,11.74,Retail,google
A002368,ORD001223,CAMP0004,188.58,Web,meta
A002369,ORD001766,CAMP0164,133.04,Mobile,snapchat
A002370,ORD001052,CAMP0030,12.68,Mobile,snapchat
A002371,ORD000327,CAMP0124,71.34,Retail,tiktok
A002372,ORD004387,CAMP0025,73.2,Web,meta
A002373,ORD003265,CAMP0088,631.65,Web,google
A002374,ORD001717,CAMP0218,116.13,Web,snapchat
A002375,ORD000466,CAMP0073,91.06,Web,snapchat
A002376,ORD002684,CAMP0086,15.13,Mobile,snapchat
A002377,ORD002182,CAMP0166,9.62,Mobile,meta
A002378,ORD004735,CAMP0180,22.69,Web,tiktok
A002379,ORD004765,CAMP0064,96.99,Web,snapchat
A002380,ORD004525,CAMP0094,142.74,Web,meta
A002381,ORD000882,CAMP0009,94.82,Web,google
A002382,ORD003327,CAMP0136,117.8,Mobile,tiktok
A002383,ORD003624,CAMP0054,147.94,Mobile,google
A002384,ORD002347,CAMP0097,61.32,Web,snapchat
A002385,ORD004838,CAMP0208,103.2,Mobile,tiktok
A002386,ORD004793,CAMP0023,10.21,Retail,snapchat
A002387,ORD004540,CAMP0031,58.41,Mobile,snapchat
A002388,ORD004427,CAMP0001,44.04,Web,google
A002389,ORD004804,CAMP0209,445.56,Web,google
A002390,ORD004572,CAMP0047,106.3,Web,snapchat
A002391,ORD004497,CAMP0011,212.74,Web,snapchat
A002392,ORD002253,CAMP0077,165.0,Web,snapchat
A002393,ORD000830,CAMP0023,23.75,Retail,google
A002394,ORD002676,CAMP0158,73.62,Retail,tiktok
A002395,ORD002173,CAMP0073,51.26,Retail,snapchat
A002396,ORD002047,CAMP0099,164.2,Mobile,snapchat
A002397,ORD000408,CAMP0221,16.72,Web,tiktok
A002398,ORD002618,CAMP0172,49.18,Retail,meta
A002399,ORD000158,CAMP0071,98.28,Web,meta
A002400,ORD004880,CAMP0038,452.44,Web,snapchat
A002401,ORD002222,CAMP0084,123.18,Retail,google
A002402,ORD000503,CAMP0158,18.58,Retail,tiktok
A002403,ORD002746,CAMP0223,347.08,Web,tiktok
A002404,ORD002497,CAMP0020,7.49,Web,tiktok
A002405,ORD002694,CAMP0043,74.44,Web,google
A002406,ORD002773,CAMP0085,223.94,Web,google
A002407,ORD001391,CAMP0042,377.16,Web,tiktok
A002408,ORD004373,CAMP0179,135.64,Retail,google
A002409,ORD004333,CAMP0227,103.52,Retail,google
A002410,ORD002634,CAMP0101,104.88,Mobile,tiktok
A002411,ORD002698,CAMP0053,57.36,Web,snapchat
A002412,ORD002432,CAMP0186,420.8,Mobile,google
A002413,ORD001880,CAMP0129,371.1,Mobile,google
A002414,ORD003044,CAMP0153,60.52,Web,tiktok
A002415,ORD001601,CAMP0068,44.52,Web,google
A002416,ORD004691,CAMP0173,29.36,Mobile,google
A002417,ORD002446,CAMP0242,358.92,Web,meta
A002418,ORD002688,CAMP0104,301.12,Retail,google
A002419,ORD001553,CAMP0117,73.77,Mobile,meta
A002420,ORD002461,CAMP0017,233.42,Web,google
A002421,ORD004457,CAMP0182,381.91,Web,snapchat
A002422,ORD004418,CAMP0047,240.72,Web,snapchat
A002423,ORD001677,CAMP0217,21.36,Web,tiktok
A002424,ORD002981,CAMP0058,201.32,Web,tiktok
A002425,ORD004041,CAMP0007,18.1,Mobile,tiktok
A002426,ORD001182,CAMP0006,60.36,Web,snapchat
A002427,ORD002025,CAMP0062,34.06,Retail,meta
A002428,ORD003973,CAMP0053,16.38,Mobile,google
A002429,ORD000173,CAMP0043,54.33,Mobile,tiktok
A002430,ORD003888,CAMP0222,73.4,Retail,meta
A002431,ORD000873,CAMP0178,49.4,Web,snapchat
A002432,ORD003215,CAMP0074,159.15,Web,meta
A002433,ORD004079,CAMP0094,14.1,Web,snapchat
A002434,ORD001635,CAMP0143,1136.8,Mobile,snapchat
A002435,ORD002883,CAMP0105,9.04,Retail,snapchat
A002436,ORD000422,CAMP0126,126.95,Web,snapchat
A002437,ORD002656,CAMP0197,27.14,Web,google
A002438,ORD001042,CAMP0208,763.56,Mobile,tiktok
A002439,ORD002270,CAMP0072,53.05,Web,tiktok
A002440,ORD003049,CAMP0062,83.73,Retail,snapchat
A002441,ORD000036,CAMP0103,92.73,Web,snapchat
A002442,ORD000623,CAMP0222,11.22,Mobile,tiktok
A002443,ORD000583,CAMP0099,96.1,Web,google
A002444,ORD003954,CAMP0205,11.37,Web,snapchat
A002445,ORD000814,CAMP0197,247.0,Web,snapchat
A002446,ORD002091,CAMP0115,92.73,Mobile,meta
A002447,ORD002470,CAMP0067,49.44,Web,tiktok
A002448,ORD001627,CAMP0122,16.92,Retail,tiktok
A002449,ORD004142,CAMP0178,7.31,Web,snapchat
A002450,ORD000656,CAMP0095,51.98,Web,google
A002451,ORD003531,CAMP0117,135.64,Web,snapchat
A002452,ORD003401,CAMP0205,222.78,Web,meta
A002453,ORD000734,CAMP0061,11.34,Web,snapchat
A002454,ORD003098,CAMP0037,96.74,Web,google
A002455,ORD004329,CAMP0020,76.14,Web,tiktok
A002456,ORD004447,CAMP0231,301.12,Web,snapchat
A002457,ORD004296,CAMP0227,24.59,Retail,meta
A002458,ORD004539,CAMP0174,11.22,Retail,meta
A002459,ORD003305,CAMP0071,130.46,Mobile,google
A002460,ORD003457,CAMP0046,24.24,Web,meta
A002461,ORD004683,CAMP0187,71.31,Web,google
A002462,ORD000924,CAMP0145,67.95,Mobile,meta
A002463,ORD000365,CAMP0165,38.4,Mobile,tiktok
A002464,ORD002087,CAMP0038,22.77,Mobile,meta
A002465,ORD004914,CAMP0240,45.53,Mobile,tiktok
A002466,ORD002256,CAMP0213,22.3,Web,google
A002467,ORD001584,CAMP0063,27.2,Web,google
A002468,ORD001881,CAMP0013,36.64,Mobile,google
A002469,ORD004351,CAMP0044,180.08,Web,snapchat
A002470,ORD003246,CAMP0169,10.82,Web,snapchat
A002471,ORD000017,CAMP0103,30.0,Web,meta
A002472,ORD003419,CAMP0224,28.2,Mobile,meta
A002473,ORD004173,CAMP0091,24.72,Web,meta
A002474,ORD000122,CAMP0017,73.77,Retail,meta
A002475,ORD003869,CAMP0076,122.0,Mobile,meta
A002476,ORD004044,CAMP0062,150.2,Web,google
A002477,ORD003312,CAMP0065,338.35,Retail,snapchat
A002478,ORD001294,CAMP0127,69.38,Mobile,meta
A002479,ORD004563,CAMP0014,40.95,Web,google
A002480,ORD002358,CAMP0208,60.03,Mobile,snapchat
A002481,ORD001625,CAMP0174,59.28,Web,google
A002482,ORD000467,CAMP0039,41.22,Web,tiktok
A002483,ORD004288,CAMP0082,87.58,Web,meta
A002484,ORD000208,CAMP0050,38.94,Web,snapchat
A002485,ORD004536,CAMP0097,110.96,Web,meta
A002486,ORD003437,CAMP0038,32.87,Retail,snapchat
A002487,ORD003630,CAMP0024,63.78,Web,meta
A002488,ORD004203,CAMP0100,7.3,Retail,google
A002489,ORD002573,CAMP0090,11.28,Web,tiktok
A002490,ORD000314,CAMP0010,121.2,Mobile,google
A002491,ORD002170,CAMP0144,72.4,Mobile,snapchat
A002492,ORD002460,CAMP0185,92.63,Web,tiktok
A002493,ORD000650,CAMP0088,21.26,Web,tiktok
A002494,ORD004980,CAMP0103,24.02,Web,google
A002495,ORD001939,CAMP0100,24.3,Mobile,google
A002496,ORD004028,CAMP0119,13.02,Mobile,meta
A002497,ORD001971,CAMP0246,5.27,Web,snapchat
A002498,ORD002349,CAMP0186,83.94,Mobile,google
A002499,ORD002862,CAMP0013,11.58,Retail,snapchat
A002500,ORD000340,CAMP0011,90.57,Web,google
A002501,ORD003812,CAMP0034,91.7,Mobile,meta
A002502,ORD001007,CAMP0043,136.74,Retail,meta
A002503,ORD003441,CAMP0049,148.67,Mobile,meta
A002504,ORD002125,CAMP0222,164.3,Retail,google
A002505,ORD002836,CAMP0154,34.9,Web,meta
A002506,ORD002715,CAMP0116,116.72,Retail,meta
A002507,ORD002108,CAMP0214,29.59,Mobile,tiktok
A002508,ORD004488,CAMP0150,66.98,Retail,google
A002509,ORD003135,CAMP0187,89.2,Web,snapchat
A002510,ORD001085,CAMP0047,138.76,Mobile,tiktok
A002511,ORD003512,CAMP0019,13.39,Mobile,meta
A002512,ORD000118,CAMP0230,47.5,Web,google
A002513,ORD001978,CAMP0142,567.87,Web,tiktok
A002514,ORD002702,CAMP0039,184.6,Mobile,meta
A002515,ORD003694,CAMP0233,22.1,Retail,google
A002516,ORD002491,CAMP0175,83.14,Web,google
A002517,ORD002675,CAMP0216,72.06,Web,snapchat
A002518,ORD004871,CAMP0075,5.12,Mobile,tiktok
A002519,ORD002873,CAMP0143,66.0,Mobile,tiktok
A002520,ORD000591,CAMP0097,60.08,Web,tiktok
A002521,ORD004467,CAMP0105,32.0,Mobile,meta
A002522,ORD004078,CAMP0064,19.07,Retail,meta
A002523,ORD004461,CAMP0170,92.63,Retail,tiktok
A002524,ORD003321,CAMP0060,34.06,Web,snapchat
A002525,ORD001019,CAMP0065,4.66,Web,meta
A002526,ORD000506,CAMP0249,201.32,Web,tiktok
A002527,ORD001617,CAMP0022,55.6,Web,meta
A002528,ORD004434,CAMP0162,7.35,Web,google
A002529,ORD001326,CAMP0249,34.61,Mobile,google
A002530,ORD004560,CAMP0031,335.36,Web,tiktok
A002531,ORD004801,CAMP0057,48.04,Web,google
A002532,ORD000599,CAMP0053,522.4,Web,google
A002533,ORD000224,CAMP0055,139.6,Mobile,meta
A002534,ORD000923,CAMP0129,260.31,Retail,google
A002535,ORD003844,CAMP0053,110.96,Web,meta
A002536,ORD000839,CAMP0123,125.75,Web,tiktok
A002537,ORD003634,CAMP0166,4.66,Web,snapchat
A002538,ORD000211,CAMP0223,83.14,Mobile,meta
A002539,ORD003250,CAMP0173,7.3,Web,tiktok
A002540,ORD002406,CAMP0030,75.76,Web,meta
A002541,ORD000175,CAMP0246,103.96,Web,snapchat
A002542,ORD002306,CAMP0223,61.64,Mobile,google
A002543,ORD003977,CAMP0075,35.0,Mobile,snapchat
A002544,ORD002578,CAMP0123,66.9,Web,snapchat
A002545,ORD002185,CAMP0035,94.82,Mobile,tiktok
A002546,ORD003752,CAMP0186,77.64,Retail,snapchat
A002547,ORD001732,CAMP0231,75.96,Web,snapchat
A002548,ORD002857,CAMP0193,85.08,Mobile,google
A002549,ORD001157,CAMP0021,99.21,Web,snapchat
A002550,ORD002875,CAMP0083,11.65,Web,tiktok
A002551,ORD004768,CAMP0236,20.06,Mobile,meta
A002552,ORD001562,CAMP0095,80.1,Mobile,meta
A002553,ORD003499,CAMP0213,51.26,Mobile,meta
A002554,ORD004948,CAMP0124,8.46,Mobile,google
A002555,ORD003110,CAMP0232,63.2,Web,google
A002556,ORD001959,CAMP0143,246.45,Mobile,meta
A002557,ORD003850,CAMP0204,114.09,Web,google
A002558,ORD002310,CAMP0067,73.62,Web,google
A002559,ORD002659,CAMP0001,135.6,Web,google
A002560,ORD003430,CAMP0099,69.88,Web,tiktok
A002561,ORD003493,CAMP0103,93.78,Mobile,tiktok
A002562,ORD002500,CAMP0015,43.75,Retail,google
A002563,ORD004024,CAMP0130,78.74,Web,google
A002564,ORD002181,CAMP0020,83.76,Retail,meta
A002565,ORD001534,CAMP0228,21.93,Mobile,tiktok
A002566,ORD004528,CAMP0001,66.04,Web,tiktok
A002567,ORD000644,CAMP0085,32.52,Retail,google
A002568,ORD003476,CAMP0108,107.52,Web,tiktok
A002569,ORD001152,CAMP0010,2.57,Mobile,snapchat
A002570,ORD004625,CAMP0044,42.52,Web,tiktok
A002571,ORD001289,CAMP0124,17.07,Web,tiktok
A002572,ORD000125,CAMP0157,8.79,Mobile,snapchat
A002573,ORD003080,CAMP0004,42.52,Mobile,tiktok
A002574,ORD000130,CAMP0173,88.02,Web,tiktok
A002575,ORD002057,CAMP0171,41.25,Mobile,tiktok
A002576,ORD001122,CAMP0046,13.74,Retail,google
A002577,ORD004163,CAMP0107,196.08,Web,meta
A002578,ORD000109,CAMP0186,3.17,Web,google
A002579,ORD001148,CAMP0158,1527.64,Web,tiktok
A002580,ORD003222,CAMP0070,46.96,Mobile,tiktok
A002581,ORD000371,CAMP0054,129.0,Web,snapchat
A002582,ORD002334,CAMP0032,411.15,Web,snapchat
A002583,ORD002693,CAMP0187,44.01,Web,snapchat
A002584,ORD004863,CAMP0069,379.8,Retail,google
A002585,ORD003784,CAMP0174,53.76,Web,snapchat
A002586,ORD002965,CAMP0193,282.87,Web,tiktok
A002587,ORD002101,CAMP0222,58.2,Retail,snapchat
A002588,ORD003858,CAMP0004,33.07,Mobile,tiktok
A002589,ORD004276,CAMP0245,94.82,Retail,snapchat
A002590,ORD004696,CAMP0111,7.35,Mobile,meta
A002591,ORD003733,CAMP0244,243.78,Mobile,tiktok
A002592,ORD000539,CAMP0090,264.72,Mobile,snapchat
A002593,ORD003544,CAMP0050,69.57,Web,meta
A002594,ORD001261,CAMP0143,16.58,Retail,snapchat
A002595,ORD002952,CAMP0215,68.37,Web,google
A002596,ORD002847,CAMP0241,40.52,Web,meta
A002597,ORD000608,CAMP0022,438.52,Mobile,meta
A002598,ORD000942,CAMP0149,66.14,Web,google
A002599,ORD004152,CAMP0022,57.4,Retail,google
A002600,ORD002123,CAMP0152,44.04,Mobile,google
A002601,ORD004502,CAMP0036,157.23,Web,meta
A002602,ORD003420,CAMP0098,7.54,Web,snapchat
A002603,ORD002598,CAMP0005,35.2,Mobile,snapchat
A002604,ORD000640,CAMP0040,12.85,Retail,snapchat
A002605,ORD002739,CAMP0200,98.36,Mobile,snapchat
A002606,ORD001242,CAMP0017,52.29,Web,snapchat
A002607,ORD001704,CAMP0019,313.44,Mobile,tiktok
A002608,ORD000073,CAMP0104,496.45,Retail,meta
A002609,ORD002843,CAMP0142,18.58,Mobile,snapchat
A002610,ORD004235,CAMP0177,303.84,Mobile,meta
A002611,ORD000809,CAMP0094,321.12,Web,tiktok
A002612,ORD001106,CAMP0233,76.86,Mobile,snapchat
A002613,ORD004400,CAMP0149,91.0,Web,google
A002614,ORD003800,CAMP0182,39.18,Web,tiktok
A002615,ORD002791,CAMP0179,51.95,Web,google
A002616,ORD002038,CAMP0156,92.07,Web,snapchat
A002617,ORD004116,CAMP0180,33.4,Mobile,google
A002618,ORD000364,CAMP0167,11.76,Mobile,meta
A002619,ORD000935,CAMP0203,162.45,Web,google
A002620,ORD004483,CAMP0150,202.9,Mobile,google
A002621,ORD002627,CAMP0062,19.02,Mobile,snapchat
A002622,ORD001968,CAMP0138,66.14,Mobile,tiktok
A002623,ORD002531,CAMP0115,174.48,Web,snapchat
A002624,ORD000201,CAMP0119,41.14,Web,meta
A002625,ORD000722,CAMP0076,133.86,Web,tiktok
A002626,ORD004021,CAMP0149,2.94,Web,snapchat
A002627,ORD003298,CAMP0113,60.78,Web,google
A002628,ORD002800,CAMP0221,140.67,Mobile,snapchat
A002629,ORD003451,CAMP0214,93.78,Web,snapchat
A002630,ORD004168,CAMP0148,32.4,Mobile,tiktok
A002631,ORD003145,CAMP0165,12.66,Web,snapchat
A002632,ORD004987,CAMP0070,121.89,Mobile,snapchat
A002633,ORD003703,CAMP0204,446.01,Mobile,snapchat
A002634,ORD000334,CAMP0165,253.9,Web,meta
A002635,ORD001650,CAMP0242,14.0,Web,google
A002636,ORD003782,CAMP0006,101.38,Web,meta
A002637,ORD001740,CAMP0045,16.02,Web,google
A002638,ORD000593,CAMP0244,95.35,Mobile,meta
A002639,ORD002547,CAMP0030,9.0,Web,meta
A002640,ORD001168,CAMP0144,23.34,Retail,tiktok
A002641,ORD002570,CAMP0036,18.04,Mobile,snapchat
A002642,ORD001908,CAMP0249,15.16,Web,google
A002643,ORD003274,CAMP0012,50.6,Web,meta
A002644,ORD000894,CAMP0156,9.0,Mobile,snapchat
A002645,ORD000031,CAMP0111,22.77,Web,tiktok
A002646,ORD001092,CAMP0066,15.58,Web,meta
A002647,ORD002665,CAMP0124,80.76,Web,meta
A002648,ORD002336,CAMP0056,15.58,Web,tiktok
A002649,ORD004682,CAMP0233,49.93,Web,meta
A002650,ORD004949,CAMP0008,14.7,Web,meta
A002651,ORD003492,CAMP0033,99.21,Web,tiktok
A002652,ORD002826,CAMP0123,18.99,Mobile,google
A002653,ORD004503,CAMP0088,78.08,Mobile,google
A002654,ORD004960,CAMP0115,4.52,Web,snapchat
A002655,ORD000320,CAMP0216,8.82,Mobile,google
A002656,ORD003175,CAMP0166,116.72,Mobile,google
A002657,ORD001405,CAMP0054,455.32,Web,meta
A002658,ORD002892,CAMP0161,126.33,Web,google
A002659,ORD000066,CAMP0001,18.0,Web,meta
A002660,ORD002882,CAMP0111,37.7,Mobile,meta
A002661,ORD003653,CAMP0006,133.96,Web,meta
A002662,ORD004613,CAMP0177,12.95,Web,tiktok
A002663,ORD001386,CAMP0052,195.74,Retail,tiktok
A002664,ORD000573,CAMP0033,7.49,Web,google
A002665,ORD000144,CAMP0095,284.2,Web,snapchat
A002666,ORD004672,CAMP0168,78.74,Mobile,snapchat
A002667,ORD000417,CAMP0144,15.25,Web,meta
A002668,ORD002140,CAMP0123,5.14,Retail,snapchat
A002669,ORD002912,CAMP0183,12.66,Web,google
A002670,ORD001665,CAMP0015,779.46,Web,google
A002671,ORD002463,CAMP0078,34.06,Web,tiktok
A002672,ORD003523,CAMP0099,9.02,Retail,snapchat
A002673,ORD004411,CAMP0174,19.12,Mobile,meta
A002674,ORD004130,CAMP0205,121.72,Mobile,meta
A002675,ORD001551,CAMP0128,30.82,Mobile,meta
A002676,ORD003461,CAMP0230,44.04,Mobile,google
A002677,ORD001569,CAMP0161,150.2,Web,snapchat
A002678,ORD002171,CAMP0022,24.02,Retail,meta
A002679,ORD000106,CAMP0073,483.7,Web,google
A002680,ORD002756,CAMP0015,25.5,Retail,meta
A002681,ORD003478,CAMP0068,209.64,Mobile,meta
A002682,ORD000795,CAMP0028,38.24,Retail,tiktok
A002683,ORD002072,CAMP0213,4.42,Retail,snapchat
A002684,ORD004389,CAMP0009,203.01,Web,tiktok
A002685,ORD001805,CAMP0097,26.64,Web,google
A002686,ORD002545,CAMP0154,39.95,Web,meta
A002687,ORD004712,CAMP0016,20.36,Web,snapchat
A002688,ORD002341,CAMP0022,106.37,Web,google
A002689,ORD004342,CAMP0217,7.35,Mobile,tiktok
A002690,ORD002788,CAMP0017,57.21,Web,google
A002691,ORD002277,CAMP0034,49.17,Mobile,google
A002692,ORD000530,CAMP0171,109.1,Mobile,snapchat
A002693,ORD003799,CAMP0249,335.91,Web,snapchat
A002694,ORD002933,CAMP0149,152.07,Mobile,snapchat
A002695,ORD003859,CAMP0014,202.5,Web,meta
A002696,ORD004569,CAMP0040,33.81,Web,tiktok
A002697,ORD003279,CAMP0021,18.24,Mobile,meta
A002698,ORD004795,CAMP0039,1136.8,Web,tiktok
A002699,ORD003237,CAMP0117,233.42,Web,snapchat
A002700,ORD004315,CAMP0193,19.98,Mobile,google
A002701,ORD004817,CAMP0238,246.16,Web,tiktok
A002702,ORD004686,CAMP0150,45.3,Web,meta
A002703,ORD004066,CAMP0021,179.46,Web,google
A002704,ORD001357,CAMP0103,151.92,Retail,tiktok
A002705,ORD000276,CAMP0223,14.7,Web,snapchat
A002706,ORD003604,CAMP0024,69.88,Web,meta
A002707,ORD004600,CAMP0108,477.9,Retail,tiktok
A002708,ORD001146,CAMP0118,17.45,Mobile,tiktok
A002709,ORD003073,CAMP0120,4.51,Web,snapchat
A002710,ORD004889,CAMP0039,55.83,Retail,meta
A002711,ORD001622,CAMP0221,1204.48,Retail,snapchat
A002712,ORD004019,CAMP0006,25.39,Web,tiktok
A002713,ORD004805,CAMP0242,81.95,Retail,snapchat
A002714,ORD002249,CAMP0098,35.0,Mobile,google
A002715,ORD002225,CAMP0239,45.3,Web,meta
A002716,ORD002144,CAMP0128,37.67,Web,tiktok
A002717,ORD003991,CAMP0125,39.18,Web,google
A002718,ORD000945,CAMP0241,381.78,Web,tiktok
A002719,ORD001265,CAMP0167,202.9,Web,snapchat
A002720,ORD000837,CAMP0082,49.0,Retail,tiktok
A002721,ORD004064,CAMP0025,22.68,Web,meta
A002722,ORD000029,CAMP0012,24.24,Retail,tiktok
A002723,ORD000874,CAMP0077,44.46,Mobile,snapchat
A002724,ORD000323,CAMP0238,57.26,Mobile,meta
A002725,ORD001345,CAMP0017,123.08,Mobile,google
A002726,ORD003984,CAMP0164,67.82,Web,google
A002727,ORD002054,CAMP0048,21.87,Web,meta
A002728,ORD000836,CAMP0179,477.92,Web,google
A002729,ORD003768,CAMP0203,22.94,Mobile,tiktok
A002730,ORD001897,CAMP0176,80.76,Mobile,google
A002731,ORD001017,CAMP0199,15.25,Web,google
A002732,ORD000491,CAMP0006,243.78,Mobile,meta
A002733,ORD003526,CAMP0120,6.6,Web,google
A002734,ORD004425,CAMP0084,166.28,Web,google
A002735,ORD000918,CAMP0212,15.16,Web,google
A002736,ORD002109,CAMP0029,477.9,Retail,google
A002737,ORD000061,CAMP0138,40.52,Web,tiktok
A002738,ORD001575,CAMP0097,9.26,Web,google
A002739,ORD001135,CAMP0124,13.26,Mobile,snapchat
A002740,ORD003773,CAMP0048,226.22,Mobile,google
A002741,ORD003558,CAMP0064,19.8,Web,snapchat
A002742,ORD001764,CAMP0044,16.72,Web,tiktok
A002743,ORD003160,CAMP0204,42.51,Mobile,tiktok
A002744,ORD003742,CAMP0242,85.29,Mobile,meta
A002745,ORD003295,CAMP0223,5.1,Web,tiktok
A002746,ORD000819,CAMP0238,285.24,Web,snapchat
A002747,ORD003335,CAMP0094,76.48,Retail,google
A002748,ORD000027,CAMP0191,30.69,Mobile,snapchat
A002749,ORD002009,CAMP0033,60.6,Mobile,meta
A002750,ORD001773,CAMP0175,410.75,Mobile,google
A002751,ORD000989,CAMP0035,16.02,Web,tiktok
A002752,ORD004409,CAMP0245,11.13,Mobile,google
A002753,ORD002942,CAMP0173,122.64,Retail,meta
A002754,ORD004814,CAMP0086,723.39,Mobile,google
A002755,ORD001934,CAMP0145,320.68,Web,tiktok
A002756,ORD002774,CAMP0228,9.12,Web,meta
A002757,ORD000016,CAMP0178,20.86,Retail,tiktok
A002758,ORD002604,CAMP0063,260.16,Web,google
A002759,ORD001196,CAMP0144,92.73,Web,google
A002760,ORD003701,CAMP0150,189.64,Web,tiktok
A002761,ORD004124,CAMP0187,9.68,Web,meta
A002762,ORD004306,CAMP0187,23.29,Retail,google
A002763,ORD002729,CAMP0040,46.36,Retail,tiktok
A002764,ORD003606,CAMP0014,164.46,Mobile,meta
A002765,ORD002919,CAMP0203,98.61,Mobile,snapchat
A002766,ORD002760,CAMP0182,30.19,Web,google
A002767,ORD001469,CAMP0117,2.93,Mobile,google
A002768,ORD001179,CAMP0162,30.69,Web,tiktok
A002769,ORD000625,CAMP0135,294.5,Mobile,tiktok
A002770,ORD002097,CAMP0240,24.72,Retail,google
A002771,ORD004830,CAMP0227,76.17,Web,tiktok
A002772,ORD001174,CAMP0098,126.4,Web,tiktok
A002773,ORD002438,CAMP0074,39.37,Mobile,tiktok
A002774,ORD002155,CAMP0150,52.44,Web,tiktok
A002775,ORD004075,CAMP0104,252.66,Retail,snapchat
A002776,ORD002526,CAMP0014,238.96,Web,google
A002777,ORD000117,CAMP0006,132.28,Mobile,tiktok
A002778,ORD001800,CAMP0250,36.5,Mobile,tiktok
A002779,ORD003363,CAMP0012,19.06,Mobile,google
A002780,ORD001713,CAMP0101,120.52,Mobile,tiktok
A002781,ORD004651,CAMP0149,24.87,Mobile,snapchat
A002782,ORD001674,CAMP0050,18.99,Web,snapchat
A002783,ORD004004,CAMP0101,31.14,Mobile,snapchat
A002784,ORD001327,CAMP0128,164.3,Mobile,snapchat
A002785,ORD002208,CAMP0157,82.5,Web,snapchat
A002786,ORD002753,CAMP0179,126.56,Web,meta
A002787,ORD000575,CAMP0024,48.24,Mobile,snapchat
A002788,ORD003091,CAMP0232,198.45,Mobile,snapchat
A002789,ORD001922,CAMP0107,131.82,Web,google
A002790,ORD004885,CAMP0205,57.26,Web,snapchat
A002791,ORD004942,CAMP0227,222.78,Mobile,tiktok
A002792,ORD003029,CAMP0021,33.66,Mobile,snapchat
A002793,ORD001819,CAMP0056,114.52,Mobile,snapchat
A002794,ORD002815,CAMP0115,42.51,Web,meta
A002795,ORD003697,CAMP0099,55.84,Mobile,tiktok
A002796,ORD001613,CAMP0035,48.6,Web,snapchat
A002797,ORD003702,CAMP0055,39.04,Mobile,snapchat
A002798,ORD000372,CAMP0213,84.16,Mobile,google
A002799,ORD001521,CAMP0152,335.91,Web,meta
A002800,ORD002969,CAMP0109,8.79,Mobile,tiktok
A002801,ORD003040,CAMP0053,99.86,Web,snapchat
A002802,ORD002734,CAMP0038,569.5,Mobile,meta
A002803,ORD002543,CAMP0100,44.68,Web,tiktok
A002804,ORD002361,CAMP0246,44.68,Mobile,tiktok
A002805,ORD003339,CAMP0030,10.78,Web,tiktok
A002806,ORD001779,CAMP0027,15.16,Web,tiktok
A002807,ORD003929,CAMP0179,53.14,Web,meta
A002808,ORD001890,CAMP0050,133.86,Mobile,google
A002809,ORD004108,CAMP0226,24.59,Mobile,snapchat
A002810,ORD001727,CAMP0159,80.46,Mobile,snapchat
A002811,ORD002128,CAMP0054,49.4,Web,meta
A002812,ORD002518,CAMP0238,135.34,Web,snapchat
A002813,ORD004166,CAMP0158,229.04,Web,snapchat
A002814,ORD004709,CAMP0160,49.4,Web,google
A002815,ORD003163,CAMP0114,205.04,Mobile,tiktok
A002816,ORD003574,CAMP0002,150.6,Web,meta
A002817,ORD001532,CAMP0198,160.24,Web,meta
A002818,ORD003018,CAMP0042,23.3,Web,google
A002819,ORD000703,CAMP0018,80.17,Web,google
A002820,ORD002724,CAMP0182,3.17,Mobile,meta
A002821,ORD002582,CAMP0063,3.83,Web,tiktok
A002822,ORD000598,CAMP0192,18.1,Web,google
A002823,ORD003056,CAMP0086,20.26,Web,tiktok
A002824,ORD004670,CAMP0092,1948.65,Web,snapchat
A002825,ORD001482,CAMP0061,71.34,Web,google
A002826,ORD003308,CAMP0023,113.11,Retail,tiktok
A002827,ORD000677,CAMP0160,568.4,Web,meta
A002828,ORD001278,CAMP0058,57.66,Mobile,snapchat
A002829,ORD001246,CAMP0231,51.95,Web,snapchat
A002830,ORD002770,CAMP0220,120.48,Web,snapchat
A002831,ORD001756,CAMP0131,202.24,Mobile,tiktok
A002832,ORD003490,CAMP0218,184.6,Web,tiktok
A002833,ORD001142,CAMP0171,73.97,Web,tiktok
A002834,ORD000343,CAMP0218,11.46,Web,google
A002835,ORD004460,CAMP0007,282.87,Mobile,google
A002836,ORD004359,CAMP0205,29.64,Mobile,snapchat
A002837,ORD004518,CAMP0233,7.32,Mobile,snapchat
A002838,ORD004253,CAMP0095,95.4,Retail,tiktok
A002839,ORD003393,CAMP0062,65.91,Web,meta
A002840,ORD003960,CAMP0064,93.92,Web,tiktok
A002841,ORD002922,CAMP0085,9.26,Web,meta
A002842,ORD001348,CAMP0171,25.32,Mobile,snapchat
A002843,ORD002156,CAMP0074,65.73,Mobile,meta
A002844,ORD002631,CAMP0179,64.87,Web,snapchat
A002845,ORD003149,CAMP0142,253.9,Web,meta
A002846,ORD002585,CAMP0189,14.7,Mobile,meta
A002847,ORD004777,CAMP0010,21.08,Web,snapchat
A002848,ORD004082,CAMP0008,68.37,Mobile,meta
A002849,ORD004395,CAMP0132,17.45,Web,tiktok
A002850,ORD002276,CAMP0021,12.0,Web,google
A002851,ORD001317,CAMP0170,94.29,Mobile,google
A002852,ORD000547,CAMP0242,192.06,Mobile,snapchat
A002853,ORD002083,CAMP0198,9.0,Web,meta
A002854,ORD002555,CAMP0230,73.62,Web,snapchat
A002855,ORD002405,CAMP0168,54.15,Mobile,google
A002856,ORD002966,CAMP0220,244.9,Web,meta
A002857,ORD001377,CAMP0137,6.34,Retail,tiktok
A002858,ORD000827,CAMP0133,27.05,Mobile,meta
A002859,ORD004733,CAMP0022,33.4,Web,tiktok
A002860,ORD004690,CAMP0139,312.72,Web,meta
A002861,ORD001055,CAMP0146,135.64,Mobile,snapchat
A002862,ORD001654,CAMP0055,75.29,Retail,tiktok
A002863,ORD000570,CAMP0122,68.12,Retail,google
A002864,ORD004293,CAMP0042,238.64,Mobile,meta
A002865,ORD003261,CAMP0007,16.39,Web,google
A002866,ORD002280,CAMP0218,212.74,Retail,google
A002867,ORD004007,CAMP0037,738.4,Mobile,snapchat
A002868,ORD003464,CAMP0172,100.05,Retail,google
A002869,ORD002494,CAMP0102,13.65,Web,snapchat
A002870,ORD002973,CAMP0174,78.58,Mobile,tiktok
A002871,ORD001073,CAMP0119,15.25,Web,snapchat
A002872,ORD004318,CAMP0160,18.1,Mobile,meta
A002873,ORD001893,CAMP0167,167.64,Mobile,tiktok
A002874,ORD001307,CAMP0191,73.62,Web,google
A002875,ORD003245,CAMP0177,52.35,Web,snapchat
A002876,ORD000406,CAMP0061,190.89,Web,snapchat
A002877,ORD003322,CAMP0010,15.56,Mobile,tiktok
A002878,ORD001776,CAMP0226,433.85,Web,google
A002879,ORD002829,CAMP0140,20.4,Mobile,meta
A002880,ORD004352,CAMP0173,301.12,Mobile,google
A002881,ORD004109,CAMP0034,23.82,Mobile,tiktok
A002882,ORD003709,CAMP0230,234.11,Retail,meta
A002883,ORD000642,CAMP0229,14.62,Web,tiktok
A002884,ORD003458,CAMP0035,223.28,Retail,snapchat
A002885,ORD001570,CAMP0050,70.44,Web,tiktok
A002886,ORD003989,CAMP0071,82.15,Mobile,meta
A002887,ORD004248,CAMP0006,11.38,Web,meta
A002888,ORD004470,CAMP0120,38.12,Web,meta
A002889,ORD002451,CAMP0159,22.3,Mobile,google
A002890,ORD003584,CAMP0033,41.91,Mobile,google
A002891,ORD004713,CAMP0043,32.24,Web,tiktok
A002892,ORD002953,CAMP0193,37.67,Mobile,google
A002893,ORD001216,CAMP0002,234.87,Mobile,google
A002894,ORD001859,CAMP0169,33.94,Retail,meta
A002895,ORD002197,CAMP0144,123.42,Web,tiktok
A002896,ORD001915,CAMP0051,781.8,Web,snapchat
A002897,ORD003117,CAMP0133,42.52,Retail,meta
A002898,ORD001891,CAMP0014,18.88,Mobile,tiktok
A002899,ORD004561,CAMP0074,107.52,Web,snapchat
A002900,ORD003750,CAMP0243,42.7,Mobile,google
A002901,ORD004081,CAMP0081,33.87,Mobile,meta
A002902,ORD001155,CAMP0123,12.85,Mobile,meta
A002903,ORD000440,CAMP0009,172.15,Retail,meta
A002904,ORD001202,CAMP0178,51.42,Web,snapchat
A002905,ORD003692,CAMP0064,39.37,Retail,meta
A002906,ORD001105,CAMP0123,98.16,Web,meta
A002907,ORD002542,CAMP0075,60.36,Web,snapchat
A002908,ORD003944,CAMP0027,234.87,Mobile,snapchat
A002909,ORD003520,CAMP0139,31.32,Web,snapchat
A002910,ORD004195,CAMP0072,126.45,Web,tiktok
A002911,ORD000546,CAMP0182,9.05,Web,meta
A002912,ORD003994,CAMP0153,16.2,Web,meta
A002913,ORD000910,CAMP0179,59.72,Web,snapchat
A002914,ORD000847,CAMP0223,15.85,Retail,tiktok
A002915,ORD002056,CAMP0208,109.55,Mobile,google
A002916,ORD004146,CAMP0156,27.36,Web,tiktok
A002917,ORD004573,CAMP0179,147.95,Mobile,snapchat
A002918,ORD000088,CAMP0022,39.78,Web,google
A002919,ORD001614,CAMP0076,78.74,Retail,tiktok
A002920,ORD000452,CAMP0074,60.6,Mobile,google
A002921,ORD000102,CAMP0164,99.78,Web,snapchat
A002922,ORD002768,CAMP0067,8.8,Web,snapchat
A002923,ORD004954,CAMP0041,34.9,Mobile,snapchat
A002924,ORD003255,CAMP0123,33.87,Web,tiktok
A002925,ORD004158,CAMP0210,29.4,Web,google
A002926,ORD002353,CAMP0075,10.54,Mobile,meta
A002927,ORD002841,CAMP0226,2.93,Web,tiktok
A002928,ORD002192,CAMP0240,81.3,Mobile,google
A002929,ORD004788,CAMP0123,3.07,Mobile,snapchat
A002930,ORD001419,CAMP0199,132.08,Web,tiktok
A002931,ORD000101,CAMP0057,16.7,Retail,snapchat
A002932,ORD004190,CAMP0213,529.44,Mobile,google
A002933,ORD000382,CAMP0240,45.27,Mobile,google
A002934,ORD002165,CAMP0083,15.04,Web,snapchat
A002935,ORD002982,CAMP0156,154.1,Mobile,meta
A002936,ORD003781,CAMP0013,55.83,Retail,snapchat
A002937,ORD004472,CAMP0130,314.37,Web,meta
A002938,ORD000137,CAMP0209,39.95,Mobile,snapchat
A002939,ORD003906,CAMP0132,76.88,Mobile,snapchat
A002940,ORD004998,CAMP0209,156.58,Mobile,tiktok
A002941,ORD004391,CAMP0195,72.4,Mobile,snapchat
A002942,ORD003131,CAMP0200,87.48,Web,meta
A002943,ORD001323,CAMP0184,411.15,Mobile,meta
A002944,ORD000250,CAMP0043,60.57,Web,meta
A002945,ORD003263,CAMP0196,349.11,Web,snapchat
A002946,ORD001012,CAMP0236,245.1,Web,tiktok
A002947,ORD002652,CAMP0241,167.46,Mobile,google
A002948,ORD001169,CAMP0027,57.26,Mobile,tiktok
A002949,ORD002357,CAMP0213,284.46,Web,tiktok
A002950,ORD002579,CAMP0230,11.38,Web,snapchat
A002951,ORD003465,CAMP0189,703.28,Mobile,meta
A002952,ORD001666,CAMP0147,30.32,Retail,snapchat
A002953,ORD002902,CAMP0238,214.08,Web,snapchat
A002954,ORD004093,CAMP0225,27.45,Mobile,google
A002955,ORD003306,CAMP0131,17.36,Mobile,snapchat
A002956,ORD004927,CAMP0018,24.22,Web,tiktok
A002957,ORD000979,CAMP0187,95.6,Mobile,tiktok
A002958,ORD000181,CAMP0161,20.91,Web,meta
A002959,ORD004652,CAMP0138,38.12,Mobile,tiktok
A002960,ORD001222,CAMP0209,121.72,Mobile,tiktok
A002961,ORD000976,CAMP0039,9.32,Retail,meta
A002962,ORD001930,CAMP0037,3.54,Web,google
A002963,ORD001823,CAMP0028,109.8,Mobile,meta
A002964,ORD001775,CAMP0015,89.2,Mobile,tiktok
A002965,ORD001641,CAMP0173,702.33,Web,tiktok
A002966,ORD001210,CAMP0179,126.4,Web,google
A002967,ORD004271,CAMP0123,50.56,Mobile,snapchat
A002968,ORD004966,CAMP0140,98.8,Mobile,google
A002969,ORD003269,CAMP0078,119.1,Web,google
A002970,ORD003537,CAMP0177,43.75,Web,snapchat
A002971,ORD004074,CAMP0121,20.06,Web,tiktok
A002972,ORD002538,CAMP0178,99.29,Web,snapchat
A002973,ORD002528,CAMP0041,164.3,Web,google
A002974,ORD004426,CAMP0127,34.94,Retail,tiktok
A002975,ORD003915,CAMP0187,60.0,Web,google
A002976,ORD003198,CAMP0066,82.23,Web,tiktok
A002977,ORD004856,CAMP0143,69.57,Web,meta
A002978,ORD000988,CAMP0227,22.76,Mobile,tiktok
A002979,ORD003612,CAMP0053,71.34,Retail,google
A002980,ORD000110,CAMP0024,97.54,Mobile,snapchat
A002981,ORD003535,CAMP0178,55.48,Mobile,tiktok
A002982,ORD003688,CAMP0068,268.8,Web,snapchat
A002983,ORD001999,CAMP0208,25.6,Mobile,meta
A002984,ORD004284,CAMP0160,135.34,Mobile,snapchat
A002985,ORD002924,CAMP0020,253.12,Web,snapchat
A002986,ORD001456,CAMP0161,49.0,Web,meta
A002987,ORD000857,CAMP0118,194.84,Mobile,google
A002988,ORD000510,CAMP0115,37.98,Web,tiktok
A002989,ORD001149,CAMP0084,24.54,Web,snapchat
A002990,ORD003913,CAMP0147,95.8,Retail,meta
A002991,ORD000688,CAMP0073,17.36,Mobile,google
A002992,ORD004444,CAMP0066,55.74,Web,google
A002993,ORD002897,CAMP0153,9.15,Mobile,google
A002994,ORD002794,CAMP0043,227.65,Mobile,google
A002995,ORD000243,CAMP0027,24.97,Mobile,meta
A002996,ORD002328,CAMP0020,67.82,Web,snapchat
A002997,ORD004287,CAMP0092,21.27,Mobile,snapchat
A002998,ORD002725,CAMP0182,39.2,Web,snapchat
A002999,ORD002637,CAMP0068,33.81,Web,meta
A003000,ORD002880,CAMP0063,32.04,Web,google
