orderid,timestamp,productid,productname,category,quantity,grossvalue,discountvalue,costofgoodssold,customerid,city,locationid,channel,orderstatus,cart_abandoned,total_price
ORD000001,2025-07-26 13:37:09,P0023,Otrivin Nasal Spray Bottle,Cold & Flu,1,23.25,3.49,10.97,C00686,Dammam,E099,Mobile,Completed,0,19.76
ORD000002,2025-05-19 02:15:01,P0105,Pampers Baby Dry Pack - Store Brand,Baby Care,4,300.04,45.01,169.44,C00880,Khobar,E084,Mobile,Completed,0,255.03
ORD000003,2025-06-23 22:12:09,P0205,Gaviscon 200ml Pack - Store Brand,Gastrointestinal,3,104.7,10.47,41.67,C01164,Riyadh,E018,Web,Completed,1,94.23
ORD000004,2024-12-30 14:11:37,P0298,Aspirin 100mg Bottle - Store Brand - Store Brand,Pain Relief,2,7.72,0.39,2.92,C00768,Jeddah,E109,Retail,Cancelled,0,7.33
ORD000005,2025-04-26 07:27:01,P0008,Aspirin 100mg Bottle,Pain Relief,1,8.19,0.41,3.2,C00060,Jeddah,E023,Mobile,Completed,0,7.78
ORD000006,2025-04-02 12:24:17,P0345,Otrivin Nasal Spray Box - Store Brand - Store Brand - Store Brand,Cold & Flu,5,44.0,0.0,19.15,C00592,Medina,E029,Mobile,Completed,0,44.0
ORD000007,2025-01-03 22:01:08,P0182,Nivea Body Lotion 400ml Bottle - Store Brand - Store Brand,Personal Care,1,16.02,0.8,7.84,C00337,Jeddah,E067,Retail,Completed,1,15.22
ORD000008,2025-03-11 02:24:58,P0378,Mometasone Furoate 0.1% 15g Box - Store Brand - Store Brand,Dermatology,4,245.28,0.0,103.68,C00325,Riyadh,E084,Web,Completed,0,245.28
ORD000009,2024-10-13 11:48:55,P0006,Panadol Advance Box,Pain Relief,2,32.78,1.64,15.2,C00023,Jeddah,E049,Mobile,Completed,0,31.14
ORD000010,2025-04-28 06:32:33,P0310,Aspirin 100mg Pack - Store Brand,Pain Relief,1,5.69,0.28,1.8,C01109,Dammam,E067,Web,Completed,0,5.41
ORD000011,2025-04-05 03:00:19,P0198,Nivea Body Lotion 400ml Bottle - Store Brand,Personal Care,3,71.25,0.0,37.05,C00145,Riyadh,E065,Retail,Completed,0,71.25
ORD000012,2024-05-21 20:16:36,P0212,Mometasone Furoate 0.1% 15g Pack - Store Brand - Store Brand - Store Brand,Dermatology,2,54.24,5.42,49.86,C00956,Khobar,E028,Web,Completed,0,48.82
ORD000013,2025-08-18 11:13:30,P0390,Femibion Prenatal Pack - Store Brand,Vitamins,1,112.55,11.26,40.79,C00679,Medina,E093,Web,Completed,1,101.29
ORD000014,2024-09-02 15:03:15,P0357,Earol Ear Drops Pack - Store Brand - Store Brand - Store Brand - Store Brand - Store Brand,Ear Care,2,5.92,0.89,4.06,C00491,Riyadh,E003,Web,Completed,0,5.03
ORD000015,2024-07-05 14:41:10,P0286,Femibion Prenatal Box - Store Brand - Store Brand,Vitamins,2,150.58,0.0,80.18,C00651,Khobar,E115,Mobile,Completed,0,150.58
ORD000016,2024-08-09 19:23:27,P0168,Vicks VapoRub 50g Bottle - Store Brand,Cold & Flu,2,20.86,3.13,7.66,C00785,Riyadh,E077,Retail,Completed,0,17.73
ORD000017,2024-05-28 13:42:57,P0022,Otrivin Nasal Spray Pack,Cold & Flu,1,30.0,4.5,11.92,C00178,Medina,E112,Web,Completed,1,25.5
ORD000018,2025-07-02 15:41:36,P0024,Otrivin Nasal Spray Box,Cold & Flu,1,24.5,1.23,11.45,C00946,Khobar,E080,Mobile,Completed,0,23.27
ORD000019,2025-03-10 04:32:39,P0326,Band-Aid Assorted Box - Store Brand - Store Brand,First Aid,2,13.2,0.0,6.06,C00189,Mecca,E030,Web,Completed,0,13.2
ORD000020,2024-08-27 03:17:54,P0008,Aspirin 100mg Bottle,Pain Relief,2,16.38,2.46,6.4,C00893,Medina,E106,Web,Completed,1,13.92
ORD000021,2025-07-13 10:59:04,P0269,Aspirin 100mg Bottle - Store Brand - Store Brand - Store Brand,Pain Relief,2,5.88,0.0,1.76,C00988,Riyadh,E012,Web,Completed,0,5.88
ORD000022,2025-09-01 00:30:40,P0339,Imodium 2mg Box - Store Brand - Store Brand,Gastrointestinal,2,37.22,5.58,12.72,C00903,Medina,E048,Retail,Completed,1,31.64
ORD000023,2024-09-17 05:10:54,P0370,Johnson's Baby Oil 200ml Pack - Store Brand,Baby Care,5,154.1,23.12,62.35,C00681,Medina,E102,Mobile,Completed,0,130.98
ORD000024,2025-02-16 10:56:43,P0215,Panadol Advance Box - Store Brand,Pain Relief,1,12.25,1.84,4.88,C00321,Mecca,E099,Web,Completed,0,10.41
ORD000025,2025-06-30 16:13:32,P0196,Brufen 400mg Box - Store Brand,Pain Relief,4,51.16,7.67,22.36,C00264,Jeddah,E033,Web,Completed,0,43.49
ORD000026,2025-06-14 21:42:33,P0114,Otrivin Nasal Spray Box - Store Brand - Store Brand,Cold & Flu,2,25.9,0.0,12.88,C00814,Khobar,E049,Mobile,Completed,0,25.9
ORD000027,2025-02-03 12:40:21,P0398,Johnson's Baby Oil 200ml Box - Store Brand,Baby Care,1,30.69,1.53,9.35,C01102,Khobar,E055,Mobile,Completed,1,29.16
ORD000028,2025-06-04 13:27:51,P0104,Refresh Tears Eye Drops Box - Store Brand,Eye Care,1,30.32,3.03,14.44,C00147,Mecca,E088,Web,Completed,1,27.29
ORD000029,2024-08-08 18:49:22,P0395,Omega-3 Fish Oil Pack - Store Brand - Store Brand - Store Brand - Store Brand,Vitamins,1,24.24,3.64,10.94,C00708,Medina,E033,Retail,Completed,1,20.6
ORD000030,2024-07-08 05:01:54,P0004,Panadol Advance Pack,Pain Relief,4,69.44,0.0,26.76,C00581,Dammam,E096,Web,Completed,0,69.44
ORD000031,2024-06-08 20:34:37,P0013,Brufen 400mg Pack,Pain Relief,1,22.77,3.42,9.57,C00540,Dammam,E101,Web,Completed,0,19.35
ORD000032,2024-07-25 19:37:18,P0227,Panadol Extra Box - Store Brand - Store Brand,Pain Relief,1,6.0,0.0,1.7,C00605,Khobar,E103,Web,Completed,1,6.0
ORD000033,2024-05-30 10:18:34,P0128,Centrum Multivitamins Bottle - Store Brand - Store Brand,Vitamins,1,60.6,3.03,23.24,C00065,Mecca,E048,Web,Completed,1,57.57
ORD000034,2025-01-28 03:48:34,P0278,Pampers Baby Dry Pack - Store Brand - Store Brand - Store Brand,Baby Care,2,82.12,8.21,32.44,C01102,Khobar,E092,Retail,Completed,0,73.91
ORD000035,2025-08-02 07:08:35,P0200,Imodium 2mg Box - Store Brand - Store Brand,Gastrointestinal,2,34.06,0.0,15.68,C00567,Mecca,E026,Retail,Returned,0,34.06
ORD000036,2024-08-21 05:35:09,P0157,Mometasone Furoate 0.1% 15g Box - Store Brand,Dermatology,1,92.73,4.64,31.76,C00240,Riyadh,E079,Web,Completed,0,88.09
ORD000037,2025-08-13 17:41:22,P0095,Earol Ear Drops Box - Store Brand,Ear Care,1,13.57,0.68,6.49,C00717,Medina,E012,Retail,Completed,0,12.89
ORD000038,2025-08-25 02:39:12,P0015,Brufen 400mg Box,Pain Relief,1,21.27,1.06,8.36,C00575,Mecca,E067,Web,Completed,0,20.21
ORD000039,2025-05-23 20:23:51,P0322,Pampers Baby Dry Bottle - Store Brand - Store Brand,Baby Care,1,75.96,7.6,37.49,C00548,Khobar,E045,Retail,Completed,0,68.36
ORD000040,2025-03-11 04:34:13,P0099,Voltaren Emulgel 50g Bottle - Store Brand,Pain Relief,5,188.35,0.0,59.85,C00571,Medina,E034,Web,Completed,0,188.35
ORD000041,2025-04-17 19:00:04,P0220,Panadol Advance Box - Store Brand,Pain Relief,1,10.03,0.0,4.78,C00304,Dammam,E103,Mobile,Completed,0,10.03
ORD000042,2025-09-13 03:55:20,P0232,Clobetasol Cream 0.05% 30g Box - Store Brand,Dermatology,2,172.9,25.94,65.44,C00540,Dammam,E073,Web,Completed,0,146.96
ORD000043,2025-03-14 08:48:09,P0206,Femibion Prenatal Bottle - Store Brand,Vitamins,3,350.13,0.0,132.06,C00727,Medina,E062,Web,Completed,0,350.13
ORD000044,2025-08-30 17:49:13,P0154,Imodium 2mg Pack - Store Brand,Gastrointestinal,3,74.31,7.43,23.19,C00736,Khobar,E053,Retail,Completed,0,66.88
ORD000045,2024-10-13 12:26:31,P0066,Gaviscon 200ml Box,Gastrointestinal,1,53.76,0.0,17.11,C00684,Khobar,E052,Mobile,Completed,0,53.76
ORD000046,2025-05-27 16:50:14,P0281,Otrivin Nasal Spray Box - Store Brand - Store Brand - Store Brand,Cold & Flu,5,38.9,5.84,22.2,C00911,Riyadh,E041,Web,Completed,0,33.06
ORD000047,2024-08-11 22:35:49,P0064,Gaviscon 200ml Pack,Gastrointestinal,5,265.75,13.29,84.8,C00616,Khobar,E064,Mobile,Completed,0,252.46
ORD000048,2024-10-15 02:45:46,P0303,Band-Aid Assorted Box - Store Brand - Store Brand,First Aid,1,7.04,0.35,3.81,C00945,Jeddah,E107,Web,Completed,0,6.69
ORD000049,2024-06-13 20:04:50,P0030,Redoxon Vitamin C 1000mg Box,Vitamins,1,32.33,0.0,13.7,C00114,Jeddah,E087,Retail,Completed,0,32.33
ORD000050,2025-05-17 13:03:14,P0381,Multivitamin Gummies Kids Box - Store Brand,Vitamins,5,207.85,31.18,79.25,C00128,Riyadh,E048,Mobile,Completed,0,176.67
ORD000051,2025-04-08 04:31:22,P0358,Pampers Baby Dry Pack - Store Brand - Store Brand - Store Brand,Baby Care,1,33.81,3.38,13.28,C00065,Mecca,E051,Web,Completed,0,30.43
ORD000052,2025-05-05 07:40:01,P0055,Mometasone Furoate 0.1% 15g Pack,Dermatology,3,319.11,47.87,142.11,C00140,Mecca,E070,Web,Completed,0,271.24
ORD000053,2025-03-13 01:59:59,P0274,Panadol Extra Pack - Store Brand,Pain Relief,5,51.9,7.78,20.6,C00622,Riyadh,E041,Mobile,Completed,0,44.12
ORD000054,2025-01-11 16:17:55,P0009,Aspirin 100mg Box,Pain Relief,2,14.7,1.47,5.9,C00743,Jeddah,E047,Mobile,Completed,0,13.23
ORD000055,2024-09-23 03:50:32,P0353,Duphaston 10mg Pack - Store Brand - Store Brand,Women's Health,1,40.23,4.02,13.62,C00606,Mecca,E047,Web,Completed,1,36.21
ORD000056,2025-01-06 03:36:09,P0252,Earol Ear Drops Pack - Store Brand - Store Brand - Store Brand,Ear Care,1,5.64,0.85,4.35,C00363,Dammam,E036,Web,Completed,0,4.79
ORD000057,2024-06-08 12:57:17,P0383,Symbicort Inhaler Bottle - Store Brand - Store Brand - Store Brand - Store Brand - Store Brand,Respiratory,3,209.31,10.47,131.04,C00874,Dammam,E072,Web,Completed,0,198.84
ORD000058,2024-07-17 03:01:33,P0235,Pampers Baby Dry Box - Store Brand - Store Brand,Baby Care,2,126.56,0.0,50.58,C00185,Mecca,E023,Web,Completed,0,126.56
ORD000059,2025-04-04 22:30:21,P0181,Centrum Multivitamins Pack - Store Brand,Vitamins,1,80.12,0.0,28.79,C00143,Dammam,E051,Web,Completed,0,80.12
ORD000060,2024-10-06 11:33:04,P0340,Aspirin 100mg Bottle - Store Brand - Store Brand,Pain Relief,2,7.08,0.0,3.64,C00926,Dammam,E058,Mobile,Completed,0,7.08
ORD000061,2025-06-01 04:55:47,P0144,Nivea Body Lotion 400ml Bottle - Store Brand,Personal Care,2,40.52,4.05,24.28,C00977,Medina,E045,Web,Completed,0,36.47
ORD000062,2025-06-14 00:34:53,P0358,Pampers Baby Dry Pack - Store Brand - Store Brand - Store Brand,Baby Care,2,67.62,3.38,26.56,C00782,Dammam,E100,Web,Completed,1,64.24
ORD000063,2025-03-05 02:37:45,P0161,Gaviscon 200ml Bottle - Store Brand,Gastrointestinal,4,152.12,22.82,58.48,C00037,Dammam,E079,Web,Completed,0,129.3
ORD000064,2024-07-31 03:04:56,P0140,Ventolin Inhaler Bottle - Store Brand,Respiratory,2,297.34,29.73,138.76,C00023,Jeddah,E054,Mobile,Completed,0,267.61
ORD000065,2024-05-23 10:00:04,P0125,Duphaston 10mg Pack - Store Brand,Women's Health,1,58.3,2.92,19.67,C00388,Riyadh,E041,Web,Completed,0,55.38
ORD000066,2025-07-06 04:26:30,P0221,Otrivin Nasal Spray Box - Store Brand - Store Brand - Store Brand,Cold & Flu,2,18.0,1.8,9.5,C00364,Jeddah,E114,Web,Completed,0,16.2
ORD000067,2025-06-21 20:13:32,P0269,Aspirin 100mg Bottle - Store Brand - Store Brand - Store Brand,Pain Relief,2,5.88,0.88,1.76,C00925,Riyadh,E053,Web,Completed,0,5.0
ORD000068,2024-09-21 05:00:57,P0125,Duphaston 10mg Pack - Store Brand,Women's Health,3,174.9,0.0,59.01,C00262,Medina,E027,Web,Completed,0,174.9
ORD000069,2025-03-25 12:04:14,P0312,Femibion Prenatal Bottle - Store Brand - Store Brand,Vitamins,2,194.84,0.0,58.56,C00405,Khobar,E099,Web,Completed,0,194.84
ORD000070,2024-06-11 16:36:50,P0382,Redoxon Vitamin C 1000mg Pack - Store Brand,Vitamins,1,24.54,1.23,11.51,C00240,Riyadh,E011,Mobile,Completed,0,23.31
ORD000071,2024-09-17 02:45:10,P0121,Aspirin 100mg Pack - Store Brand - Store Brand,Pain Relief,1,4.51,0.45,1.35,C00442,Mecca,E057,Mobile,Completed,0,4.06
ORD000072,2024-04-14 03:51:20,P0321,Gaviscon 200ml Bottle - Store Brand - Store Brand,Gastrointestinal,1,32.0,3.2,8.97,C01081,Riyadh,E111,Retail,Completed,1,28.8
ORD000073,2025-05-16 20:28:01,P0127,Pampers Baby Dry Box - Store Brand,Baby Care,5,496.45,74.47,203.1,C00293,Khobar,E018,Retail,Completed,0,421.98
ORD000074,2025-06-24 21:08:05,P0320,Brufen 400mg Box - Store Brand - Store Brand,Pain Relief,2,17.82,2.67,9.38,C00769,Riyadh,E068,Mobile,Completed,0,15.15
ORD000075,2025-04-01 01:53:10,P0170,Pampers Baby Dry Pack - Store Brand - Store Brand,Baby Care,2,110.96,0.0,42.96,C00361,Dammam,E057,Web,Completed,0,110.96
ORD000076,2024-11-13 18:15:26,P0226,Voltaren Emulgel 50g Box - Store Brand - Store Brand - Store Brand,Pain Relief,1,19.12,0.96,6.6,C00767,Medina,E045,Web,Completed,1,18.16
ORD000077,2025-03-28 12:25:22,P0143,Mometasone Furoate 0.1% 15g Pack - Store Brand - Store Brand,Dermatology,1,53.27,7.99,27.83,C00591,Medina,E103,Web,Completed,0,45.28
ORD000078,2025-05-22 18:39:50,P0333,Gaviscon 200ml Bottle - Store Brand - Store Brand - Store Brand,Gastrointestinal,1,24.12,3.62,6.87,C00161,Medina,E113,Mobile,Completed,0,20.5
ORD000079,2025-08-06 17:23:21,P0288,Duphaston 10mg Pack - Store Brand - Store Brand,Women's Health,1,33.26,4.99,13.84,C01147,Dammam,E029,Web,Completed,0,28.27
ORD000080,2025-04-28 05:33:27,P0313,Clobetasol Cream 0.05% 30g Pack - Store Brand - Store Brand,Dermatology,3,194.61,19.46,48.18,C00170,Jeddah,E037,Mobile,Completed,0,175.15
ORD000081,2025-02-06 16:20:03,P0336,Panadol Advance Bottle - Store Brand - Store Brand,Pain Relief,1,10.78,0.0,4.91,C00706,Medina,E024,Web,Completed,1,10.78
ORD000082,2025-07-15 18:33:32,P0072,Johnson's Baby Oil 200ml Box,Baby Care,2,74.6,11.19,28.82,C00168,Riyadh,E025,Web,Completed,0,63.41
ORD000083,2024-08-14 09:22:33,P0097,Femibion Prenatal Box - Store Brand,Vitamins,5,597.4,59.74,246.55,C00106,Riyadh,E035,Web,Completed,0,537.66
ORD000084,2024-09-19 19:09:01,P0123,Imodium 2mg Box - Store Brand - Store Brand,Gastrointestinal,1,16.26,0.0,6.66,C01130,Jeddah,E064,Web,Completed,1,16.26
ORD000085,2025-01-05 10:35:29,P0231,Nivea Body Lotion 400ml Box - Store Brand,Personal Care,2,50.2,0.0,23.38,C00468,Medina,E043,Web,Completed,0,50.2
ORD000086,2024-05-05 11:52:42,P0342,Gaviscon 200ml Bottle - Store Brand - Store Brand - Store Brand - Store Brand,Gastrointestinal,1,14.53,2.18,5.27,C00153,Khobar,E010,Mobile,Completed,0,12.35
ORD000087,2025-01-13 08:21:59,P0390,Femibion Prenatal Pack - Store Brand,Vitamins,4,450.2,0.0,163.16,C00964,Jeddah,E099,Mobile,Completed,1,450.2
ORD000088,2024-09-30 22:41:06,P0003,Panadol Extra Box,Pain Relief,3,39.78,0.0,12.84,C00470,Medina,E026,Web,Completed,0,39.78
ORD000089,2025-03-25 05:21:18,P0028,Redoxon Vitamin C 1000mg Pack,Vitamins,1,30.19,3.02,13.82,C00753,Khobar,E120,Web,Completed,0,27.17
ORD000090,2025-05-23 20:09:38,P0324,Aspirin 100mg Pack - Store Brand - Store Brand - Store Brand - Store Brand,Pain Relief,2,5.86,0.59,1.44,C01015,Dammam,E062,Mobile,Completed,0,5.27
ORD000091,2025-08-22 19:20:22,P0033,Omega-3 Fish Oil Box,Vitamins,1,100.66,0.0,38.49,C00015,Medina,E031,Mobile,Completed,0,100.66
ORD000092,2024-10-23 10:07:33,P0220,Panadol Advance Box - Store Brand,Pain Relief,2,20.06,3.01,9.56,C01089,Jeddah,E102,Web,Returned,1,17.05
ORD000093,2025-09-08 16:04:33,P0289,Gaviscon 200ml Pack - Store Brand,Gastrointestinal,2,84.3,8.43,24.18,C00371,Dammam,E099,Web,Completed,0,75.87
ORD000094,2025-09-06 18:10:58,P0073,Pampers Baby Dry Pack,Baby Care,2,243.78,0.0,107.5,C00526,Mecca,E008,Web,Completed,0,243.78
ORD000095,2024-06-28 16:50:30,P0299,Mometasone Furoate 0.1% 15g Pack - Store Brand - Store Brand - Store Brand - Store Brand,Dermatology,2,40.72,4.07,40.96,C01037,Dammam,E072,Mobile,Completed,1,36.65
ORD000096,2024-08-19 20:22:55,P0198,Nivea Body Lotion 400ml Bottle - Store Brand,Personal Care,1,23.75,3.56,12.35,C00627,Khobar,E046,Mobile,Completed,0,20.19
ORD000097,2025-04-03 21:56:07,P0082,Ventolin Inhaler Pack,Respiratory,3,608.7,60.87,251.07,C00397,Khobar,E070,Mobile,Completed,0,547.83
ORD000098,2025-05-19 05:04:10,P0005,Panadol Advance Bottle,Pain Relief,1,17.71,2.66,8.16,C00052,Medina,E036,Retail,Completed,0,15.05
ORD000099,2024-05-15 11:12:02,P0327,Neutrogena Hydro Boost Box - Store Brand,Skincare,2,164.2,24.63,55.6,C01026,Riyadh,E038,Mobile,Completed,1,139.57
ORD000100,2024-03-23 12:39:59,P0265,NeoCitran Hot Drink Pack - Store Brand - Store Brand - Store Brand,Cold & Flu,3,33.33,5.0,15.06,C00726,Dammam,E094,Web,Completed,0,28.33
ORD000101,2025-07-17 16:33:50,P0120,Refresh Tears Eye Drops Box - Store Brand - Store Brand - Store Brand,Eye Care,1,16.7,0.0,8.27,C00904,Jeddah,E085,Retail,Completed,0,16.7
ORD000102,2025-05-04 00:36:59,P0288,Duphaston 10mg Pack - Store Brand - Store Brand,Women's Health,3,99.78,4.99,41.52,C00150,Mecca,E079,Web,Completed,0,94.79
ORD000103,2024-06-16 18:26:55,P0253,Duphaston 10mg Pack - Store Brand - Store Brand,Women's Health,1,37.64,0.0,14.81,C00466,Riyadh,E006,Mobile,Completed,0,37.64
ORD000104,2024-08-26 22:16:27,P0021,NeoCitran Hot Drink Box,Cold & Flu,1,23.29,1.16,10.17,C00254,Medina,E013,Web,Completed,1,22.13
ORD000105,2025-08-15 23:47:21,P0109,Band-Aid Assorted Bottle - Store Brand,First Aid,2,18.3,1.83,8.02,C01153,Dammam,E007,Web,Completed,0,16.47
ORD000106,2024-04-02 03:11:26,P0119,Centrum Multivitamins Bottle - Store Brand,Vitamins,5,483.7,24.18,146.2,C00726,Dammam,E084,Web,Completed,0,459.52
ORD000107,2025-03-21 12:30:10,P0038,Neutrogena Hydro Boost Bottle,Skincare,4,465.48,0.0,185.4,C00515,Mecca,E047,Mobile,Returned,1,465.48
ORD000108,2025-01-03 15:11:10,P0090,Colgate Total Box,Oral Care,3,57.69,0.0,22.98,C00590,Mecca,E106,Mobile,Completed,0,57.69
ORD000109,2024-11-14 00:26:22,P0236,Band-Aid Assorted Bottle - Store Brand - Store Brand - Store Brand,First Aid,1,3.17,0.16,2.19,C00556,Riyadh,E067,Web,Completed,1,3.01
ORD000110,2024-08-17 03:02:46,P0282,Symbicort Inhaler Bottle - Store Brand - Store Brand - Store Brand - Store Brand,Respiratory,1,97.54,4.88,59.24,C00896,Medina,E073,Mobile,Completed,1,92.66
ORD000111,2024-06-12 22:10:29,P0165,Otrivin Nasal Spray Box - Store Brand - Store Brand,Cold & Flu,3,37.98,3.8,14.37,C00747,Dammam,E087,Web,Completed,0,34.18
ORD000112,2024-07-30 12:47:56,P0062,Earol Ear Drops Bottle,Ear Care,3,77.64,11.65,31.41,C00157,Mecca,E065,Web,Completed,1,65.99
ORD000113,2024-12-21 15:02:41,P0218,Femibion Prenatal Bottle - Store Brand - Store Brand,Vitamins,4,373.96,37.4,136.92,C00408,Dammam,E109,Web,Completed,1,336.56
ORD000114,2024-11-29 04:48:36,P0148,Redoxon Vitamin C 1000mg Pack - Store Brand - Store Brand,Vitamins,2,29.68,1.48,12.04,C00957,Dammam,E049,Mobile,Returned,0,28.2
ORD000115,2024-12-27 14:17:37,P0216,Aspirin 100mg Pack - Store Brand - Store Brand,Pain Relief,5,21.15,3.17,8.75,C00232,Riyadh,E051,Web,Completed,0,17.98
ORD000116,2025-06-28 17:04:19,P0305,Multivitamin Gummies Kids Bottle - Store Brand,Vitamins,1,44.68,2.23,16.67,C00744,Jeddah,E114,Web,Completed,0,42.45
ORD000117,2024-09-05 19:50:07,P0208,Voltaren Emulgel 50g Box - Store Brand,Pain Relief,4,132.28,0.0,55.24,C00118,Dammam,E099,Mobile,Completed,0,132.28
ORD000118,2025-05-27 00:16:38,P0198,Nivea Body Lotion 400ml Bottle - Store Brand,Personal Care,2,47.5,2.38,24.7,C00344,Mecca,E013,Web,Completed,0,45.12
ORD000119,2024-10-14 18:59:08,P0309,Panadol Extra Pack - Store Brand - Store Brand,Pain Relief,1,6.97,0.35,3.34,C01130,Jeddah,E030,Web,Completed,1,6.62
ORD000120,2025-06-07 23:23:14,P0343,Imodium 2mg Box - Store Brand - Store Brand - Store Brand - Store Brand,Gastrointestinal,4,29.96,0.0,17.44,C00279,Mecca,E093,Web,Completed,1,29.96
ORD000121,2025-09-09 14:13:56,P0061,Earol Ear Drops Pack,Ear Care,3,60.03,0.0,28.53,C00982,Mecca,E077,Mobile,Completed,1,60.03
ORD000122,2024-05-22 22:10:21,P0374,Johnson's Baby Oil 200ml Box - Store Brand - Store Brand,Baby Care,3,73.77,7.38,21.57,C00329,Mecca,E045,Retail,Completed,0,66.39
ORD000123,2024-09-15 01:34:18,P0028,Redoxon Vitamin C 1000mg Pack,Vitamins,3,90.57,0.0,41.46,C00937,Dammam,E082,Mobile,Completed,0,90.57
ORD000124,2025-05-04 06:27:44,P0064,Gaviscon 200ml Pack,Gastrointestinal,1,53.15,2.66,16.96,C01110,Mecca,E042,Mobile,Completed,0,50.49
ORD000125,2025-08-28 04:43:08,P0324,Aspirin 100mg Pack - Store Brand - Store Brand - Store Brand - Store Brand,Pain Relief,3,8.79,1.32,2.16,C00588,Jeddah,E058,Mobile,Completed,0,7.47
ORD000126,2024-09-11 11:13:27,P0273,Aspirin 100mg Bottle - Store Brand - Store Brand - Store Brand,Pain Relief,2,5.14,0.77,2.1,C00922,Dammam,E019,Web,Completed,0,4.37
ORD000127,2025-05-22 17:32:58,P0364,Duphaston 10mg Pack - Store Brand - Store Brand - Store Brand - Store Brand,Women's Health,1,16.72,0.0,8.55,C01109,Dammam,E052,Mobile,Completed,0,16.72
ORD000128,2024-07-05 17:25:16,P0204,Panadol Advance Bottle - Store Brand,Pain Relief,2,27.24,1.36,12.34,C00288,Dammam,E063,Web,Completed,0,25.88
ORD000129,2024-09-27 04:19:43,P0174,Duphaston 10mg Pack - Store Brand,Women's Health,1,53.05,7.96,19.67,C01072,Riyadh,E042,Mobile,Completed,0,45.09
ORD000130,2025-08-26 17:31:48,P0308,Omega-3 Fish Oil Pack - Store Brand - Store Brand - Store Brand,Vitamins,2,88.02,8.8,37.1,C00049,Riyadh,E045,Web,Completed,0,79.22
ORD000131,2024-11-14 17:28:59,P0297,Centrum Multivitamins Bottle - Store Brand - Store Brand - Store Brand,Vitamins,1,40.5,4.05,19.54,C00497,Dammam,E079,Mobile,Completed,0,36.45
ORD000132,2025-02-28 02:04:53,P0349,Redoxon Vitamin C 1000mg Bottle - Store Brand - Store Brand,Vitamins,1,13.39,0.67,7.36,C00233,Riyadh,E026,Mobile,Completed,0,12.72
ORD000133,2024-06-18 06:00:32,P0218,Femibion Prenatal Bottle - Store Brand - Store Brand,Vitamins,3,280.47,14.02,102.69,C00710,Khobar,E080,Retail,Completed,0,266.45
ORD000134,2024-04-02 15:15:18,P0327,Neutrogena Hydro Boost Box - Store Brand,Skincare,1,82.1,0.0,27.8,C00757,Khobar,E040,Web,Completed,0,82.1
ORD000135,2025-05-14 20:23:48,P0358,Pampers Baby Dry Pack - Store Brand - Store Brand - Store Brand,Baby Care,1,33.81,3.38,13.28,C00641,Mecca,E071,Web,Completed,0,30.43
ORD000136,2025-09-13 20:18:47,P0052,Clobetasol Cream 0.05% 30g Pack,Dermatology,3,312.0,0.0,114.27,C00366,Jeddah,E049,Mobile,Completed,0,312.0
ORD000137,2024-10-07 09:17:58,P0249,Duphaston 10mg Pack - Store Brand - Store Brand,Women's Health,1,39.95,4.0,13.72,C00878,Mecca,E026,Mobile,Completed,0,35.95
ORD000138,2025-03-19 02:44:45,P0322,Pampers Baby Dry Bottle - Store Brand - Store Brand,Baby Care,3,227.88,0.0,112.47,C00505,Jeddah,E009,Web,Completed,0,227.88
ORD000139,2024-06-14 18:29:24,P0103,Otrivin Nasal Spray Box - Store Brand,Cold & Flu,1,17.43,2.61,7.62,C00061,Mecca,E030,Retail,Completed,0,14.82
ORD000140,2024-11-22 23:46:24,P0190,Band-Aid Assorted Box - Store Brand - Store Brand - Store Brand,First Aid,2,10.68,0.0,4.74,C00137,Mecca,E024,Web,Returned,0,10.68
ORD000141,2024-04-22 20:17:11,P0198,Nivea Body Lotion 400ml Bottle - Store Brand,Personal Care,1,23.75,2.38,12.35,C01019,Medina,E043,Web,Completed,0,21.37
ORD000142,2024-12-17 07:41:38,P0187,Omega-3 Fish Oil Pack - Store Brand,Vitamins,3,203.01,20.3,103.56,C00105,Mecca,E081,Web,Cancelled,0,182.71
ORD000143,2024-05-10 03:11:33,P0171,Earol Ear Drops Bottle - Store Brand,Ear Care,2,42.7,6.4,16.78,C00968,Khobar,E114,Retail,Cancelled,0,36.3
ORD000144,2024-09-14 04:24:51,P0106,Symbicort Inhaler Bottle - Store Brand,Respiratory,1,284.2,42.63,134.64,C00412,Medina,E085,Web,Completed,0,241.57
ORD000145,2025-02-10 02:54:19,P0260,Duphaston 10mg Pack - Store Brand - Store Brand,Women's Health,1,38.71,1.94,15.19,C00095,Jeddah,E055,Retail,Completed,0,36.77
ORD000146,2025-03-06 20:22:06,P0267,Voltaren Emulgel 50g Bottle - Store Brand - Store Brand - Store Brand,Pain Relief,2,30.18,1.51,16.08,C00720,Dammam,E084,Web,Completed,0,28.67
ORD000147,2024-07-08 05:47:54,P0162,Johnson's Baby Oil 200ml Bottle - Store Brand,Baby Care,1,25.99,1.3,10.85,C00457,Mecca,E056,Retail,Returned,0,24.69
ORD000148,2025-08-14 16:17:40,P0358,Pampers Baby Dry Pack - Store Brand - Store Brand - Store Brand,Baby Care,5,169.05,8.45,66.4,C00576,Mecca,E041,Web,Completed,0,160.6
ORD000149,2024-08-12 23:46:38,P0067,Imodium 2mg Pack,Gastrointestinal,1,31.47,1.57,10.01,C00953,Jeddah,E094,Web,Completed,1,29.9
ORD000150,2025-02-05 09:32:11,P0128,Centrum Multivitamins Bottle - Store Brand - Store Brand,Vitamins,1,60.6,6.06,23.24,C00306,Dammam,E020,Mobile,Completed,0,54.54
ORD000151,2024-04-12 07:37:05,P0134,Symbicort Inhaler Pack - Store Brand,Respiratory,3,903.36,90.34,332.76,C00284,Riyadh,E078,Mobile,Completed,0,813.02
ORD000152,2024-09-18 07:46:00,P0050,Band-Aid Assorted Bottle,First Aid,3,34.11,3.41,17.07,C00631,Medina,E011,Mobile,Completed,1,30.7
ORD000153,2025-08-09 12:05:00,P0365,Otrivin Nasal Spray Box - Store Brand,Cold & Flu,1,18.99,2.85,7.08,C00650,Dammam,E063,Web,Completed,0,16.14
ORD000154,2024-04-17 00:03:01,P0139,Duphaston 10mg Bottle - Store Brand,Women's Health,2,132.08,0.0,49.44,C00263,Jeddah,E119,Web,Completed,0,132.08
ORD000155,2024-08-28 20:33:43,P0363,Earol Ear Drops Pack - Store Brand,Ear Care,1,14.68,2.2,7.23,C00296,Dammam,E111,Mobile,Completed,1,12.48
ORD000156,2024-09-30 15:37:56,P0320,Brufen 400mg Box - Store Brand - Store Brand,Pain Relief,2,17.82,0.0,9.38,C01166,Jeddah,E078,Mobile,Completed,0,17.82
ORD000157,2025-01-23 02:44:59,P0185,Femibion Prenatal Pack - Store Brand,Vitamins,2,214.08,0.0,97.0,C00249,Mecca,E067,Web,Completed,0,214.08
ORD000158,2024-09-29 19:49:53,P0359,Multivitamin Gummies Kids Bottle - Store Brand,Vitamins,2,98.28,14.74,31.88,C00010,Jeddah,E095,Web,Completed,0,83.54
ORD000159,2024-08-17 10:18:53,P0155,Pampers Baby Dry Pack - Store Brand,Baby Care,1,73.97,11.1,32.92,C00231,Riyadh,E114,Web,Completed,1,62.87
ORD000160,2024-07-30 06:46:59,P0397,Omega-3 Fish Oil Pack - Store Brand - Store Brand - Store Brand - Store Brand - Store Brand,Vitamins,2,37.16,0.0,15.94,C01138,Mecca,E089,Mobile,Completed,1,37.16
ORD000161,2024-06-01 05:11:12,P0332,Femibion Prenatal Pack - Store Brand,Vitamins,3,378.99,0.0,132.66,C00257,Dammam,E024,Mobile,Returned,0,378.99
ORD000162,2025-01-22 06:32:33,P0296,Otrivin Nasal Spray Box - Store Brand - Store Brand - Store Brand,Cold & Flu,2,18.38,2.76,6.66,C00173,Medina,E004,Web,Completed,0,15.62
ORD000163,2025-03-11 03:09:26,P0295,Otrivin Nasal Spray Bottle - Store Brand - Store Brand,Cold & Flu,1,11.24,1.12,5.84,C00647,Mecca,E089,Mobile,Completed,0,10.12
ORD000164,2024-06-26 22:16:45,P0018,Vicks VapoRub 50g Box,Cold & Flu,1,14.93,2.24,5.79,C01169,Mecca,E082,Web,Completed,1,12.69
ORD000165,2025-04-24 09:24:07,P0046,Savlon Antiseptic 100ml Pack,First Aid,2,41.7,2.09,16.64,C00224,Dammam,E049,Mobile,Completed,0,39.61
ORD000166,2024-12-08 07:42:03,P0052,Clobetasol Cream 0.05% 30g Pack,Dermatology,2,208.0,10.4,76.18,C00195,Mecca,E021,Retail,Completed,0,197.6
ORD000167,2025-02-11 20:49:03,P0037,Neutrogena Hydro Boost Pack,Skincare,1,125.66,18.85,44.5,C00558,Jeddah,E037,Mobile,Completed,0,106.81
ORD000168,2024-08-27 12:40:40,P0312,Femibion Prenatal Bottle - Store Brand - Store Brand,Vitamins,1,97.42,9.74,29.28,C00379,Mecca,E002,Web,Completed,0,87.68
ORD000169,2025-07-08 04:53:23,P0177,Mometasone Furoate 0.1% 15g Box - Store Brand,Dermatology,4,375.68,18.78,125.44,C00189,Mecca,E028,Mobile,Completed,1,356.9
ORD000170,2025-03-01 04:24:06,P0017,Vicks VapoRub 50g Bottle,Cold & Flu,1,15.25,0.0,5.72,C00157,Mecca,E032,Retail,Completed,0,15.25
ORD000171,2024-04-29 23:09:38,P0172,Imodium 2mg Pack - Store Brand - Store Brand,Gastrointestinal,1,17.36,0.0,5.26,C00504,Riyadh,E084,Web,Completed,0,17.36
ORD000172,2025-08-23 00:57:53,P0176,Clobetasol Cream 0.05% 30g Pack - Store Brand - Store Brand,Dermatology,2,135.32,13.53,34.6,C00572,Medina,E043,Retail,Completed,1,121.79
ORD000173,2024-08-08 10:02:20,P0280,Clobetasol Cream 0.05% 30g Box - Store Brand - Store Brand,Dermatology,1,54.33,5.43,25.84,C00743,Jeddah,E079,Mobile,Completed,0,48.9
ORD000174,2025-03-11 15:21:37,P0248,Voltaren Emulgel 50g Bottle - Store Brand - Store Brand,Pain Relief,3,87.3,8.73,25.83,C01125,Riyadh,E120,Web,Completed,0,78.57
ORD000175,2025-01-03 05:52:48,P0162,Johnson's Baby Oil 200ml Bottle - Store Brand,Baby Care,4,103.96,0.0,43.4,C00030,Mecca,E098,Web,Completed,0,103.96
ORD000176,2025-03-23 15:54:36,P0320,Brufen 400mg Box - Store Brand - Store Brand,Pain Relief,1,8.91,0.89,4.69,C00341,Medina,E043,Mobile,Completed,0,8.02
ORD000177,2025-07-11 08:45:24,P0171,Earol Ear Drops Bottle - Store Brand,Ear Care,1,21.35,0.0,8.39,C01052,Riyadh,E062,Mobile,Completed,0,21.35
ORD000178,2025-02-17 16:06:15,P0319,Redoxon Vitamin C 1000mg Pack - Store Brand - Store Brand - Store Brand,Vitamins,2,22.94,2.29,7.36,C01051,Medina,E034,Mobile,Cancelled,0,20.65
ORD000179,2024-07-01 17:16:34,P0319,Redoxon Vitamin C 1000mg Pack - Store Brand - Store Brand - Store Brand,Vitamins,2,22.94,3.44,7.36,C00175,Jeddah,E067,Mobile,Completed,0,19.5
ORD000180,2025-07-09 07:23:41,P0278,Pampers Baby Dry Pack - Store Brand - Store Brand - Store Brand,Baby Care,1,41.06,4.11,16.22,C00113,Dammam,E025,Web,Completed,0,36.95
ORD000181,2024-08-31 00:10:29,P0309,Panadol Extra Pack - Store Brand - Store Brand,Pain Relief,3,20.91,3.14,10.02,C01055,Jeddah,E053,Web,Completed,0,17.77
ORD000182,2024-03-31 17:50:39,P0022,Otrivin Nasal Spray Pack,Cold & Flu,2,60.0,6.0,23.84,C00893,Medina,E033,Mobile,Completed,0,54.0
ORD000183,2024-03-27 17:32:35,P0133,Otrivin Nasal Spray Box - Store Brand - Store Brand,Cold & Flu,1,10.63,1.06,6.27,C00994,Mecca,E044,Web,Completed,0,9.57
ORD000184,2024-08-06 09:12:41,P0346,Refresh Tears Eye Drops Bottle - Store Brand,Eye Care,1,31.36,3.14,11.22,C00861,Dammam,E119,Mobile,Completed,0,28.22
ORD000185,2025-08-06 11:04:40,P0263,Nivea Body Lotion 400ml Bottle - Store Brand - Store Brand,Personal Care,1,15.13,0.76,9.96,C01127,Riyadh,E081,Web,Completed,0,14.37
ORD000186,2025-03-17 04:18:54,P0075,Pampers Baby Dry Box,Baby Care,3,377.25,56.59,145.95,C00961,Medina,E119,Mobile,Completed,0,320.66
ORD000187,2025-06-04 18:32:31,P0369,Vicks VapoRub 50g Pack - Store Brand,Cold & Flu,3,37.95,3.8,13.86,C01147,Dammam,E072,Mobile,Completed,0,34.15
ORD000188,2024-12-22 14:44:48,P0007,Aspirin 100mg Pack,Pain Relief,1,7.79,0.39,2.97,C00577,Mecca,E036,Mobile,Completed,1,7.4
ORD000189,2025-07-22 14:15:24,P0353,Duphaston 10mg Pack - Store Brand - Store Brand,Women's Health,2,80.46,4.02,27.24,C00549,Medina,E074,Mobile,Completed,0,76.44
ORD000190,2024-11-17 10:01:48,P0046,Savlon Antiseptic 100ml Pack,First Aid,3,62.55,6.26,24.96,C00880,Khobar,E091,Web,Completed,1,56.29
ORD000191,2024-09-23 13:13:14,P0317,Duphaston 10mg Pack - Store Brand - Store Brand - Store Brand,Women's Health,1,27.15,2.72,10.87,C00916,Jeddah,E028,Mobile,Completed,0,24.43
ORD000192,2024-04-21 00:20:31,P0295,Otrivin Nasal Spray Bottle - Store Brand - Store Brand,Cold & Flu,3,33.72,0.0,17.52,C00518,Dammam,E057,Mobile,Completed,0,33.72
ORD000193,2024-08-17 17:03:02,P0288,Duphaston 10mg Pack - Store Brand - Store Brand,Women's Health,1,33.26,4.99,13.84,C00465,Jeddah,E094,Retail,Completed,0,28.27
ORD000194,2024-07-12 06:27:40,P0098,Panadol Advance Pack - Store Brand,Pain Relief,3,33.93,0.0,15.24,C00201,Medina,E106,Retail,Completed,0,33.93
ORD000195,2024-08-29 08:12:46,P0103,Otrivin Nasal Spray Box - Store Brand,Cold & Flu,3,52.29,7.84,22.86,C00164,Mecca,E050,Mobile,Completed,0,44.45
ORD000196,2024-11-19 12:21:35,P0393,Nivea Body Lotion 400ml Bottle - Store Brand - Store Brand - Store Brand - Store Brand,Personal Care,5,36.55,0.0,21.5,C01039,Mecca,E043,Web,Completed,0,36.55
ORD000197,2024-04-09 10:18:37,P0120,Refresh Tears Eye Drops Box - Store Brand - Store Brand - Store Brand,Eye Care,2,33.4,3.34,16.54,C01006,Dammam,E082,Retail,Completed,0,30.06
ORD000198,2024-10-31 13:15:04,P0197,Johnson's Baby Oil 200ml Bottle - Store Brand - Store Brand - Store Brand,Baby Care,1,17.45,1.74,5.48,C00913,Medina,E099,Web,Completed,0,15.71
ORD000199,2024-07-23 07:11:11,P0237,Clobetasol Cream 0.05% 30g Box - Store Brand - Store Brand,Dermatology,1,57.4,0.0,21.52,C00709,Dammam,E080,Mobile,Completed,0,57.4
ORD000200,2025-05-23 16:09:58,P0041,Nivea Body Lotion 400ml Bottle,Personal Care,1,32.87,1.64,15.61,C00564,Mecca,E091,Mobile,Completed,0,31.23
ORD000201,2024-05-17 07:18:41,P0040,Nivea Body Lotion 400ml Pack,Personal Care,1,41.14,4.11,13.45,C00090,Khobar,E070,Web,Completed,1,37.03
ORD000202,2025-08-29 15:24:18,P0198,Nivea Body Lotion 400ml Bottle - Store Brand,Personal Care,1,23.75,3.56,12.35,C00879,Dammam,E007,Web,Completed,1,20.19
ORD000203,2025-07-14 16:11:55,P0039,Neutrogena Hydro Boost Box,Skincare,1,126.95,12.7,43.21,C00738,Mecca,E105,Web,Completed,0,114.25
ORD000204,2025-03-19 16:26:19,P0383,Symbicort Inhaler Bottle - Store Brand - Store Brand - Store Brand - Store Brand - Store Brand,Respiratory,2,139.54,0.0,87.36,C00809,Mecca,E105,Mobile,Completed,0,139.54
ORD000205,2025-03-11 19:57:09,P0014,Brufen 400mg Bottle,Pain Relief,1,22.69,3.4,8.06,C00795,Jeddah,E061,Web,Completed,0,19.29
ORD000206,2024-12-30 06:26:05,P0025,Centrum Multivitamins Pack,Vitamins,1,111.64,11.16,36.67,C00314,Mecca,E101,Retail,Completed,1,100.48
ORD000207,2024-04-15 11:24:44,P0075,Pampers Baby Dry Box,Baby Care,1,125.75,0.0,48.65,C00596,Medina,E045,Web,Completed,0,125.75
ORD000208,2024-12-18 17:54:39,P0116,Otrivin Nasal Spray Bottle - Store Brand,Cold & Flu,2,38.94,1.95,14.08,C00713,Jeddah,E066,Web,Completed,0,36.99
ORD000209,2024-12-01 01:54:00,P0010,Voltaren Emulgel 50g Pack,Pain Relief,2,84.7,0.0,34.56,C00026,Jeddah,E102,Web,Completed,1,84.7
ORD000210,2024-09-24 06:36:49,P0088,Colgate Total Pack,Oral Care,2,37.98,1.9,18.68,C00986,Mecca,E062,Web,Completed,1,36.08
ORD000211,2025-02-24 02:49:45,P0381,Multivitamin Gummies Kids Box - Store Brand,Vitamins,2,83.14,8.31,31.7,C00223,Dammam,E070,Mobile,Completed,0,74.83
ORD000212,2025-06-11 22:53:36,P0293,Band-Aid Assorted Pack - Store Brand - Store Brand,First Aid,4,26.8,0.0,11.68,C01137,Mecca,E076,Mobile,Completed,0,26.8
ORD000213,2025-03-03 18:40:48,P0021,NeoCitran Hot Drink Box,Cold & Flu,1,23.29,3.49,10.17,C00258,Riyadh,E009,Mobile,Completed,1,19.8
ORD000214,2024-12-02 06:34:48,P0007,Aspirin 100mg Pack,Pain Relief,2,15.58,0.0,5.94,C00319,Jeddah,E012,Web,Completed,0,15.58
ORD000215,2024-07-14 22:24:24,P0225,Sensodyne Repair & Protect Box - Store Brand - Store Brand,Oral Care,3,53.61,8.04,14.55,C00364,Jeddah,E069,Web,Completed,1,45.57
ORD000216,2024-08-21 22:44:17,P0305,Multivitamin Gummies Kids Bottle - Store Brand,Vitamins,1,44.68,4.47,16.67,C00991,Dammam,E039,Mobile,Completed,0,40.21
ORD000217,2025-02-23 15:08:50,P0345,Otrivin Nasal Spray Box - Store Brand - Store Brand - Store Brand,Cold & Flu,3,26.4,2.64,11.49,C00293,Khobar,E012,Mobile,Completed,1,23.76
ORD000218,2024-06-30 01:03:30,P0350,Voltaren Emulgel 50g Bottle - Store Brand - Store Brand,Pain Relief,4,102.48,0.0,29.72,C00819,Mecca,E048,Retail,Returned,0,102.48
ORD000219,2025-05-31 22:58:07,P0199,Otrivin Nasal Spray Bottle - Store Brand,Cold & Flu,4,58.8,5.88,31.08,C00993,Mecca,E015,Retail,Completed,0,52.92
ORD000220,2025-02-21 07:00:29,P0339,Imodium 2mg Box - Store Brand - Store Brand,Gastrointestinal,3,55.83,8.37,19.08,C00050,Khobar,E081,Web,Completed,1,47.46
ORD000221,2025-02-23 23:46:42,P0119,Centrum Multivitamins Bottle - Store Brand,Vitamins,2,193.48,9.67,58.48,C00331,Medina,E061,Web,Completed,0,183.81
ORD000222,2025-02-10 01:04:53,P0285,Voltaren Emulgel 50g Bottle - Store Brand - Store Brand - Store Brand,Pain Relief,1,18.88,0.94,9.9,C01056,Jeddah,E018,Web,Completed,0,17.94
ORD000223,2025-04-05 00:01:06,P0206,Femibion Prenatal Bottle - Store Brand,Vitamins,3,350.13,17.51,132.06,C01200,Riyadh,E011,Web,Completed,1,332.62
ORD000224,2025-07-05 10:37:50,P0043,Sensodyne Repair & Protect Pack,Oral Care,5,139.6,6.98,49.85,C00607,Khobar,E059,Mobile,Completed,1,132.62
ORD000225,2025-01-15 18:51:00,P0029,Redoxon Vitamin C 1000mg Bottle,Vitamins,1,34.61,1.73,11.43,C00083,Riyadh,E055,Mobile,Completed,0,32.88
ORD000226,2025-04-16 16:09:03,P0355,Earol Ear Drops Pack - Store Brand - Store Brand - Store Brand - Store Brand,Ear Care,1,5.1,0.51,3.07,C00682,Mecca,E005,Retail,Completed,0,4.59
ORD000227,2024-06-18 20:47:05,P0008,Aspirin 100mg Bottle,Pain Relief,2,16.38,0.0,6.4,C01055,Jeddah,E019,Mobile,Completed,0,16.38
ORD000228,2025-03-19 02:17:21,P0085,Symbicort Inhaler Pack,Respiratory,2,779.46,0.0,362.28,C00607,Khobar,E032,Web,Completed,0,779.46
ORD000229,2025-09-05 07:18:43,P0378,Mometasone Furoate 0.1% 15g Box - Store Brand - Store Brand,Dermatology,2,122.64,12.26,51.84,C00092,Medina,E079,Web,Completed,0,110.38
ORD000230,2025-03-22 03:35:46,P0303,Band-Aid Assorted Box - Store Brand - Store Brand,First Aid,2,14.08,2.11,7.62,C00800,Medina,E074,Mobile,Completed,0,11.97
ORD000231,2024-11-02 14:29:03,P0179,Symbicort Inhaler Bottle - Store Brand - Store Brand - Store Brand,Respiratory,1,127.78,12.78,66.06,C00488,Khobar,E094,Mobile,Completed,1,115.0
ORD000232,2025-06-15 00:34:44,P0290,NeoCitran Hot Drink Pack - Store Brand - Store Brand - Store Brand,Cold & Flu,1,8.67,0.0,4.48,C00406,Khobar,E085,Retail,Completed,0,8.67
ORD000233,2024-10-31 17:52:45,P0330,Nivea Body Lotion 400ml Bottle - Store Brand - Store Brand - Store Brand - Store Brand,Personal Care,2,16.58,0.83,9.28,C00272,Riyadh,E065,Web,Completed,0,15.75
ORD000234,2024-07-03 21:56:58,P0104,Refresh Tears Eye Drops Box - Store Brand,Eye Care,2,60.64,6.06,28.88,C00054,Riyadh,E110,Web,Completed,0,54.58
ORD000235,2025-06-25 14:38:33,P0341,Clobetasol Cream 0.05% 30g Pack - Store Brand - Store Brand - Store Brand - Store Brand - Store Brand,Dermatology,3,94.05,14.11,18.18,C00631,Medina,E048,Mobile,Completed,0,79.94
ORD000236,2025-04-03 14:47:03,P0258,Omega-3 Fish Oil Box - Store Brand,Vitamins,1,66.98,0.0,26.12,C00001,Riyadh,E044,Retail,Returned,0,66.98
ORD000237,2025-04-12 04:23:38,P0333,Gaviscon 200ml Bottle - Store Brand - Store Brand - Store Brand,Gastrointestinal,3,72.36,10.85,20.61,C00214,Riyadh,E099,Web,Completed,0,61.51
ORD000238,2024-09-02 17:54:09,P0266,Symbicort Inhaler Pack - Store Brand,Respiratory,2,482.26,48.23,261.9,C01121,Jeddah,E007,Mobile,Completed,0,434.03
ORD000239,2024-05-02 18:21:05,P0359,Multivitamin Gummies Kids Bottle - Store Brand,Vitamins,1,49.14,7.37,15.94,C00367,Medina,E061,Web,Completed,0,41.77
ORD000240,2025-01-11 23:14:52,P0340,Aspirin 100mg Bottle - Store Brand - Store Brand,Pain Relief,3,10.62,1.59,5.46,C00485,Medina,E061,Web,Completed,1,9.03
ORD000241,2024-04-01 04:23:28,P0001,Panadol Extra Pack,Pain Relief,1,12.87,1.93,5.16,C00504,Riyadh,E049,Mobile,Returned,0,10.94
ORD000242,2024-06-06 14:15:01,P0321,Gaviscon 200ml Bottle - Store Brand - Store Brand,Gastrointestinal,4,128.0,12.8,35.88,C00743,Jeddah,E109,Web,Completed,0,115.2
ORD000243,2024-12-08 03:29:35,P0315,Pampers Baby Dry Pack - Store Brand - Store Brand - Store Brand - Store Brand,Baby Care,1,24.97,0.0,13.03,C01168,Mecca,E033,Mobile,Completed,0,24.97
ORD000244,2025-08-26 20:10:57,P0356,Clobetasol Cream 0.05% 30g Pack - Store Brand - Store Brand - Store Brand - Store Brand,Dermatology,2,78.08,3.9,19.5,C00360,Riyadh,E067,Web,Completed,0,74.18
ORD000245,2024-11-21 07:01:15,P0210,Voltaren Emulgel 50g Bottle - Store Brand - Store Brand,Pain Relief,2,60.24,0.0,26.3,C00064,Khobar,E107,Web,Completed,0,60.24
ORD000246,2025-09-06 09:53:09,P0110,Imodium 2mg Box - Store Brand,Gastrointestinal,2,48.6,2.43,18.64,C00207,Medina,E093,Web,Completed,0,46.17
ORD000247,2025-07-17 01:38:57,P0122,Band-Aid Assorted Bottle - Store Brand,First Aid,1,8.4,0.42,4.2,C00777,Khobar,E077,Mobile,Completed,0,7.98
ORD000248,2024-05-29 01:36:24,P0290,NeoCitran Hot Drink Pack - Store Brand - Store Brand - Store Brand,Cold & Flu,4,34.68,1.73,17.92,C01049,Medina,E049,Mobile,Completed,0,32.95
ORD000249,2024-06-17 01:33:00,P0138,Centrum Multivitamins Bottle - Store Brand,Vitamins,3,288.09,28.81,76.14,C00888,Jeddah,E038,Web,Returned,1,259.28
ORD000250,2024-10-23 15:24:39,P0020,NeoCitran Hot Drink Bottle,Cold & Flu,3,60.57,6.06,32.34,C01031,Riyadh,E033,Web,Completed,0,54.51
ORD000251,2025-01-14 07:08:19,P0175,Band-Aid Assorted Box - Store Brand - Store Brand,First Aid,1,7.68,0.0,3.51,C00250,Khobar,E034,Retail,Completed,1,7.68
ORD000252,2024-05-15 20:55:46,P0119,Centrum Multivitamins Bottle - Store Brand,Vitamins,2,193.48,9.67,58.48,C00746,Khobar,E079,Web,Completed,0,183.81
ORD000253,2024-07-12 17:13:39,P0344,Redoxon Vitamin C 1000mg Pack - Store Brand - Store Brand - Store Brand - Store Brand,Vitamins,2,15.16,2.27,4.48,C00903,Medina,E028,Mobile,Completed,1,12.89
ORD000254,2024-10-10 03:17:17,P0185,Femibion Prenatal Pack - Store Brand,Vitamins,1,107.04,0.0,48.5,C00707,Medina,E010,Mobile,Completed,1,107.04
ORD000255,2024-04-06 13:02:56,P0345,Otrivin Nasal Spray Box - Store Brand - Store Brand - Store Brand,Cold & Flu,4,35.2,1.76,15.32,C00736,Khobar,E084,Mobile,Returned,1,33.44
ORD000256,2024-10-15 21:59:02,P0301,Gaviscon 200ml Bottle - Store Brand - Store Brand,Gastrointestinal,1,29.59,2.96,12.19,C00182,Medina,E116,Web,Completed,1,26.63
ORD000257,2025-03-29 08:24:46,P0091,Multivitamin Gummies Kids Pack,Vitamins,2,122.0,0.0,49.14,C00823,Mecca,E070,Web,Completed,1,122.0
ORD000258,2024-06-25 02:38:52,P0363,Earol Ear Drops Pack - Store Brand,Ear Care,2,29.36,2.94,14.46,C00684,Khobar,E043,Mobile,Completed,0,26.42
ORD000259,2024-12-31 17:57:56,P0396,Mometasone Furoate 0.1% 15g Box - Store Brand - Store Brand,Dermatology,2,133.86,13.39,39.84,C00170,Jeddah,E011,Mobile,Completed,0,120.47
ORD000260,2025-08-08 02:58:36,P0190,Band-Aid Assorted Box - Store Brand - Store Brand - Store Brand,First Aid,1,5.34,0.0,2.37,C00763,Mecca,E050,Mobile,Completed,1,5.34
ORD000261,2024-06-13 21:32:53,P0009,Aspirin 100mg Box,Pain Relief,2,14.7,1.47,5.9,C01132,Jeddah,E063,Web,Completed,0,13.23
ORD000262,2024-07-09 15:58:25,P0018,Vicks VapoRub 50g Box,Cold & Flu,1,14.93,0.0,5.79,C00059,Khobar,E093,Retail,Completed,1,14.93
ORD000263,2024-05-10 21:30:56,P0373,Femibion Prenatal Pack - Store Brand - Store Brand,Vitamins,3,262.74,26.27,111.09,C00074,Mecca,E064,Mobile,Completed,1,236.47
ORD000264,2024-04-04 17:18:25,P0284,Johnson's Baby Oil 200ml Box - Store Brand,Baby Care,1,30.04,0.0,11.32,C00086,Jeddah,E044,Mobile,Completed,0,30.04
ORD000265,2024-09-03 09:12:54,P0072,Johnson's Baby Oil 200ml Box,Baby Care,4,149.2,22.38,57.64,C00537,Medina,E087,Retail,Completed,0,126.82
ORD000266,2024-05-17 22:02:57,P0050,Band-Aid Assorted Bottle,First Aid,1,11.37,0.57,5.69,C00531,Khobar,E063,Mobile,Completed,0,10.8
ORD000267,2024-09-27 11:10:43,P0158,Imodium 2mg Box - Store Brand,Gastrointestinal,3,72.06,3.6,24.42,C00170,Jeddah,E002,Web,Completed,0,68.46
ORD000268,2024-06-06 12:54:24,P0171,Earol Ear Drops Bottle - Store Brand,Ear Care,2,42.7,2.14,16.78,C01038,Khobar,E107,Mobile,Completed,0,40.56
ORD000269,2024-06-19 15:42:41,P0349,Redoxon Vitamin C 1000mg Bottle - Store Brand - Store Brand,Vitamins,2,26.78,1.34,14.72,C00504,Riyadh,E009,Mobile,Completed,1,25.44
ORD000270,2024-11-29 19:25:31,P0273,Aspirin 100mg Bottle - Store Brand - Store Brand - Store Brand,Pain Relief,1,2.57,0.13,1.05,C01118,Khobar,E042,Mobile,Completed,0,2.44
ORD000271,2025-06-26 15:09:30,P0252,Earol Ear Drops Pack - Store Brand - Store Brand - Store Brand,Ear Care,1,5.64,0.0,4.35,C00971,Jeddah,E016,Web,Completed,0,5.64
ORD000272,2025-01-04 07:11:36,P0196,Brufen 400mg Box - Store Brand,Pain Relief,2,25.58,3.84,11.18,C00430,Riyadh,E032,Retail,Completed,0,21.74
ORD000273,2025-07-27 00:12:35,P0044,Sensodyne Repair & Protect Bottle,Oral Care,2,60.26,3.01,25.86,C00184,Mecca,E003,Retail,Completed,0,57.25
ORD000274,2024-08-09 07:44:45,P0379,Nivea Body Lotion 400ml Bottle - Store Brand - Store Brand - Store Brand,Personal Care,5,48.1,4.81,32.15,C00988,Riyadh,E054,Mobile,Completed,1,43.29
ORD000275,2025-09-11 17:44:34,P0329,Mometasone Furoate 0.1% 15g Pack - Store Brand - Store Brand - Store Brand,Dermatology,1,39.37,1.97,17.6,C00703,Mecca,E082,Web,Completed,0,37.4
ORD000276,2024-08-05 13:04:33,P0009,Aspirin 100mg Box,Pain Relief,2,14.7,0.0,5.9,C00710,Khobar,E077,Web,Completed,0,14.7
ORD000277,2025-07-23 02:56:52,P0152,NeoCitran Hot Drink Pack - Store Brand - Store Brand,Cold & Flu,4,41.76,4.18,26.32,C01171,Khobar,E045,Web,Completed,0,37.58
ORD000278,2024-06-22 05:45:09,P0273,Aspirin 100mg Bottle - Store Brand - Store Brand - Store Brand,Pain Relief,5,12.85,0.0,5.25,C01033,Medina,E080,Web,Completed,0,12.85
ORD000279,2025-03-18 12:51:41,P0102,Otrivin Nasal Spray Box - Store Brand,Cold & Flu,3,50.91,2.55,23.88,C00952,Medina,E036,Web,Completed,0,48.36
ORD000280,2025-09-06 05:07:02,P0352,Earol Ear Drops Pack - Store Brand - Store Brand - Store Brand - Store Brand,Ear Care,4,18.52,2.78,11.36,C00099,Jeddah,E064,Web,Completed,0,15.74
ORD000281,2024-05-03 22:23:44,P0301,Gaviscon 200ml Bottle - Store Brand - Store Brand,Gastrointestinal,2,59.18,5.92,24.38,C00029,Jeddah,E027,Web,Completed,1,53.26
ORD000282,2024-04-25 14:44:40,P0035,Cetaphil Gentle Cleanser Bottle,Skincare,1,89.73,0.0,34.93,C00778,Riyadh,E119,Mobile,Completed,0,89.73
ORD000283,2025-04-03 17:26:52,P0222,Band-Aid Assorted Bottle - Store Brand - Store Brand,First Aid,2,13.02,0.0,5.48,C00393,Jeddah,E115,Web,Completed,0,13.02
ORD000284,2025-02-11 11:12:34,P0177,Mometasone Furoate 0.1% 15g Box - Store Brand,Dermatology,1,93.92,9.39,31.36,C01063,Medina,E030,Mobile,Completed,0,84.53
ORD000285,2024-09-23 03:27:16,P0258,Omega-3 Fish Oil Box - Store Brand,Vitamins,3,200.94,10.05,78.36,C01113,Riyadh,E049,Retail,Completed,1,190.89
ORD000286,2024-05-04 04:12:25,P0214,Omega-3 Fish Oil Pack - Store Brand - Store Brand,Vitamins,4,229.04,11.45,90.12,C00131,Medina,E028,Retail,Completed,1,217.59
ORD000287,2025-01-07 01:30:52,P0095,Earol Ear Drops Box - Store Brand,Ear Care,1,13.57,0.68,6.49,C00644,Dammam,E081,Web,Completed,0,12.89
ORD000288,2024-06-29 18:38:50,P0369,Vicks VapoRub 50g Pack - Store Brand,Cold & Flu,1,12.65,0.0,4.62,C00960,Khobar,E036,Web,Completed,1,12.65
ORD000289,2025-02-10 19:30:19,P0063,Earol Ear Drops Box,Ear Care,1,21.26,2.13,9.41,C00725,Khobar,E029,Retail,Completed,0,19.13
ORD000290,2025-06-15 00:12:46,P0371,Clobetasol Cream 0.05% 30g Box - Store Brand - Store Brand - Store Brand,Dermatology,5,183.0,9.15,98.0,C00609,Riyadh,E012,Web,Completed,0,173.85
ORD000291,2025-06-25 11:06:53,P0233,Earol Ear Drops Pack - Store Brand,Ear Care,2,24.04,3.61,14.6,C00652,Jeddah,E036,Web,Completed,0,20.43
ORD000292,2024-10-01 11:09:39,P0101,Cetaphil Gentle Cleanser Pack - Store Brand,Skincare,1,49.93,2.5,21.12,C00270,Dammam,E115,Retail,Returned,0,47.43
ORD000293,2025-02-10 11:04:47,P0371,Clobetasol Cream 0.05% 30g Box - Store Brand - Store Brand - Store Brand,Dermatology,5,183.0,0.0,98.0,C00356,Medina,E061,Mobile,Completed,1,183.0
ORD000294,2025-05-09 12:04:28,P0096,Mometasone Furoate 0.1% 15g Pack - Store Brand,Dermatology,1,66.15,0.0,38.18,C00358,Jeddah,E058,Web,Completed,0,66.15
ORD000295,2025-09-12 08:41:02,P0204,Panadol Advance Bottle - Store Brand,Pain Relief,3,40.86,2.04,18.51,C01089,Jeddah,E017,Web,Completed,0,38.82
ORD000296,2024-04-04 08:12:28,P0281,Otrivin Nasal Spray Box - Store Brand - Store Brand - Store Brand,Cold & Flu,2,15.56,1.56,8.88,C00836,Riyadh,E021,Mobile,Completed,0,14.0
ORD000297,2025-03-11 06:05:42,P0072,Johnson's Baby Oil 200ml Box,Baby Care,2,74.6,3.73,28.82,C01029,Mecca,E112,Mobile,Completed,0,70.87
ORD000298,2025-07-22 19:51:04,P0191,Brufen 400mg Bottle - Store Brand,Pain Relief,2,37.1,0.0,10.28,C00880,Khobar,E111,Mobile,Completed,0,37.1
ORD000299,2025-05-09 08:19:13,P0296,Otrivin Nasal Spray Box - Store Brand - Store Brand - Store Brand,Cold & Flu,1,9.19,1.38,3.33,C01180,Mecca,E097,Web,Returned,0,7.81
ORD000300,2025-09-05 18:19:55,P0027,Centrum Multivitamins Box,Vitamins,1,109.63,10.96,45.57,C01123,Khobar,E095,Retail,Completed,0,98.67
ORD000301,2024-05-02 00:26:39,P0217,Femibion Prenatal Box - Store Brand - Store Brand,Vitamins,1,97.87,9.79,32.74,C00190,Jeddah,E060,Mobile,Completed,0,88.08
ORD000302,2025-08-08 10:03:43,P0079,Femibion Prenatal Pack,Vitamins,2,303.62,0.0,118.04,C00909,Riyadh,E072,Mobile,Completed,0,303.62
ORD000303,2024-09-24 07:41:02,P0221,Otrivin Nasal Spray Box - Store Brand - Store Brand - Store Brand,Cold & Flu,2,18.0,2.7,9.5,C00413,Mecca,E095,Retail,Completed,0,15.3
ORD000304,2024-09-14 01:42:09,P0267,Voltaren Emulgel 50g Bottle - Store Brand - Store Brand - Store Brand,Pain Relief,1,15.09,1.51,8.04,C01083,Medina,E065,Mobile,Completed,0,13.58
ORD000305,2025-01-06 13:00:02,P0271,Imodium 2mg Box - Store Brand - Store Brand - Store Brand - Store Brand - Store Brand,Gastrointestinal,1,5.1,0.76,3.0,C00279,Mecca,E065,Mobile,Completed,0,4.34
ORD000306,2025-03-09 00:44:08,P0057,Mometasone Furoate 0.1% 15g Box,Dermatology,2,243.44,0.0,82.56,C00510,Dammam,E025,Retail,Completed,0,243.44
ORD000307,2025-01-20 10:05:51,P0368,Sensodyne Repair & Protect Box - Store Brand - Store Brand - Store Brand,Oral Care,4,49.72,4.97,15.64,C00773,Dammam,E010,Web,Completed,0,44.75
ORD000308,2025-04-12 11:29:10,P0184,Mometasone Furoate 0.1% 15g Box - Store Brand,Dermatology,1,83.84,4.19,32.45,C01083,Medina,E067,Retail,Completed,1,79.65
ORD000309,2025-09-04 00:10:08,P0296,Otrivin Nasal Spray Box - Store Brand - Store Brand - Store Brand,Cold & Flu,2,18.38,0.92,6.66,C00115,Khobar,E061,Web,Completed,0,17.46
ORD000310,2024-11-04 09:30:54,P0398,Johnson's Baby Oil 200ml Box - Store Brand,Baby Care,1,30.69,0.0,9.35,C00862,Jeddah,E112,Mobile,Completed,0,30.69
ORD000311,2025-02-05 17:44:17,P0016,Vicks VapoRub 50g Pack,Cold & Flu,2,35.22,3.52,12.6,C00914,Riyadh,E063,Mobile,Completed,1,31.7
ORD000312,2025-03-13 17:07:08,P0378,Mometasone Furoate 0.1% 15g Box - Store Brand - Store Brand,Dermatology,1,61.32,3.07,25.92,C01144,Mecca,E115,Mobile,Completed,0,58.25
ORD000313,2024-09-15 02:46:11,P0381,Multivitamin Gummies Kids Box - Store Brand,Vitamins,2,83.14,8.31,31.7,C00494,Mecca,E099,Mobile,Completed,0,74.83
ORD000314,2025-03-12 02:20:04,P0395,Omega-3 Fish Oil Pack - Store Brand - Store Brand - Store Brand - Store Brand,Vitamins,5,121.2,6.06,54.7,C00897,Mecca,E092,Mobile,Completed,0,115.14
ORD000315,2025-09-12 03:04:51,P0298,Aspirin 100mg Bottle - Store Brand - Store Brand,Pain Relief,4,15.44,0.77,5.84,C00950,Riyadh,E021,Web,Completed,0,14.67
ORD000316,2025-06-12 05:10:24,P0367,Pampers Baby Dry Pack - Store Brand - Store Brand,Baby Care,1,55.6,5.56,22.07,C00439,Medina,E048,Web,Completed,0,50.04
ORD000317,2025-08-21 22:03:37,P0043,Sensodyne Repair & Protect Pack,Oral Care,1,27.92,2.79,9.97,C00607,Khobar,E019,Web,Completed,0,25.13
ORD000318,2025-05-11 11:04:25,P0236,Band-Aid Assorted Bottle - Store Brand - Store Brand - Store Brand,First Aid,1,3.17,0.0,2.19,C00821,Medina,E052,Retail,Completed,1,3.17
ORD000319,2024-11-26 16:32:34,P0049,Band-Aid Assorted Pack,First Aid,1,11.89,1.19,4.52,C01179,Jeddah,E083,Mobile,Completed,0,10.7
ORD000320,2025-06-11 14:18:19,P0269,Aspirin 100mg Bottle - Store Brand - Store Brand - Store Brand,Pain Relief,3,8.82,1.32,2.64,C00232,Riyadh,E044,Mobile,Completed,0,7.5
ORD000321,2024-07-09 06:17:11,P0078,Duphaston 10mg Box,Women's Health,3,246.45,0.0,99.54,C00897,Mecca,E040,Web,Completed,0,246.45
ORD000322,2025-03-04 08:46:53,P0189,Aspirin 100mg Pack - Store Brand - Store Brand - Store Brand,Pain Relief,1,3.71,0.37,0.98,C00382,Jeddah,E008,Mobile,Completed,0,3.34
ORD000323,2024-10-24 20:11:09,P0214,Omega-3 Fish Oil Pack - Store Brand - Store Brand,Vitamins,1,57.26,0.0,22.53,C00185,Mecca,E069,Mobile,Completed,0,57.26
ORD000324,2025-04-24 11:39:32,P0337,NeoCitran Hot Drink Pack - Store Brand - Store Brand - Store Brand,Cold & Flu,1,8.75,1.31,4.55,C01042,Mecca,E041,Mobile,Completed,0,7.44
ORD000325,2025-08-22 20:40:27,P0173,Cetaphil Gentle Cleanser Box - Store Brand,Skincare,1,61.32,3.07,22.75,C01109,Dammam,E092,Retail,Completed,0,58.25
ORD000326,2024-04-01 10:30:03,P0298,Aspirin 100mg Bottle - Store Brand - Store Brand,Pain Relief,1,3.86,0.39,1.46,C00940,Medina,E040,Retail,Completed,0,3.47
ORD000327,2024-09-06 12:05:49,P0160,Sensodyne Repair & Protect Box - Store Brand,Oral Care,3,71.34,10.7,22.92,C00715,Jeddah,E095,Retail,Completed,0,60.64
ORD000328,2024-07-28 04:31:16,P0336,Panadol Advance Bottle - Store Brand - Store Brand,Pain Relief,4,43.12,6.47,19.64,C00964,Jeddah,E094,Retail,Completed,0,36.65
ORD000329,2024-07-12 12:52:42,P0001,Panadol Extra Pack,Pain Relief,1,12.87,1.93,5.16,C01070,Dammam,E112,Mobile,Completed,1,10.94
ORD000330,2024-05-30 16:02:36,P0054,Clobetasol Cream 0.05% 30g Box,Dermatology,1,111.97,11.2,45.44,C00546,Dammam,E054,Web,Completed,0,100.77
ORD000331,2024-08-24 17:40:41,P0204,Panadol Advance Bottle - Store Brand,Pain Relief,1,13.62,2.04,6.17,C01082,Riyadh,E038,Mobile,Completed,0,11.58
ORD000332,2025-06-20 12:19:14,P0060,Refresh Tears Eye Drops Box,Eye Care,1,45.53,6.83,17.84,C00404,Dammam,E029,Web,Completed,0,38.7
ORD000333,2024-11-11 02:48:40,P0217,Femibion Prenatal Box - Store Brand - Store Brand,Vitamins,5,489.35,73.4,163.7,C00218,Medina,E016,Mobile,Completed,1,415.95
ORD000334,2024-08-09 06:59:24,P0039,Neutrogena Hydro Boost Box,Skincare,2,253.9,12.7,86.42,C01040,Jeddah,E004,Web,Completed,0,241.2
ORD000335,2025-07-01 03:23:29,P0077,Duphaston 10mg Bottle,Women's Health,3,234.87,35.23,104.34,C00206,Medina,E073,Web,Completed,1,199.64
ORD000336,2025-09-13 04:54:52,P0258,Omega-3 Fish Oil Box - Store Brand,Vitamins,4,267.92,26.79,104.48,C00912,Jeddah,E066,Mobile,Completed,0,241.13
ORD000337,2024-07-27 10:56:25,P0293,Band-Aid Assorted Pack - Store Brand - Store Brand,First Aid,2,13.4,0.67,5.84,C00374,Khobar,E041,Web,Completed,0,12.73
ORD000338,2024-07-27 19:32:44,P0243,Cetaphil Gentle Cleanser Box - Store Brand,Skincare,1,60.18,6.02,19.14,C00566,Mecca,E054,Mobile,Returned,0,54.16
ORD000339,2024-11-03 02:33:33,P0229,Imodium 2mg Box - Store Brand - Store Brand - Store Brand,Gastrointestinal,1,11.34,0.0,5.73,C00209,Mecca,E066,Web,Completed,0,11.34
ORD000340,2025-07-01 00:59:23,P0028,Redoxon Vitamin C 1000mg Pack,Vitamins,3,90.57,9.06,41.46,C00644,Dammam,E112,Web,Completed,0,81.51
ORD000341,2024-10-19 19:36:36,P0204,Panadol Advance Bottle - Store Brand,Pain Relief,3,40.86,4.09,18.51,C00174,Mecca,E013,Mobile,Completed,0,36.77
ORD000342,2024-04-01 23:40:40,P0008,Aspirin 100mg Bottle,Pain Relief,1,8.19,0.82,3.2,C00368,Medina,E048,Mobile,Completed,0,7.37
ORD000343,2024-06-10 12:27:19,P0328,Redoxon Vitamin C 1000mg Pack - Store Brand - Store Brand,Vitamins,1,11.46,0.57,7.03,C00609,Riyadh,E107,Web,Completed,0,10.89
ORD000344,2025-02-10 03:08:46,P0225,Sensodyne Repair & Protect Box - Store Brand - Store Brand,Oral Care,2,35.74,0.0,9.7,C00332,Riyadh,E015,Mobile,Returned,1,35.74
ORD000345,2024-12-18 10:21:04,P0398,Johnson's Baby Oil 200ml Box - Store Brand,Baby Care,1,30.69,3.07,9.35,C00114,Jeddah,E018,Mobile,Completed,0,27.62
ORD000346,2024-08-03 17:25:19,P0042,Nivea Body Lotion 400ml Box,Personal Care,3,123.45,0.0,48.45,C00436,Medina,E096,Mobile,Completed,0,123.45
ORD000347,2025-09-08 09:22:36,P0339,Imodium 2mg Box - Store Brand - Store Brand,Gastrointestinal,1,18.61,0.93,6.36,C00430,Riyadh,E027,Web,Completed,0,17.68
ORD000348,2024-05-22 08:20:20,P0031,Omega-3 Fish Oil Pack,Vitamins,1,94.29,14.14,42.27,C00213,Dammam,E097,Web,Completed,0,80.15
ORD000349,2025-08-17 10:36:12,P0020,NeoCitran Hot Drink Bottle,Cold & Flu,2,40.38,0.0,21.56,C00124,Riyadh,E061,Web,Completed,0,40.38
ORD000350,2024-11-12 06:20:00,P0022,Otrivin Nasal Spray Pack,Cold & Flu,3,90.0,0.0,35.76,C00006,Medina,E101,Web,Completed,0,90.0
ORD000351,2024-08-13 11:49:51,P0364,Duphaston 10mg Pack - Store Brand - Store Brand - Store Brand - Store Brand,Women's Health,3,50.16,0.0,25.65,C00363,Dammam,E012,Web,Completed,0,50.16
ORD000352,2025-06-16 06:35:47,P0002,Panadol Extra Bottle,Pain Relief,1,12.22,0.61,4.09,C00731,Riyadh,E110,Mobile,Completed,0,11.61
ORD000353,2025-04-19 03:26:17,P0154,Imodium 2mg Pack - Store Brand,Gastrointestinal,2,49.54,0.0,15.46,C01012,Mecca,E105,Mobile,Completed,0,49.54
ORD000354,2024-08-18 17:57:09,P0120,Refresh Tears Eye Drops Box - Store Brand - Store Brand - Store Brand,Eye Care,5,83.5,4.18,41.35,C00977,Medina,E116,Mobile,Completed,0,79.32
ORD000355,2024-09-05 04:47:02,P0364,Duphaston 10mg Pack - Store Brand - Store Brand - Store Brand - Store Brand,Women's Health,5,83.6,12.54,42.75,C01157,Mecca,E047,Mobile,Completed,0,71.06
ORD000356,2024-08-10 10:30:32,P0061,Earol Ear Drops Pack,Ear Care,4,80.04,12.01,38.04,C00657,Jeddah,E055,Web,Completed,0,68.03
ORD000357,2024-11-22 01:51:25,P0373,Femibion Prenatal Pack - Store Brand - Store Brand,Vitamins,1,87.58,0.0,37.03,C00999,Medina,E067,Web,Completed,0,87.58
ORD000358,2025-05-29 16:56:36,P0028,Redoxon Vitamin C 1000mg Pack,Vitamins,3,90.57,0.0,41.46,C00485,Medina,E042,Web,Completed,1,90.57
ORD000359,2025-07-02 07:19:10,P0070,Johnson's Baby Oil 200ml Pack,Baby Care,3,117.54,17.63,46.8,C00623,Dammam,E029,Mobile,Completed,1,99.91
ORD000360,2024-08-16 14:27:18,P0038,Neutrogena Hydro Boost Bottle,Skincare,4,465.48,69.82,185.4,C00108,Medina,E087,Web,Completed,1,395.66
ORD000361,2025-08-27 00:00:57,P0168,Vicks VapoRub 50g Bottle - Store Brand,Cold & Flu,1,10.43,1.56,3.83,C00949,Dammam,E067,Mobile,Completed,0,8.87
ORD000362,2025-01-23 15:04:01,P0092,Multivitamin Gummies Kids Bottle,Vitamins,2,123.08,0.0,43.1,C00201,Medina,E095,Retail,Returned,0,123.08
ORD000363,2024-12-30 11:17:37,P0177,Mometasone Furoate 0.1% 15g Box - Store Brand,Dermatology,5,469.6,46.96,156.8,C00143,Dammam,E026,Mobile,Cancelled,0,422.64
ORD000364,2024-09-19 20:15:09,P0269,Aspirin 100mg Bottle - Store Brand - Store Brand - Store Brand,Pain Relief,4,11.76,1.76,3.52,C00564,Mecca,E036,Mobile,Completed,0,10.0
ORD000365,2025-08-05 01:07:51,P0175,Band-Aid Assorted Box - Store Brand - Store Brand,First Aid,5,38.4,3.84,17.55,C00384,Dammam,E061,Mobile,Returned,1,34.56
ORD000366,2025-04-24 04:42:20,P0285,Voltaren Emulgel 50g Bottle - Store Brand - Store Brand - Store Brand,Pain Relief,1,18.88,2.83,9.9,C01026,Riyadh,E014,Web,Completed,0,16.05
ORD000367,2025-07-24 00:55:58,P0231,Nivea Body Lotion 400ml Box - Store Brand,Personal Care,5,125.5,0.0,58.45,C00908,Khobar,E013,Mobile,Completed,1,125.5
ORD000368,2025-08-31 16:05:13,P0326,Band-Aid Assorted Box - Store Brand - Store Brand,First Aid,1,6.6,0.33,3.03,C01125,Riyadh,E049,Mobile,Completed,0,6.27
ORD000369,2025-07-19 01:32:55,P0079,Femibion Prenatal Pack,Vitamins,2,303.62,0.0,118.04,C00698,Medina,E085,Mobile,Completed,1,303.62
ORD000370,2024-08-26 19:31:43,P0263,Nivea Body Lotion 400ml Bottle - Store Brand - Store Brand,Personal Care,1,15.13,2.27,9.96,C00913,Medina,E063,Mobile,Completed,0,12.86
ORD000371,2024-04-16 12:17:13,P0245,Imodium 2mg Box - Store Brand,Gastrointestinal,5,129.0,0.0,34.8,C00592,Medina,E050,Web,Completed,1,129.0
ORD000372,2025-03-14 23:51:41,P0147,Clobetasol Cream 0.05% 30g Pack - Store Brand,Dermatology,1,84.16,4.21,25.23,C00388,Riyadh,E072,Mobile,Completed,0,79.95
ORD000373,2025-04-08 17:05:31,P0156,Clobetasol Cream 0.05% 30g Pack - Store Brand - Store Brand,Dermatology,2,133.8,13.38,32.98,C00345,Jeddah,E092,Web,Completed,1,120.42
ORD000374,2025-08-17 16:00:17,P0205,Gaviscon 200ml Pack - Store Brand,Gastrointestinal,2,69.8,10.47,27.78,C00089,Dammam,E061,Mobile,Completed,0,59.33
ORD000375,2025-01-20 23:11:23,P0139,Duphaston 10mg Bottle - Store Brand,Women's Health,1,66.04,9.91,24.72,C01126,Riyadh,E079,Mobile,Completed,0,56.13
ORD000376,2024-11-26 21:28:48,P0231,Nivea Body Lotion 400ml Box - Store Brand,Personal Care,1,25.1,0.0,11.69,C00381,Medina,E017,Mobile,Completed,0,25.1
ORD000377,2025-07-21 12:56:40,P0334,Earol Ear Drops Pack - Store Brand - Store Brand - Store Brand - Store Brand,Ear Care,1,4.5,0.0,3.21,C00765,Dammam,E055,Web,Completed,0,4.5
ORD000378,2024-05-05 19:32:17,P0030,Redoxon Vitamin C 1000mg Box,Vitamins,3,96.99,4.85,41.1,C00311,Mecca,E031,Mobile,Completed,0,92.14
ORD000379,2024-11-14 19:13:41,P0006,Panadol Advance Box,Pain Relief,1,16.39,0.82,7.6,C00040,Khobar,E003,Mobile,Completed,1,15.57
ORD000380,2025-06-07 04:27:23,P0234,Earol Ear Drops Pack - Store Brand - Store Brand,Ear Care,2,15.08,2.26,10.86,C00920,Jeddah,E035,Web,Completed,0,12.82
ORD000381,2024-11-23 19:30:10,P0212,Mometasone Furoate 0.1% 15g Pack - Store Brand - Store Brand - Store Brand,Dermatology,1,27.12,4.07,24.93,C00015,Medina,E042,Mobile,Completed,0,23.05
ORD000382,2025-09-10 13:53:08,P0267,Voltaren Emulgel 50g Bottle - Store Brand - Store Brand - Store Brand,Pain Relief,3,45.27,4.53,24.12,C01174,Dammam,E064,Mobile,Completed,0,40.74
ORD000383,2024-07-30 09:24:16,P0385,Otrivin Nasal Spray Box - Store Brand - Store Brand,Cold & Flu,2,26.52,2.65,11.5,C00572,Medina,E056,Web,Completed,0,23.87
ORD000384,2025-05-13 03:55:05,P0140,Ventolin Inhaler Bottle - Store Brand,Respiratory,1,148.67,14.87,69.38,C01158,Khobar,E007,Web,Completed,0,133.8
ORD000385,2025-07-21 02:07:09,P0154,Imodium 2mg Pack - Store Brand,Gastrointestinal,3,74.31,0.0,23.19,C00825,Mecca,E092,Mobile,Completed,0,74.31
ORD000386,2024-10-21 07:08:23,P0299,Mometasone Furoate 0.1% 15g Pack - Store Brand - Store Brand - Store Brand - Store Brand,Dermatology,1,20.36,3.05,20.48,C00248,Riyadh,E055,Web,Completed,0,17.31
ORD000387,2025-04-18 22:24:38,P0193,Mometasone Furoate 0.1% 15g Pack - Store Brand - Store Brand,Dermatology,4,167.64,25.15,119.12,C00386,Riyadh,E085,Mobile,Completed,1,142.49
ORD000388,2024-10-04 03:09:47,P0036,Cetaphil Gentle Cleanser Box,Skincare,2,157.16,23.57,59.56,C00544,Khobar,E086,Mobile,Completed,0,133.59
ORD000389,2025-07-23 15:06:26,P0033,Omega-3 Fish Oil Box,Vitamins,3,301.98,15.1,115.47,C00597,Medina,E074,Web,Completed,1,286.88
ORD000390,2024-10-17 01:56:10,P0090,Colgate Total Box,Oral Care,5,96.15,14.42,38.3,C00457,Mecca,E120,Mobile,Completed,0,81.73
ORD000391,2024-12-30 21:49:12,P0052,Clobetasol Cream 0.05% 30g Pack,Dermatology,2,208.0,10.4,76.18,C00972,Riyadh,E020,Mobile,Completed,1,197.6
ORD000392,2025-02-04 15:03:13,P0251,Johnson's Baby Oil 200ml Bottle - Store Brand - Store Brand - Store Brand - Store Brand,Baby Care,1,14.68,0.0,2.77,C00174,Mecca,E082,Web,Completed,0,14.68
ORD000393,2025-08-06 18:21:21,P0310,Aspirin 100mg Pack - Store Brand,Pain Relief,1,5.69,0.28,1.8,C00355,Dammam,E052,Web,Completed,0,5.41
ORD000394,2024-09-29 17:18:51,P0113,Panadol Advance Bottle - Store Brand,Pain Relief,3,38.55,3.86,20.19,C00955,Dammam,E060,Web,Cancelled,1,34.69
ORD000395,2025-08-07 10:44:56,P0375,Otrivin Nasal Spray Pack - Store Brand,Cold & Flu,4,72.16,3.61,35.72,C01189,Riyadh,E021,Web,Completed,0,68.55
ORD000396,2025-08-16 13:45:36,P0374,Johnson's Baby Oil 200ml Box - Store Brand - Store Brand,Baby Care,2,49.18,0.0,14.38,C00914,Riyadh,E093,Web,Completed,0,49.18
ORD000397,2024-11-21 18:51:25,P0003,Panadol Extra Box,Pain Relief,2,26.52,0.0,8.56,C00260,Jeddah,E116,Retail,Completed,0,26.52
ORD000398,2025-01-25 05:54:28,P0280,Clobetasol Cream 0.05% 30g Box - Store Brand - Store Brand,Dermatology,5,271.65,13.58,129.2,C01092,Medina,E031,Web,Completed,0,258.07
ORD000399,2025-05-02 09:14:31,P0114,Otrivin Nasal Spray Box - Store Brand - Store Brand,Cold & Flu,3,38.85,3.88,19.32,C00971,Jeddah,E064,Retail,Completed,0,34.97
ORD000400,2024-11-21 09:38:24,P0314,Omega-3 Fish Oil Bottle - Store Brand,Vitamins,1,59.66,8.95,26.93,C00275,Medina,E104,Mobile,Completed,1,50.71
ORD000401,2024-09-08 07:13:08,P0114,Otrivin Nasal Spray Box - Store Brand - Store Brand,Cold & Flu,1,12.95,0.65,6.44,C00462,Mecca,E028,Retail,Completed,0,12.3
ORD000402,2025-06-23 19:58:09,P0324,Aspirin 100mg Pack - Store Brand - Store Brand - Store Brand - Store Brand,Pain Relief,1,2.93,0.29,0.72,C00429,Jeddah,E090,Retail,Completed,1,2.64
ORD000403,2025-03-26 19:10:13,P0052,Clobetasol Cream 0.05% 30g Pack,Dermatology,3,312.0,31.2,114.27,C00196,Mecca,E113,Mobile,Completed,1,280.8
ORD000404,2025-01-02 14:24:18,P0197,Johnson's Baby Oil 200ml Bottle - Store Brand - Store Brand - Store Brand,Baby Care,4,69.8,0.0,21.92,C00975,Mecca,E083,Retail,Completed,0,69.8
ORD000405,2025-09-10 10:30:07,P0118,Mometasone Furoate 0.1% 15g Pack - Store Brand,Dermatology,4,263.64,13.18,146.04,C00829,Riyadh,E033,Mobile,Completed,0,250.46
ORD000406,2025-09-06 05:12:10,P0169,Ventolin Inhaler Box - Store Brand,Respiratory,1,190.89,9.54,68.46,C00216,Khobar,E110,Web,Completed,1,181.35
ORD000407,2024-10-07 10:44:28,P0088,Colgate Total Pack,Oral Care,1,18.99,0.95,9.34,C00899,Jeddah,E039,Web,Completed,1,18.04
ORD000408,2025-07-26 08:30:55,P0364,Duphaston 10mg Pack - Store Brand - Store Brand - Store Brand - Store Brand,Women's Health,1,16.72,2.51,8.55,C00090,Khobar,E102,Web,Completed,1,14.21
ORD000409,2025-03-23 21:01:33,P0067,Imodium 2mg Pack,Gastrointestinal,3,94.41,9.44,30.03,C00204,Khobar,E092,Web,Completed,0,84.97
ORD000410,2024-07-25 12:15:52,P0074,Pampers Baby Dry Bottle,Baby Care,3,428.67,0.0,167.82,C00103,Dammam,E046,Web,Completed,0,428.67
ORD000411,2025-03-10 00:39:34,P0210,Voltaren Emulgel 50g Bottle - Store Brand - Store Brand,Pain Relief,3,90.36,0.0,39.45,C00153,Khobar,E083,Mobile,Completed,0,90.36
ORD000412,2024-03-25 08:35:06,P0132,Neutrogena Hydro Boost Pack - Store Brand,Skincare,2,189.64,18.96,68.54,C00784,Mecca,E041,Mobile,Completed,0,170.68
ORD000413,2025-04-28 01:00:21,P0249,Duphaston 10mg Pack - Store Brand - Store Brand,Women's Health,3,119.85,5.99,41.16,C00012,Riyadh,E109,Mobile,Completed,0,113.86
ORD000414,2025-03-08 15:37:47,P0310,Aspirin 100mg Pack - Store Brand,Pain Relief,2,11.38,0.57,3.6,C00515,Mecca,E034,Web,Completed,0,10.81
ORD000415,2024-10-27 20:19:51,P0049,Band-Aid Assorted Pack,First Aid,1,11.89,1.78,4.52,C00891,Khobar,E048,Web,Completed,0,10.11
ORD000416,2024-04-08 01:46:10,P0127,Pampers Baby Dry Box - Store Brand,Baby Care,5,496.45,24.82,203.1,C00729,Khobar,E117,Web,Completed,0,471.63
ORD000417,2024-08-01 01:05:13,P0017,Vicks VapoRub 50g Bottle,Cold & Flu,1,15.25,2.29,5.72,C00008,Medina,E077,Web,Completed,0,12.96
ORD000418,2024-08-02 02:34:06,P0216,Aspirin 100mg Pack - Store Brand - Store Brand,Pain Relief,5,21.15,0.0,8.75,C01087,Khobar,E002,Mobile,Completed,1,21.15
ORD000419,2025-08-28 04:14:57,P0163,Colgate Total Box - Store Brand,Oral Care,2,27.48,1.37,10.02,C00484,Mecca,E092,Web,Returned,0,26.11
ORD000420,2024-11-01 15:14:53,P0021,NeoCitran Hot Drink Box,Cold & Flu,3,69.87,10.48,30.51,C00672,Medina,E017,Web,Completed,0,59.39
ORD000421,2024-10-28 18:08:23,P0172,Imodium 2mg Pack - Store Brand - Store Brand,Gastrointestinal,3,52.08,2.6,15.78,C00143,Dammam,E054,Web,Completed,0,49.48
ORD000422,2024-11-03 08:50:12,P0304,Imodium 2mg Bottle - Store Brand,Gastrointestinal,5,126.95,6.35,44.95,C00622,Riyadh,E080,Web,Completed,1,120.6
ORD000423,2024-05-28 13:31:58,P0352,Earol Ear Drops Pack - Store Brand - Store Brand - Store Brand - Store Brand,Ear Care,1,4.63,0.23,2.84,C00202,Jeddah,E112,Web,Completed,0,4.4
ORD000424,2025-01-14 20:07:17,P0168,Vicks VapoRub 50g Bottle - Store Brand,Cold & Flu,3,31.29,3.13,11.49,C00043,Riyadh,E010,Web,Completed,0,28.16
ORD000425,2024-09-21 09:00:35,P0031,Omega-3 Fish Oil Pack,Vitamins,2,188.58,18.86,84.54,C00847,Jeddah,E078,Retail,Returned,0,169.72
ORD000426,2024-03-27 03:11:02,P0205,Gaviscon 200ml Pack - Store Brand,Gastrointestinal,1,34.9,5.24,13.89,C00991,Dammam,E039,Retail,Completed,0,29.66
ORD000427,2025-05-31 14:12:35,P0369,Vicks VapoRub 50g Pack - Store Brand,Cold & Flu,1,12.65,0.63,4.62,C00922,Dammam,E034,Web,Completed,0,12.02
ORD000428,2025-03-21 12:58:56,P0391,Johnson's Baby Oil 200ml Bottle - Store Brand - Store Brand,Baby Care,1,21.82,2.18,6.97,C00236,Khobar,E091,Mobile,Completed,0,19.64
ORD000429,2024-11-21 07:01:00,P0034,Cetaphil Gentle Cleanser Pack,Skincare,1,80.17,4.01,28.69,C00667,Jeddah,E064,Retail,Completed,0,76.16
ORD000430,2025-02-20 00:37:57,P0342,Gaviscon 200ml Bottle - Store Brand - Store Brand - Store Brand - Store Brand,Gastrointestinal,1,14.53,1.45,5.27,C00324,Medina,E079,Mobile,Returned,0,13.08
ORD000431,2025-02-24 10:41:22,P0151,Aspirin 100mg Bottle - Store Brand,Pain Relief,4,21.64,2.16,9.24,C00236,Khobar,E095,Retail,Completed,0,19.48
ORD000432,2025-05-28 13:46:31,P0150,Symbicort Inhaler Bottle - Store Brand - Store Brand - Store Brand,Respiratory,4,529.44,79.42,341.68,C00081,Jeddah,E007,Web,Completed,0,450.02
ORD000433,2024-04-19 19:46:07,P0070,Johnson's Baby Oil 200ml Pack,Baby Care,2,78.36,3.92,31.2,C01119,Jeddah,E091,Web,Completed,1,74.44
ORD000434,2024-04-23 15:39:38,P0062,Earol Ear Drops Bottle,Ear Care,2,51.76,7.76,20.94,C00036,Mecca,E059,Web,Completed,0,44.0
ORD000435,2024-06-27 00:19:48,P0226,Voltaren Emulgel 50g Box - Store Brand - Store Brand - Store Brand,Pain Relief,1,19.12,0.96,6.6,C01013,Dammam,E112,Web,Completed,0,18.16
ORD000436,2025-06-03 10:56:25,P0093,Multivitamin Gummies Kids Box,Vitamins,4,216.6,10.83,85.48,C00850,Mecca,E075,Retail,Completed,0,205.77
ORD000437,2025-02-09 09:51:38,P0118,Mometasone Furoate 0.1% 15g Pack - Store Brand,Dermatology,5,329.55,16.48,182.55,C00955,Dammam,E099,Web,Completed,0,313.07
ORD000438,2024-04-12 03:13:04,P0062,Earol Ear Drops Bottle,Ear Care,1,25.88,0.0,10.47,C00806,Khobar,E051,Web,Returned,0,25.88
ORD000439,2024-11-29 06:26:23,P0244,Multivitamin Gummies Kids Bottle - Store Brand,Vitamins,1,50.69,0.0,18.08,C01135,Medina,E059,Mobile,Completed,1,50.69
ORD000440,2025-07-24 00:39:59,P0361,Omega-3 Fish Oil Pack - Store Brand - Store Brand - Store Brand,Vitamins,5,172.15,0.0,95.6,C00267,Jeddah,E043,Retail,Completed,1,172.15
ORD000441,2024-11-30 08:06:40,P0295,Otrivin Nasal Spray Bottle - Store Brand - Store Brand,Cold & Flu,5,56.2,2.81,29.2,C01157,Mecca,E028,Retail,Completed,0,53.39
ORD000442,2024-11-28 23:35:21,P0274,Panadol Extra Pack - Store Brand,Pain Relief,3,31.14,0.0,12.36,C00024,Khobar,E071,Retail,Completed,1,31.14
ORD000443,2024-10-07 03:50:52,P0341,Clobetasol Cream 0.05% 30g Pack - Store Brand - Store Brand - Store Brand - Store Brand - Store Brand,Dermatology,1,31.35,4.7,6.06,C00787,Dammam,E012,Web,Completed,1,26.65
ORD000444,2025-01-29 12:27:27,P0156,Clobetasol Cream 0.05% 30g Pack - Store Brand - Store Brand,Dermatology,1,66.9,3.35,16.49,C01008,Jeddah,E016,Web,Completed,0,63.55
ORD000445,2025-09-05 23:51:50,P0164,Duphaston 10mg Box - Store Brand,Women's Health,2,126.4,12.64,53.5,C00661,Jeddah,E086,Web,Completed,0,113.76
ORD000446,2025-04-07 06:28:58,P0137,Femibion Prenatal Bottle - Store Brand,Vitamins,2,247.4,37.11,91.46,C00103,Dammam,E061,Web,Completed,0,210.29
ORD000447,2025-02-14 03:53:47,P0287,Pampers Baby Dry Bottle - Store Brand - Store Brand,Baby Care,4,334.92,16.75,127.96,C00797,Mecca,E056,Mobile,Completed,0,318.17
ORD000448,2025-03-17 23:58:40,P0221,Otrivin Nasal Spray Box - Store Brand - Store Brand - Store Brand,Cold & Flu,3,27.0,1.35,14.25,C01023,Medina,E120,Web,Completed,0,25.65
ORD000449,2024-11-03 18:20:42,P0147,Clobetasol Cream 0.05% 30g Pack - Store Brand,Dermatology,2,168.32,0.0,50.46,C00587,Medina,E117,Mobile,Completed,0,168.32
ORD000450,2025-09-05 11:47:03,P0376,Earol Ear Drops Pack - Store Brand - Store Brand - Store Brand - Store Brand,Ear Care,4,18.64,0.93,9.32,C00165,Medina,E067,Web,Completed,0,17.71
ORD000451,2024-04-26 23:52:40,P0054,Clobetasol Cream 0.05% 30g Box,Dermatology,2,223.94,33.59,90.88,C00145,Riyadh,E053,Web,Completed,0,190.35
ORD000452,2024-12-24 01:27:31,P0128,Centrum Multivitamins Bottle - Store Brand - Store Brand,Vitamins,1,60.6,0.0,23.24,C00299,Mecca,E099,Mobile,Completed,1,60.6
ORD000453,2024-08-09 10:20:36,P0156,Clobetasol Cream 0.05% 30g Pack - Store Brand - Store Brand,Dermatology,3,200.7,30.1,49.47,C00194,Mecca,E006,Web,Completed,0,170.6
ORD000454,2024-11-21 19:37:56,P0126,Clobetasol Cream 0.05% 30g Box - Store Brand,Dermatology,2,142.74,21.41,67.4,C00923,Khobar,E097,Mobile,Completed,0,121.33
ORD000455,2024-12-13 02:10:55,P0338,Aspirin 100mg Bottle - Store Brand - Store Brand - Store Brand,Pain Relief,5,11.4,0.57,4.65,C01134,Dammam,E028,Web,Completed,0,10.83
ORD000456,2025-08-28 00:29:50,P0124,Voltaren Emulgel 50g Bottle - Store Brand - Store Brand,Pain Relief,1,22.1,0.0,12.01,C00863,Khobar,E001,Web,Completed,1,22.1
ORD000457,2025-03-15 09:18:30,P0278,Pampers Baby Dry Pack - Store Brand - Store Brand - Store Brand,Baby Care,3,123.18,18.48,48.66,C00978,Riyadh,E039,Mobile,Returned,0,104.7
ORD000458,2025-09-10 10:07:34,P0394,Femibion Prenatal Pack - Store Brand - Store Brand,Vitamins,3,203.46,30.52,113.97,C01109,Dammam,E103,Web,Completed,0,172.94
ORD000459,2024-08-18 04:03:24,P0118,Mometasone Furoate 0.1% 15g Pack - Store Brand,Dermatology,1,65.91,0.0,36.51,C01117,Mecca,E090,Retail,Completed,0,65.91
ORD000460,2025-03-31 15:55:21,P0204,Panadol Advance Bottle - Store Brand,Pain Relief,2,27.24,1.36,12.34,C00686,Dammam,E056,Mobile,Completed,0,25.88
ORD000461,2024-05-28 20:08:53,P0039,Neutrogena Hydro Boost Box,Skincare,1,126.95,19.04,43.21,C00480,Khobar,E019,Web,Completed,0,107.91
ORD000462,2024-07-19 08:36:16,P0015,Brufen 400mg Box,Pain Relief,3,63.81,9.57,25.08,C00965,Jeddah,E063,Web,Completed,0,54.24
ORD000463,2024-08-26 08:28:05,P0108,Duphaston 10mg Pack - Store Brand,Women's Health,1,52.41,7.86,17.17,C00095,Jeddah,E007,Web,Completed,1,44.55
ORD000464,2025-02-08 20:11:41,P0038,Neutrogena Hydro Boost Bottle,Skincare,4,465.48,46.55,185.4,C00633,Khobar,E005,Web,Completed,1,418.93
ORD000465,2024-09-19 02:17:06,P0171,Earol Ear Drops Bottle - Store Brand,Ear Care,3,64.05,0.0,25.17,C00836,Riyadh,E055,Mobile,Completed,0,64.05
ORD000466,2025-08-08 12:26:28,P0060,Refresh Tears Eye Drops Box,Eye Care,2,91.06,13.66,35.68,C00285,Medina,E015,Web,Returned,0,77.4
ORD000467,2025-03-06 04:38:20,P0163,Colgate Total Box - Store Brand,Oral Care,3,41.22,0.0,15.03,C00437,Medina,E021,Web,Completed,0,41.22
ORD000468,2025-02-26 06:13:23,P0359,Multivitamin Gummies Kids Bottle - Store Brand,Vitamins,1,49.14,2.46,15.94,C01173,Khobar,E076,Retail,Completed,1,46.68
ORD000469,2024-07-02 20:13:15,P0346,Refresh Tears Eye Drops Bottle - Store Brand,Eye Care,4,125.44,18.82,44.88,C00921,Mecca,E054,Mobile,Completed,0,106.62
ORD000470,2025-03-24 20:01:16,P0045,Sensodyne Repair & Protect Box,Oral Care,3,95.1,4.76,38.07,C00988,Riyadh,E080,Web,Completed,0,90.34
ORD000471,2025-08-23 02:04:53,P0226,Voltaren Emulgel 50g Box - Store Brand - Store Brand - Store Brand,Pain Relief,2,38.24,1.91,13.2,C00050,Khobar,E026,Web,Completed,1,36.33
ORD000472,2025-04-10 10:57:02,P0352,Earol Ear Drops Pack - Store Brand - Store Brand - Store Brand - Store Brand,Ear Care,1,4.63,0.23,2.84,C00385,Khobar,E072,Web,Completed,0,4.4
ORD000473,2024-12-25 07:01:41,P0274,Panadol Extra Pack - Store Brand,Pain Relief,3,31.14,1.56,12.36,C00524,Dammam,E106,Retail,Completed,0,29.58
ORD000474,2024-12-10 07:04:48,P0239,Omega-3 Fish Oil Pack - Store Brand - Store Brand - Store Brand,Vitamins,2,63.6,3.18,30.78,C01013,Dammam,E016,Mobile,Completed,0,60.42
ORD000475,2024-12-23 21:25:11,P0276,Earol Ear Drops Pack - Store Brand - Store Brand - Store Brand,Ear Care,3,18.96,1.9,11.25,C00946,Khobar,E115,Web,Completed,0,17.06
ORD000476,2024-05-01 03:10:58,P0243,Cetaphil Gentle Cleanser Box - Store Brand,Skincare,5,300.9,45.14,95.7,C01007,Medina,E103,Web,Completed,0,255.76
ORD000477,2024-06-13 05:12:55,P0217,Femibion Prenatal Box - Store Brand - Store Brand,Vitamins,3,293.61,0.0,98.22,C00036,Mecca,E106,Mobile,Completed,0,293.61
ORD000478,2025-07-25 05:55:19,P0243,Cetaphil Gentle Cleanser Box - Store Brand,Skincare,1,60.18,3.01,19.14,C01156,Jeddah,E117,Web,Completed,1,57.17
ORD000479,2025-04-19 21:50:40,P0147,Clobetasol Cream 0.05% 30g Pack - Store Brand,Dermatology,2,168.32,0.0,50.46,C00879,Dammam,E020,Mobile,Completed,0,168.32
ORD000480,2024-06-26 11:49:33,P0106,Symbicort Inhaler Bottle - Store Brand,Respiratory,4,1136.8,170.52,538.56,C00885,Riyadh,E054,Mobile,Completed,1,966.28
ORD000481,2024-12-13 01:54:55,P0214,Omega-3 Fish Oil Pack - Store Brand - Store Brand,Vitamins,1,57.26,2.86,22.53,C00483,Riyadh,E011,Web,Completed,1,54.4
ORD000482,2024-12-28 02:07:42,P0299,Mometasone Furoate 0.1% 15g Pack - Store Brand - Store Brand - Store Brand - Store Brand,Dermatology,2,40.72,2.04,40.96,C00178,Medina,E020,Mobile,Completed,0,38.68
ORD000483,2024-07-08 03:38:55,P0152,NeoCitran Hot Drink Pack - Store Brand - Store Brand,Cold & Flu,4,41.76,6.26,26.32,C01120,Riyadh,E118,Web,Completed,0,35.5
ORD000484,2024-04-15 02:04:09,P0322,Pampers Baby Dry Bottle - Store Brand - Store Brand,Baby Care,2,151.92,0.0,74.98,C00634,Medina,E092,Mobile,Returned,0,151.92
ORD000485,2024-12-10 17:41:05,P0146,Aspirin 100mg Bottle - Store Brand,Pain Relief,1,5.27,0.26,2.62,C00903,Medina,E056,Web,Completed,0,5.01
ORD000486,2025-06-12 05:46:18,P0366,Omega-3 Fish Oil Box - Store Brand - Store Brand,Vitamins,1,41.97,4.2,20.81,C00478,Jeddah,E054,Web,Completed,0,37.77
ORD000487,2024-11-21 14:57:03,P0086,Symbicort Inhaler Bottle,Respiratory,4,1821.28,0.0,702.12,C00183,Medina,E106,Web,Completed,0,1821.28
ORD000488,2025-01-30 17:11:58,P0365,Otrivin Nasal Spray Box - Store Brand,Cold & Flu,2,37.98,1.9,14.16,C00777,Khobar,E114,Mobile,Completed,1,36.08
ORD000489,2024-12-16 03:11:09,P0251,Johnson's Baby Oil 200ml Bottle - Store Brand - Store Brand - Store Brand - Store Brand,Baby Care,4,58.72,8.81,11.08,C00761,Mecca,E100,Web,Completed,0,49.91
ORD000490,2025-05-14 09:44:04,P0161,Gaviscon 200ml Bottle - Store Brand,Gastrointestinal,1,38.03,1.9,14.62,C01180,Mecca,E067,Retail,Completed,0,36.13
ORD000491,2025-04-24 09:29:53,P0073,Pampers Baby Dry Pack,Baby Care,2,243.78,24.38,107.5,C00280,Medina,E097,Mobile,Completed,0,219.4
ORD000492,2024-09-26 10:08:51,P0200,Imodium 2mg Box - Store Brand - Store Brand,Gastrointestinal,4,68.12,6.81,31.36,C00535,Dammam,E093,Web,Completed,0,61.31
ORD000493,2025-01-06 16:04:41,P0319,Redoxon Vitamin C 1000mg Pack - Store Brand - Store Brand - Store Brand,Vitamins,1,11.47,1.15,3.68,C01075,Khobar,E016,Web,Completed,0,10.32
ORD000494,2025-03-06 12:18:35,P0364,Duphaston 10mg Pack - Store Brand - Store Brand - Store Brand - Store Brand,Women's Health,1,16.72,0.0,8.55,C00930,Mecca,E059,Web,Completed,0,16.72
ORD000495,2024-12-20 02:00:20,P0376,Earol Ear Drops Pack - Store Brand - Store Brand - Store Brand - Store Brand,Ear Care,1,4.66,0.23,2.33,C00475,Jeddah,E092,Web,Completed,0,4.43
ORD000496,2024-12-02 14:45:30,P0231,Nivea Body Lotion 400ml Box - Store Brand,Personal Care,2,50.2,2.51,23.38,C00391,Jeddah,E106,Mobile,Completed,0,47.69
ORD000497,2025-02-16 14:43:28,P0059,Refresh Tears Eye Drops Bottle,Eye Care,4,180.08,0.0,61.04,C00180,Mecca,E012,Web,Completed,1,180.08
ORD000498,2024-09-05 19:07:10,P0067,Imodium 2mg Pack,Gastrointestinal,2,62.94,6.29,20.02,C01173,Khobar,E087,Mobile,Completed,1,56.65
ORD000499,2024-10-13 18:51:18,P0035,Cetaphil Gentle Cleanser Bottle,Skincare,2,179.46,26.92,69.86,C00324,Medina,E057,Mobile,Returned,1,152.54
ORD000500,2024-07-27 10:51:26,P0103,Otrivin Nasal Spray Box - Store Brand,Cold & Flu,1,17.43,0.87,7.62,C00367,Medina,E063,Mobile,Completed,0,16.56
ORD000501,2025-09-13 09:07:13,P0078,Duphaston 10mg Box,Women's Health,1,82.15,12.32,33.18,C00952,Medina,E005,Mobile,Returned,0,69.83
ORD000502,2024-06-23 05:12:28,P0254,Imodium 2mg Box - Store Brand - Store Brand - Store Brand,Gastrointestinal,2,23.48,3.52,9.52,C00606,Mecca,E015,Web,Completed,0,19.96
ORD000503,2025-05-03 00:31:37,P0397,Omega-3 Fish Oil Pack - Store Brand - Store Brand - Store Brand - Store Brand - Store Brand,Vitamins,1,18.58,1.86,7.97,C00466,Riyadh,E040,Retail,Completed,1,16.72
ORD000504,2024-04-13 16:47:30,P0391,Johnson's Baby Oil 200ml Bottle - Store Brand - Store Brand,Baby Care,3,65.46,3.27,20.91,C00305,Mecca,E101,Mobile,Completed,0,62.19
ORD000505,2024-10-29 03:44:28,P0004,Panadol Advance Pack,Pain Relief,1,17.36,2.6,6.69,C00291,Medina,E001,Web,Completed,0,14.76
ORD000506,2025-02-10 07:24:47,P0033,Omega-3 Fish Oil Box,Vitamins,2,201.32,20.13,76.98,C00373,Medina,E073,Web,Completed,1,181.19
ORD000507,2025-03-27 02:07:53,P0375,Otrivin Nasal Spray Pack - Store Brand,Cold & Flu,4,72.16,3.61,35.72,C00139,Jeddah,E098,Web,Completed,1,68.55
ORD000508,2025-08-23 05:08:39,P0352,Earol Ear Drops Pack - Store Brand - Store Brand - Store Brand - Store Brand,Ear Care,2,9.26,0.93,5.68,C00525,Medina,E012,Mobile,Completed,1,8.33
ORD000509,2025-01-17 17:50:02,P0324,Aspirin 100mg Pack - Store Brand - Store Brand - Store Brand - Store Brand,Pain Relief,1,2.93,0.44,0.72,C00165,Medina,E044,Mobile,Returned,1,2.49
ORD000510,2024-10-24 09:53:40,P0088,Colgate Total Pack,Oral Care,2,37.98,1.9,18.68,C00977,Medina,E091,Web,Completed,0,36.08
ORD000511,2025-06-01 17:52:22,P0344,Redoxon Vitamin C 1000mg Pack - Store Brand - Store Brand - Store Brand - Store Brand,Vitamins,2,15.16,0.0,4.48,C00750,Dammam,E025,Retail,Completed,0,15.16
ORD000512,2025-06-08 21:22:25,P0206,Femibion Prenatal Bottle - Store Brand,Vitamins,2,233.42,35.01,88.04,C00767,Medina,E065,Retail,Completed,0,198.41
ORD000513,2024-04-06 16:56:28,P0185,Femibion Prenatal Pack - Store Brand,Vitamins,1,107.04,5.35,48.5,C00712,Medina,E032,Mobile,Completed,1,101.69
ORD000514,2024-05-27 17:12:00,P0176,Clobetasol Cream 0.05% 30g Pack - Store Brand - Store Brand,Dermatology,4,270.64,27.06,69.2,C00830,Medina,E052,Mobile,Completed,0,243.58
ORD000515,2024-12-12 00:29:51,P0292,Band-Aid Assorted Bottle - Store Brand - Store Brand - Store Brand,First Aid,2,10.54,1.58,3.94,C00923,Khobar,E004,Retail,Completed,0,8.96
ORD000516,2024-06-01 16:04:43,P0349,Redoxon Vitamin C 1000mg Bottle - Store Brand - Store Brand,Vitamins,1,13.39,0.0,7.36,C00164,Mecca,E070,Web,Completed,0,13.39
ORD000517,2024-05-31 14:02:44,P0114,Otrivin Nasal Spray Box - Store Brand - Store Brand,Cold & Flu,1,12.95,1.94,6.44,C00422,Khobar,E087,Web,Completed,0,11.01
ORD000518,2024-08-10 21:52:02,P0199,Otrivin Nasal Spray Bottle - Store Brand,Cold & Flu,1,14.7,0.0,7.77,C01039,Mecca,E039,Web,Completed,1,14.7
ORD000519,2024-11-29 19:06:20,P0061,Earol Ear Drops Pack,Ear Care,1,20.01,0.0,9.51,C01112,Jeddah,E007,Web,Completed,0,20.01
ORD000520,2025-04-09 21:03:03,P0331,Omega-3 Fish Oil Pack - Store Brand - Store Brand - Store Brand - Store Brand,Vitamins,2,49.44,7.42,19.66,C00746,Khobar,E015,Web,Completed,1,42.02
ORD000521,2024-05-12 19:28:39,P0381,Multivitamin Gummies Kids Box - Store Brand,Vitamins,2,83.14,12.47,31.7,C00214,Riyadh,E082,Web,Completed,0,70.67
ORD000522,2025-05-27 07:57:34,P0398,Johnson's Baby Oil 200ml Box - Store Brand,Baby Care,5,153.45,0.0,46.75,C00768,Jeddah,E032,Mobile,Completed,0,153.45
ORD000523,2024-11-14 13:38:34,P0354,Band-Aid Assorted Bottle - Store Brand - Store Brand,First Aid,2,10.3,1.55,5.98,C00774,Medina,E011,Mobile,Completed,0,8.75
ORD000524,2025-01-06 22:09:42,P0213,Voltaren Emulgel 50g Box - Store Brand - Store Brand,Pain Relief,2,46.36,2.32,18.14,C00027,Khobar,E101,Web,Returned,1,44.04
ORD000525,2024-04-24 10:18:32,P0059,Refresh Tears Eye Drops Bottle,Eye Care,1,45.02,6.75,15.26,C00206,Medina,E107,Mobile,Completed,0,38.27
ORD000526,2024-03-23 09:22:08,P0382,Redoxon Vitamin C 1000mg Pack - Store Brand,Vitamins,1,24.54,3.68,11.51,C00119,Riyadh,E035,Mobile,Completed,1,20.86
ORD000527,2024-12-20 22:09:10,P0336,Panadol Advance Bottle - Store Brand - Store Brand,Pain Relief,4,43.12,2.16,19.64,C00888,Jeddah,E075,Mobile,Completed,0,40.96
ORD000528,2025-05-11 19:23:38,P0253,Duphaston 10mg Pack - Store Brand - Store Brand,Women's Health,2,75.28,7.53,29.62,C00903,Medina,E012,Web,Completed,0,67.75
ORD000529,2025-05-29 04:46:11,P0307,Duphaston 10mg Pack - Store Brand - Store Brand - Store Brand,Women's Health,5,119.75,17.96,51.4,C00328,Dammam,E027,Mobile,Returned,0,101.79
ORD000530,2025-09-03 18:31:55,P0391,Johnson's Baby Oil 200ml Bottle - Store Brand - Store Brand,Baby Care,5,109.1,10.91,34.85,C01152,Mecca,E097,Mobile,Completed,0,98.19
ORD000531,2024-12-13 07:41:21,P0280,Clobetasol Cream 0.05% 30g Box - Store Brand - Store Brand,Dermatology,1,54.33,5.43,25.84,C00662,Riyadh,E003,Retail,Completed,0,48.9
ORD000532,2025-07-08 19:51:20,P0114,Otrivin Nasal Spray Box - Store Brand - Store Brand,Cold & Flu,2,25.9,0.0,12.88,C00794,Jeddah,E087,Web,Completed,1,25.9
ORD000533,2025-01-22 01:24:16,P0105,Pampers Baby Dry Pack - Store Brand,Baby Care,2,150.02,0.0,84.72,C00936,Dammam,E069,Web,Completed,1,150.02
ORD000534,2025-08-27 02:49:12,P0318,Duphaston 10mg Pack - Store Brand - Store Brand - Store Brand,Women's Health,1,23.19,3.48,10.07,C00148,Riyadh,E106,Mobile,Completed,0,19.71
ORD000535,2024-06-27 21:00:54,P0218,Femibion Prenatal Bottle - Store Brand - Store Brand,Vitamins,2,186.98,9.35,68.46,C00608,Riyadh,E057,Web,Completed,0,177.63
ORD000536,2025-09-02 13:42:02,P0097,Femibion Prenatal Box - Store Brand,Vitamins,5,597.4,59.74,246.55,C00643,Mecca,E025,Web,Completed,0,537.66
ORD000537,2024-09-10 17:44:22,P0336,Panadol Advance Bottle - Store Brand - Store Brand,Pain Relief,1,10.78,1.62,4.91,C00521,Dammam,E047,Web,Completed,0,9.16
ORD000538,2024-03-28 12:15:41,P0008,Aspirin 100mg Bottle,Pain Relief,1,8.19,1.23,3.2,C00735,Medina,E015,Retail,Completed,1,6.96
ORD000539,2024-08-02 09:10:17,P0150,Symbicort Inhaler Bottle - Store Brand - Store Brand - Store Brand,Respiratory,2,264.72,13.24,170.84,C00470,Medina,E009,Mobile,Completed,0,251.48
ORD000540,2024-10-10 14:59:56,P0347,Refresh Tears Eye Drops Box - Store Brand - Store Brand - Store Brand,Eye Care,5,58.25,2.91,42.8,C00403,Mecca,E113,Mobile,Completed,0,55.34
ORD000541,2025-08-31 13:41:14,P0281,Otrivin Nasal Spray Box - Store Brand - Store Brand - Store Brand,Cold & Flu,1,7.78,0.78,4.44,C00246,Khobar,E088,Mobile,Completed,1,7.0
ORD000542,2025-08-02 19:43:32,P0164,Duphaston 10mg Box - Store Brand,Women's Health,3,189.6,0.0,80.25,C00651,Khobar,E110,Retail,Completed,1,189.6
ORD000543,2024-10-21 19:38:30,P0118,Mometasone Furoate 0.1% 15g Pack - Store Brand,Dermatology,1,65.91,9.89,36.51,C00111,Khobar,E064,Web,Completed,0,56.02
ORD000544,2024-04-28 10:43:57,P0007,Aspirin 100mg Pack,Pain Relief,1,7.79,1.17,2.97,C00956,Khobar,E069,Web,Completed,0,6.62
ORD000545,2024-12-07 22:37:00,P0001,Panadol Extra Pack,Pain Relief,1,12.87,0.0,5.16,C00655,Riyadh,E095,Web,Completed,0,12.87
ORD000546,2024-10-03 03:17:26,P0360,Otrivin Nasal Spray Bottle - Store Brand - Store Brand - Store Brand,Cold & Flu,1,9.05,0.91,4.83,C00800,Medina,E040,Web,Completed,0,8.14
ORD000547,2025-03-30 18:28:14,P0138,Centrum Multivitamins Bottle - Store Brand,Vitamins,2,192.06,0.0,50.76,C00948,Jeddah,E076,Mobile,Returned,0,192.06
ORD000548,2024-09-30 22:31:28,P0206,Femibion Prenatal Bottle - Store Brand,Vitamins,1,116.71,5.84,44.02,C01064,Khobar,E044,Mobile,Completed,0,110.87
ORD000549,2024-05-18 14:24:16,P0187,Omega-3 Fish Oil Pack - Store Brand,Vitamins,3,203.01,30.45,103.56,C00321,Mecca,E098,Web,Completed,0,172.56
ORD000550,2024-05-28 09:43:49,P0274,Panadol Extra Pack - Store Brand,Pain Relief,5,51.9,0.0,20.6,C00448,Medina,E049,Web,Completed,0,51.9
ORD000551,2024-06-30 00:41:15,P0273,Aspirin 100mg Bottle - Store Brand - Store Brand - Store Brand,Pain Relief,1,2.57,0.39,1.05,C00076,Mecca,E008,Web,Completed,0,2.18
ORD000552,2024-06-10 01:27:06,P0283,Mometasone Furoate 0.1% 15g Pack - Store Brand,Dermatology,3,195.12,0.0,91.11,C01163,Mecca,E038,Mobile,Completed,1,195.12
ORD000553,2024-09-20 00:46:13,P0173,Cetaphil Gentle Cleanser Box - Store Brand,Skincare,4,245.28,0.0,91.0,C00585,Riyadh,E059,Web,Completed,0,245.28
ORD000554,2024-12-11 18:09:28,P0083,Ventolin Inhaler Bottle,Respiratory,3,668.34,0.0,295.56,C00663,Medina,E059,Mobile,Completed,0,668.34
ORD000555,2024-06-10 17:31:19,P0238,Duphaston 10mg Pack - Store Brand,Women's Health,1,53.14,0.0,17.1,C01030,Mecca,E076,Mobile,Completed,0,53.14
ORD000556,2025-07-31 00:34:09,P0044,Sensodyne Repair & Protect Bottle,Oral Care,2,60.26,6.03,25.86,C00213,Dammam,E054,Web,Completed,0,54.23
ORD000557,2024-09-27 19:56:19,P0165,Otrivin Nasal Spray Box - Store Brand - Store Brand,Cold & Flu,1,12.66,0.0,4.79,C00013,Dammam,E008,Web,Completed,0,12.66
ORD000558,2024-11-19 16:13:02,P0303,Band-Aid Assorted Box - Store Brand - Store Brand,First Aid,2,14.08,0.7,7.62,C00039,Riyadh,E019,Web,Completed,0,13.38
ORD000559,2025-01-03 10:44:14,P0328,Redoxon Vitamin C 1000mg Pack - Store Brand - Store Brand,Vitamins,5,57.3,2.86,35.15,C00199,Dammam,E008,Web,Completed,0,54.44
ORD000560,2025-02-13 19:02:16,P0176,Clobetasol Cream 0.05% 30g Pack - Store Brand - Store Brand,Dermatology,1,67.66,3.38,17.3,C00573,Riyadh,E082,Retail,Completed,0,64.28
ORD000561,2024-08-17 01:05:30,P0306,Mometasone Furoate 0.1% 15g Pack - Store Brand - Store Brand - Store Brand,Dermatology,3,114.27,17.14,67.74,C00770,Mecca,E077,Mobile,Completed,0,97.13
ORD000562,2025-07-14 12:14:34,P0242,Johnson's Baby Oil 200ml Bottle - Store Brand - Store Brand - Store Brand,Baby Care,1,18.1,1.81,4.43,C00808,Mecca,E021,Web,Completed,0,16.29
ORD000563,2025-04-12 04:03:57,P0178,Band-Aid Assorted Bottle - Store Brand - Store Brand,First Aid,1,6.94,0.0,3.23,C00688,Mecca,E082,Web,Completed,0,6.94
ORD000564,2024-09-24 14:53:09,P0341,Clobetasol Cream 0.05% 30g Pack - Store Brand - Store Brand - Store Brand - Store Brand - Store Brand,Dermatology,2,62.7,6.27,12.12,C00056,Medina,E104,Mobile,Completed,0,56.43
ORD000565,2024-03-28 04:37:06,P0251,Johnson's Baby Oil 200ml Bottle - Store Brand - Store Brand - Store Brand - Store Brand,Baby Care,1,14.68,0.0,2.77,C00803,Medina,E046,Web,Completed,0,14.68
ORD000566,2025-02-28 01:03:01,P0397,Omega-3 Fish Oil Pack - Store Brand - Store Brand - Store Brand - Store Brand - Store Brand,Vitamins,1,18.58,1.86,7.97,C00585,Riyadh,E006,Retail,Completed,0,16.72
ORD000567,2024-08-05 05:34:34,P0209,Omega-3 Fish Oil Pack - Store Brand - Store Brand,Vitamins,1,49.4,4.94,25.24,C01165,Mecca,E093,Web,Completed,0,44.46
ORD000568,2024-08-08 15:30:05,P0029,Redoxon Vitamin C 1000mg Bottle,Vitamins,1,34.61,1.73,11.43,C00655,Riyadh,E108,Web,Completed,0,32.88
ORD000569,2025-01-11 06:52:48,P0132,Neutrogena Hydro Boost Pack - Store Brand,Skincare,3,284.46,0.0,102.81,C01118,Khobar,E044,Retail,Completed,0,284.46
ORD000570,2025-01-04 01:50:57,P0200,Imodium 2mg Box - Store Brand - Store Brand,Gastrointestinal,4,68.12,3.41,31.36,C01197,Jeddah,E068,Retail,Cancelled,1,64.71
ORD000571,2024-05-12 17:58:24,P0152,NeoCitran Hot Drink Pack - Store Brand - Store Brand,Cold & Flu,1,10.44,0.52,6.58,C01169,Mecca,E102,Web,Completed,0,9.92
ORD000572,2024-11-24 22:17:44,P0236,Band-Aid Assorted Bottle - Store Brand - Store Brand - Store Brand,First Aid,2,6.34,0.32,4.38,C00531,Khobar,E118,Web,Completed,0,6.02
ORD000573,2025-05-12 21:06:05,P0343,Imodium 2mg Box - Store Brand - Store Brand - Store Brand - Store Brand,Gastrointestinal,1,7.49,0.37,4.36,C01076,Riyadh,E042,Web,Completed,0,7.12
ORD000574,2024-06-29 04:36:21,P0114,Otrivin Nasal Spray Box - Store Brand - Store Brand,Cold & Flu,4,51.8,7.77,25.76,C00941,Riyadh,E027,Mobile,Completed,0,44.03
ORD000575,2024-07-31 00:26:07,P0333,Gaviscon 200ml Bottle - Store Brand - Store Brand - Store Brand,Gastrointestinal,2,48.24,4.82,13.74,C00403,Mecca,E064,Mobile,Completed,0,43.42
ORD000576,2025-05-05 02:49:28,P0272,Clobetasol Cream 0.05% 30g Pack - Store Brand - Store Brand - Store Brand - Store Brand,Dermatology,3,130.86,19.63,24.54,C00258,Riyadh,E061,Web,Completed,0,111.23
ORD000577,2024-08-30 21:43:42,P0177,Mometasone Furoate 0.1% 15g Box - Store Brand,Dermatology,1,93.92,4.7,31.36,C00176,Riyadh,E058,Retail,Completed,0,89.22
ORD000578,2025-02-16 02:14:53,P0279,Cetaphil Gentle Cleanser Box - Store Brand - Store Brand,Skincare,4,187.56,9.38,52.88,C01152,Mecca,E120,Mobile,Completed,0,178.18
ORD000579,2024-07-05 07:20:47,P0316,Clobetasol Cream 0.05% 30g Bottle - Store Brand,Dermatology,3,255.87,25.59,102.24,C00965,Jeddah,E057,Mobile,Completed,0,230.28
ORD000580,2025-03-19 08:11:40,P0022,Otrivin Nasal Spray Pack,Cold & Flu,2,60.0,6.0,23.84,C00050,Khobar,E055,Web,Completed,0,54.0
ORD000581,2025-04-13 10:07:22,P0391,Johnson's Baby Oil 200ml Bottle - Store Brand - Store Brand,Baby Care,1,21.82,3.27,6.97,C00399,Riyadh,E004,Web,Completed,0,18.55
ORD000582,2024-12-26 21:13:31,P0236,Band-Aid Assorted Bottle - Store Brand - Store Brand - Store Brand,First Aid,4,12.68,1.27,8.76,C00584,Mecca,E108,Mobile,Completed,0,11.41
ORD000583,2024-10-23 16:10:57,P0145,Refresh Tears Eye Drops Box - Store Brand - Store Brand,Eye Care,5,96.1,0.0,58.7,C00209,Mecca,E016,Web,Completed,0,96.1
ORD000584,2024-12-07 04:56:42,P0151,Aspirin 100mg Bottle - Store Brand,Pain Relief,1,5.41,0.54,2.31,C00068,Riyadh,E033,Web,Completed,0,4.87
ORD000585,2024-08-18 01:04:50,P0237,Clobetasol Cream 0.05% 30g Box - Store Brand - Store Brand,Dermatology,3,172.2,8.61,64.56,C00561,Dammam,E110,Mobile,Completed,0,163.59
ORD000586,2024-03-29 14:19:51,P0199,Otrivin Nasal Spray Bottle - Store Brand,Cold & Flu,3,44.1,4.41,23.31,C01159,Jeddah,E106,Web,Cancelled,1,39.69
ORD000587,2025-06-16 10:22:12,P0254,Imodium 2mg Box - Store Brand - Store Brand - Store Brand,Gastrointestinal,3,35.22,0.0,14.28,C00461,Riyadh,E061,Mobile,Cancelled,0,35.22
ORD000588,2025-01-25 17:17:01,P0154,Imodium 2mg Pack - Store Brand,Gastrointestinal,1,24.77,1.24,7.73,C01189,Riyadh,E061,Web,Completed,1,23.53
ORD000589,2025-03-16 08:23:19,P0221,Otrivin Nasal Spray Box - Store Brand - Store Brand - Store Brand,Cold & Flu,1,9.0,0.0,4.75,C01141,Jeddah,E041,Mobile,Completed,1,9.0
ORD000590,2024-09-01 18:11:27,P0158,Imodium 2mg Box - Store Brand,Gastrointestinal,2,48.04,0.0,16.28,C00357,Jeddah,E048,Web,Completed,0,48.04
ORD000591,2024-03-30 11:43:04,P0068,Imodium 2mg Bottle,Gastrointestinal,2,60.08,6.01,23.58,C00887,Mecca,E044,Web,Completed,1,54.07
ORD000592,2025-09-10 07:26:52,P0031,Omega-3 Fish Oil Pack,Vitamins,2,188.58,18.86,84.54,C00546,Dammam,E076,Web,Completed,0,169.72
ORD000593,2024-07-20 08:15:37,P0241,Imodium 2mg Box - Store Brand - Store Brand,Gastrointestinal,5,95.35,9.54,29.05,C00799,Medina,E073,Mobile,Completed,1,85.81
ORD000594,2025-01-13 03:32:28,P0106,Symbicort Inhaler Bottle - Store Brand,Respiratory,1,284.2,42.63,134.64,C00593,Dammam,E009,Mobile,Completed,0,241.57
ORD000595,2024-12-03 09:17:43,P0027,Centrum Multivitamins Box,Vitamins,2,219.26,32.89,91.14,C01027,Mecca,E082,Retail,Completed,0,186.37
ORD000596,2025-08-29 04:01:34,P0293,Band-Aid Assorted Pack - Store Brand - Store Brand,First Aid,2,13.4,0.0,5.84,C00118,Dammam,E106,Mobile,Completed,0,13.4
ORD000597,2024-08-24 12:51:12,P0201,Voltaren Emulgel 50g Bottle - Store Brand - Store Brand,Pain Relief,1,22.65,3.4,8.78,C00610,Jeddah,E037,Web,Completed,0,19.25
ORD000598,2025-03-11 02:47:36,P0242,Johnson's Baby Oil 200ml Bottle - Store Brand - Store Brand - Store Brand,Baby Care,1,18.1,0.0,4.43,C00505,Jeddah,E022,Web,Completed,1,18.1
ORD000599,2024-07-22 22:36:03,P0400,Neutrogena Hydro Boost Box - Store Brand,Skincare,5,522.4,26.12,175.5,C00098,Mecca,E069,Web,Completed,1,496.28
ORD000600,2024-08-30 08:18:30,P0003,Panadol Extra Box,Pain Relief,1,13.26,0.66,4.28,C00159,Mecca,E040,Web,Completed,1,12.6
ORD000601,2024-07-24 07:08:42,P0172,Imodium 2mg Pack - Store Brand - Store Brand,Gastrointestinal,2,34.72,3.47,10.52,C00729,Khobar,E076,Web,Completed,1,31.25
ORD000602,2024-10-22 21:50:24,P0383,Symbicort Inhaler Bottle - Store Brand - Store Brand - Store Brand - Store Brand - Store Brand,Respiratory,1,69.77,3.49,43.68,C00033,Khobar,E058,Web,Completed,0,66.28
ORD000603,2025-05-05 09:55:25,P0236,Band-Aid Assorted Bottle - Store Brand - Store Brand - Store Brand,First Aid,1,3.17,0.48,2.19,C00998,Khobar,E059,Web,Completed,0,2.69
ORD000604,2024-11-01 14:18:45,P0142,Pampers Baby Dry Pack - Store Brand - Store Brand,Baby Care,2,117.8,17.67,66.92,C00047,Khobar,E045,Mobile,Completed,0,100.13
ORD000605,2025-01-20 17:42:03,P0371,Clobetasol Cream 0.05% 30g Box - Store Brand - Store Brand - Store Brand,Dermatology,2,73.2,3.66,39.2,C00171,Mecca,E054,Web,Completed,1,69.54
ORD000606,2025-03-13 13:47:00,P0167,Pampers Baby Dry Pack - Store Brand,Baby Care,1,82.23,4.11,33.7,C00861,Dammam,E090,Mobile,Completed,0,78.12
ORD000607,2024-09-25 03:29:29,P0147,Clobetasol Cream 0.05% 30g Pack - Store Brand,Dermatology,4,336.64,16.83,100.92,C00221,Dammam,E036,Retail,Completed,0,319.81
ORD000608,2024-09-07 17:10:20,P0027,Centrum Multivitamins Box,Vitamins,4,438.52,65.78,182.28,C00665,Mecca,E098,Mobile,Cancelled,0,372.74
ORD000609,2024-06-12 16:46:33,P0356,Clobetasol Cream 0.05% 30g Pack - Store Brand - Store Brand - Store Brand - Store Brand,Dermatology,2,78.08,7.81,19.5,C00575,Mecca,E053,Web,Completed,0,70.27
ORD000610,2025-03-16 22:40:28,P0282,Symbicort Inhaler Bottle - Store Brand - Store Brand - Store Brand - Store Brand,Respiratory,1,97.54,14.63,59.24,C00774,Medina,E049,Web,Completed,0,82.91
ORD000611,2025-01-25 01:47:36,P0225,Sensodyne Repair & Protect Box - Store Brand - Store Brand,Oral Care,1,17.87,1.79,4.85,C00356,Medina,E015,Mobile,Completed,1,16.08
ORD000612,2025-04-03 11:48:54,P0340,Aspirin 100mg Bottle - Store Brand - Store Brand,Pain Relief,2,7.08,0.0,3.64,C00418,Dammam,E071,Mobile,Completed,1,7.08
ORD000613,2024-07-09 21:48:17,P0375,Otrivin Nasal Spray Pack - Store Brand,Cold & Flu,2,36.08,3.61,17.86,C00359,Riyadh,E108,Web,Completed,0,32.47
ORD000614,2024-08-07 15:10:40,P0063,Earol Ear Drops Box,Ear Care,1,21.26,3.19,9.41,C00122,Jeddah,E022,Web,Completed,0,18.07
ORD000615,2024-07-20 04:37:47,P0225,Sensodyne Repair & Protect Box - Store Brand - Store Brand,Oral Care,2,35.74,1.79,9.7,C00268,Riyadh,E028,Mobile,Completed,0,33.95
ORD000616,2025-03-01 07:48:32,P0359,Multivitamin Gummies Kids Bottle - Store Brand,Vitamins,3,147.42,0.0,47.82,C00415,Riyadh,E050,Mobile,Completed,0,147.42
ORD000617,2024-04-29 18:25:25,P0179,Symbicort Inhaler Bottle - Store Brand - Store Brand - Store Brand,Respiratory,3,383.34,19.17,198.18,C00652,Jeddah,E119,Web,Completed,0,364.17
ORD000618,2024-06-01 22:48:52,P0142,Pampers Baby Dry Pack - Store Brand - Store Brand,Baby Care,1,58.9,0.0,33.46,C00155,Khobar,E002,Web,Completed,0,58.9
ORD000619,2024-09-10 06:55:50,P0400,Neutrogena Hydro Boost Box - Store Brand,Skincare,5,522.4,0.0,175.5,C00460,Medina,E103,Mobile,Completed,0,522.4
ORD000620,2024-04-26 03:42:02,P0202,Symbicort Inhaler Bottle - Store Brand - Store Brand - Store Brand - Store Brand - Store Brand,Respiratory,2,136.74,0.0,77.86,C00282,Khobar,E105,Web,Completed,0,136.74
ORD000621,2025-07-21 04:00:12,P0312,Femibion Prenatal Bottle - Store Brand - Store Brand,Vitamins,1,97.42,14.61,29.28,C00727,Medina,E055,Web,Completed,0,82.81
ORD000622,2024-11-29 03:15:40,P0082,Ventolin Inhaler Pack,Respiratory,1,202.9,30.44,83.69,C00501,Dammam,E084,Web,Completed,1,172.46
ORD000623,2024-09-09 22:08:18,P0136,Panadol Advance Box - Store Brand,Pain Relief,1,11.22,1.12,6.07,C00521,Dammam,E084,Mobile,Completed,0,10.1
ORD000624,2025-02-05 06:38:54,P0129,Pampers Baby Dry Bottle - Store Brand,Baby Care,1,116.72,17.51,45.87,C00728,Medina,E014,Mobile,Completed,0,99.21
ORD000625,2024-10-04 15:45:10,P0142,Pampers Baby Dry Pack - Store Brand - Store Brand,Baby Care,5,294.5,29.45,167.3,C00786,Mecca,E081,Mobile,Completed,0,265.05
ORD000626,2024-12-05 21:02:39,P0147,Clobetasol Cream 0.05% 30g Pack - Store Brand,Dermatology,1,84.16,8.42,25.23,C00445,Dammam,E109,Mobile,Completed,0,75.74
ORD000627,2025-07-08 15:07:52,P0142,Pampers Baby Dry Pack - Store Brand - Store Brand,Baby Care,4,235.6,35.34,133.84,C00897,Mecca,E049,Mobile,Completed,0,200.26
ORD000628,2024-09-19 15:20:11,P0044,Sensodyne Repair & Protect Bottle,Oral Care,1,30.13,0.0,12.93,C00848,Medina,E040,Web,Completed,0,30.13
ORD000629,2025-07-17 08:31:40,P0371,Clobetasol Cream 0.05% 30g Box - Store Brand - Store Brand - Store Brand,Dermatology,1,36.6,1.83,19.6,C01133,Khobar,E048,Web,Completed,1,34.77
ORD000630,2024-08-28 17:16:00,P0151,Aspirin 100mg Bottle - Store Brand,Pain Relief,2,10.82,0.54,4.62,C00924,Khobar,E119,Mobile,Cancelled,1,10.28
ORD000631,2024-12-03 06:28:15,P0353,Duphaston 10mg Pack - Store Brand - Store Brand,Women's Health,1,40.23,4.02,13.62,C00843,Khobar,E083,Mobile,Completed,1,36.21
ORD000632,2025-08-08 07:42:32,P0235,Pampers Baby Dry Box - Store Brand - Store Brand,Baby Care,4,253.12,0.0,101.16,C00266,Riyadh,E030,Mobile,Completed,0,253.12
ORD000633,2024-08-29 19:57:47,P0385,Otrivin Nasal Spray Box - Store Brand - Store Brand,Cold & Flu,2,26.52,1.33,11.5,C00681,Medina,E103,Mobile,Completed,1,25.19
ORD000634,2025-05-02 00:11:21,P0067,Imodium 2mg Pack,Gastrointestinal,1,31.47,4.72,10.01,C00409,Riyadh,E081,Web,Completed,0,26.75
ORD000635,2024-08-19 11:03:50,P0272,Clobetasol Cream 0.05% 30g Pack - Store Brand - Store Brand - Store Brand - Store Brand,Dermatology,1,43.62,2.18,8.18,C00442,Mecca,E027,Web,Completed,0,41.44
ORD000636,2024-09-22 12:23:17,P0140,Ventolin Inhaler Bottle - Store Brand,Respiratory,2,297.34,44.6,138.76,C00124,Riyadh,E093,Web,Completed,0,252.74
ORD000637,2024-09-29 04:58:48,P0115,NeoCitran Hot Drink Pack - Store Brand,Cold & Flu,2,32.4,1.62,16.1,C01001,Mecca,E039,Web,Completed,0,30.78
ORD000638,2024-10-20 03:06:01,P0317,Duphaston 10mg Pack - Store Brand - Store Brand - Store Brand,Women's Health,4,108.6,16.29,43.48,C01114,Dammam,E011,Retail,Completed,1,92.31
ORD000639,2024-07-31 06:38:01,P0105,Pampers Baby Dry Pack - Store Brand,Baby Care,2,150.02,22.5,84.72,C00660,Mecca,E065,Mobile,Completed,0,127.52
ORD000640,2025-04-01 08:23:34,P0113,Panadol Advance Bottle - Store Brand,Pain Relief,1,12.85,1.93,6.73,C00144,Dammam,E055,Retail,Completed,0,10.92
ORD000641,2025-06-28 06:16:12,P0158,Imodium 2mg Box - Store Brand,Gastrointestinal,2,48.04,2.4,16.28,C00030,Mecca,E033,Web,Completed,0,45.64
ORD000642,2025-01-08 08:29:34,P0393,Nivea Body Lotion 400ml Bottle - Store Brand - Store Brand - Store Brand - Store Brand,Personal Care,2,14.62,2.19,8.6,C00241,Jeddah,E010,Web,Completed,0,12.43
ORD000643,2024-07-21 03:31:15,P0020,NeoCitran Hot Drink Bottle,Cold & Flu,4,80.76,0.0,43.12,C00963,Dammam,E002,Retail,Completed,0,80.76
ORD000644,2025-04-08 16:36:33,P0123,Imodium 2mg Box - Store Brand - Store Brand,Gastrointestinal,2,32.52,4.88,13.32,C00958,Jeddah,E051,Retail,Completed,1,27.64
ORD000645,2024-11-17 01:15:27,P0158,Imodium 2mg Box - Store Brand,Gastrointestinal,2,48.04,0.0,16.28,C01133,Khobar,E053,Retail,Cancelled,0,48.04
ORD000646,2025-01-15 20:55:29,P0134,Symbicort Inhaler Pack - Store Brand,Respiratory,5,1505.6,75.28,554.6,C01064,Khobar,E025,Mobile,Returned,0,1430.32
ORD000647,2025-04-22 19:02:11,P0050,Band-Aid Assorted Bottle,First Aid,3,34.11,3.41,17.07,C00370,Khobar,E090,Web,Completed,1,30.7
ORD000648,2024-09-30 15:46:51,P0271,Imodium 2mg Box - Store Brand - Store Brand - Store Brand - Store Brand - Store Brand,Gastrointestinal,1,5.1,0.0,3.0,C00829,Riyadh,E118,Mobile,Completed,0,5.1
ORD000649,2025-08-22 00:20:28,P0334,Earol Ear Drops Pack - Store Brand - Store Brand - Store Brand - Store Brand,Ear Care,2,9.0,0.9,6.42,C00066,Riyadh,E078,Web,Completed,0,8.1
ORD000650,2024-10-01 03:23:39,P0133,Otrivin Nasal Spray Box - Store Brand - Store Brand,Cold & Flu,2,21.26,1.06,12.54,C00507,Khobar,E002,Web,Completed,1,20.2
ORD000651,2025-01-25 20:17:48,P0159,Panadol Extra Box - Store Brand,Pain Relief,3,28.59,0.0,8.13,C00929,Mecca,E067,Retail,Completed,0,28.59
ORD000652,2025-02-17 12:42:32,P0303,Band-Aid Assorted Box - Store Brand - Store Brand,First Aid,1,7.04,0.7,3.81,C00766,Riyadh,E065,Retail,Completed,1,6.34
ORD000653,2025-06-21 04:34:00,P0101,Cetaphil Gentle Cleanser Pack - Store Brand,Skincare,1,49.93,7.49,21.12,C00965,Jeddah,E097,Retail,Completed,0,42.44
ORD000654,2024-06-15 20:15:51,P0254,Imodium 2mg Box - Store Brand - Store Brand - Store Brand,Gastrointestinal,2,23.48,2.35,9.52,C00606,Mecca,E105,Web,Completed,1,21.13
ORD000655,2024-11-17 06:39:17,P0291,Clobetasol Cream 0.05% 30g Pack - Store Brand - Store Brand - Store Brand - Store Brand - Store Brand,Dermatology,1,34.2,1.71,6.04,C00612,Mecca,E105,Web,Completed,1,32.49
ORD000656,2025-05-04 17:14:55,P0162,Johnson's Baby Oil 200ml Bottle - Store Brand,Baby Care,2,51.98,5.2,21.7,C00171,Mecca,E094,Web,Completed,0,46.78
ORD000657,2024-07-05 07:22:45,P0170,Pampers Baby Dry Pack - Store Brand - Store Brand,Baby Care,1,55.48,2.77,21.48,C00908,Khobar,E065,Retail,Completed,0,52.71
ORD000658,2024-08-14 03:47:31,P0356,Clobetasol Cream 0.05% 30g Pack - Store Brand - Store Brand - Store Brand - Store Brand,Dermatology,1,39.04,1.95,9.75,C00028,Khobar,E104,Mobile,Completed,1,37.09
ORD000659,2025-02-28 07:03:32,P0042,Nivea Body Lotion 400ml Box,Personal Care,2,82.3,0.0,32.3,C01060,Riyadh,E112,Mobile,Completed,0,82.3
ORD000660,2025-01-10 08:37:06,P0115,NeoCitran Hot Drink Pack - Store Brand,Cold & Flu,1,16.2,0.0,8.05,C00932,Medina,E044,Web,Completed,1,16.2
ORD000661,2025-08-27 13:14:04,P0131,Band-Aid Assorted Bottle - Store Brand - Store Brand,First Aid,3,15.36,0.0,8.43,C00789,Khobar,E008,Web,Returned,0,15.36
ORD000662,2024-06-06 04:30:39,P0187,Omega-3 Fish Oil Pack - Store Brand,Vitamins,1,67.67,0.0,34.52,C00903,Medina,E049,Mobile,Cancelled,0,67.67
ORD000663,2025-04-04 09:34:05,P0377,Duphaston 10mg Pack - Store Brand - Store Brand,Women's Health,2,82.5,8.25,28.36,C00573,Riyadh,E078,Web,Completed,0,74.25
ORD000664,2024-11-22 19:26:44,P0275,Clobetasol Cream 0.05% 30g Pack - Store Brand - Store Brand - Store Brand,Dermatology,4,220.12,22.01,48.84,C00148,Riyadh,E086,Web,Completed,0,198.11
ORD000665,2024-12-04 11:39:07,P0115,NeoCitran Hot Drink Pack - Store Brand,Cold & Flu,4,64.8,0.0,32.2,C00677,Riyadh,E059,Retail,Completed,0,64.8
ORD000666,2024-04-11 21:57:57,P0246,Omega-3 Fish Oil Pack - Store Brand - Store Brand - Store Brand,Vitamins,2,67.74,6.77,31.72,C00359,Riyadh,E090,Mobile,Completed,1,60.97
ORD000667,2025-07-16 06:09:32,P0319,Redoxon Vitamin C 1000mg Pack - Store Brand - Store Brand - Store Brand,Vitamins,3,34.41,5.16,11.04,C00345,Jeddah,E066,Web,Completed,0,29.25
ORD000668,2024-04-04 21:15:33,P0082,Ventolin Inhaler Pack,Respiratory,2,405.8,0.0,167.38,C00331,Medina,E104,Mobile,Completed,0,405.8
ORD000669,2025-07-07 06:07:49,P0309,Panadol Extra Pack - Store Brand - Store Brand,Pain Relief,2,13.94,0.0,6.68,C00886,Khobar,E045,Web,Returned,1,13.94
ORD000670,2025-08-16 07:34:35,P0047,Savlon Antiseptic 100ml Bottle,First Aid,4,72.88,0.0,33.12,C01184,Khobar,E094,Web,Completed,0,72.88
ORD000671,2025-04-30 21:45:54,P0008,Aspirin 100mg Bottle,Pain Relief,4,32.76,0.0,12.8,C00217,Jeddah,E017,Web,Completed,1,32.76
ORD000672,2024-07-31 11:58:48,P0015,Brufen 400mg Box,Pain Relief,4,85.08,0.0,33.44,C00549,Medina,E062,Mobile,Completed,0,85.08
ORD000673,2024-08-02 08:20:58,P0264,Redoxon Vitamin C 1000mg Pack - Store Brand,Vitamins,3,54.6,0.0,34.56,C00113,Dammam,E014,Web,Completed,0,54.6
ORD000674,2024-12-01 13:39:50,P0141,Otrivin Nasal Spray Bottle - Store Brand,Cold & Flu,4,60.16,6.02,28.64,C01148,Dammam,E029,Mobile,Completed,0,54.14
ORD000675,2025-08-21 20:37:36,P0085,Symbicort Inhaler Pack,Respiratory,1,389.73,58.46,181.14,C00414,Medina,E012,Mobile,Completed,0,331.27
ORD000676,2025-06-13 08:08:45,P0162,Johnson's Baby Oil 200ml Bottle - Store Brand,Baby Care,3,77.97,0.0,32.55,C01024,Jeddah,E083,Web,Completed,1,77.97
ORD000677,2025-08-12 21:11:37,P0106,Symbicort Inhaler Bottle - Store Brand,Respiratory,2,568.4,85.26,269.28,C00655,Riyadh,E104,Web,Completed,0,483.14
ORD000678,2024-05-30 01:43:41,P0094,Aspirin 100mg Pack - Store Brand,Pain Relief,1,5.44,0.54,2.19,C00249,Mecca,E095,Mobile,Completed,0,4.9
ORD000679,2025-06-10 21:44:28,P0360,Otrivin Nasal Spray Bottle - Store Brand - Store Brand - Store Brand,Cold & Flu,1,9.05,0.91,4.83,C00448,Medina,E049,Mobile,Completed,0,8.14
ORD000680,2025-06-24 06:45:34,P0116,Otrivin Nasal Spray Bottle - Store Brand,Cold & Flu,2,38.94,5.84,14.08,C00653,Jeddah,E055,Web,Completed,0,33.1
ORD000681,2025-04-30 16:06:57,P0121,Aspirin 100mg Pack - Store Brand - Store Brand,Pain Relief,3,13.53,0.68,4.05,C00698,Medina,E014,Web,Completed,1,12.85
ORD000682,2024-11-23 08:32:23,P0292,Band-Aid Assorted Bottle - Store Brand - Store Brand - Store Brand,First Aid,1,5.27,0.53,1.97,C00951,Khobar,E108,Web,Completed,0,4.74
ORD000683,2025-07-03 03:22:33,P0155,Pampers Baby Dry Pack - Store Brand,Baby Care,1,73.97,0.0,32.92,C01128,Khobar,E077,Web,Completed,0,73.97
ORD000684,2024-10-21 08:46:22,P0122,Band-Aid Assorted Bottle - Store Brand,First Aid,5,42.0,6.3,21.0,C00628,Riyadh,E081,Mobile,Completed,1,35.7
ORD000685,2024-05-07 15:35:38,P0215,Panadol Advance Box - Store Brand,Pain Relief,5,61.25,6.12,24.4,C00701,Khobar,E020,Mobile,Completed,0,55.13
ORD000686,2024-05-02 19:09:17,P0254,Imodium 2mg Box - Store Brand - Store Brand - Store Brand,Gastrointestinal,5,58.7,2.94,23.8,C00504,Riyadh,E110,Web,Completed,0,55.76
ORD000687,2024-04-08 17:15:50,P0111,Pampers Baby Dry Bottle - Store Brand,Baby Care,2,234.46,23.45,80.44,C01023,Medina,E055,Mobile,Cancelled,1,211.01
ORD000688,2025-01-20 17:11:33,P0172,Imodium 2mg Pack - Store Brand - Store Brand,Gastrointestinal,1,17.36,1.74,5.26,C00020,Riyadh,E037,Mobile,Completed,1,15.62
ORD000689,2024-06-06 13:24:58,P0235,Pampers Baby Dry Box - Store Brand - Store Brand,Baby Care,1,63.28,0.0,25.29,C00163,Medina,E109,Retail,Completed,0,63.28
ORD000690,2025-06-14 06:14:31,P0143,Mometasone Furoate 0.1% 15g Pack - Store Brand - Store Brand,Dermatology,1,53.27,7.99,27.83,C00933,Khobar,E038,Retail,Completed,0,45.28
ORD000691,2025-08-10 19:12:15,P0205,Gaviscon 200ml Pack - Store Brand,Gastrointestinal,1,34.9,0.0,13.89,C01145,Riyadh,E087,Mobile,Completed,1,34.9
ORD000692,2025-02-17 17:10:31,P0038,Neutrogena Hydro Boost Bottle,Skincare,3,349.11,17.46,139.05,C00241,Jeddah,E119,Web,Completed,1,331.65
ORD000693,2024-08-09 11:50:51,P0317,Duphaston 10mg Pack - Store Brand - Store Brand - Store Brand,Women's Health,5,135.75,0.0,54.35,C00059,Khobar,E066,Mobile,Completed,0,135.75
ORD000694,2025-07-22 22:51:48,P0148,Redoxon Vitamin C 1000mg Pack - Store Brand - Store Brand,Vitamins,3,44.52,2.23,18.06,C00197,Khobar,E005,Web,Completed,0,42.29
ORD000695,2025-09-08 08:12:04,P0207,Aspirin 100mg Bottle - Store Brand - Store Brand,Pain Relief,2,7.32,0.37,2.84,C00466,Riyadh,E084,Mobile,Completed,0,6.95
ORD000696,2025-03-18 02:45:13,P0098,Panadol Advance Pack - Store Brand,Pain Relief,4,45.24,6.79,20.32,C00647,Mecca,E036,Mobile,Completed,0,38.45
ORD000697,2024-06-24 04:13:02,P0366,Omega-3 Fish Oil Box - Store Brand - Store Brand,Vitamins,1,41.97,0.0,20.81,C01092,Medina,E063,Mobile,Completed,0,41.97
ORD000698,2024-04-09 20:29:52,P0246,Omega-3 Fish Oil Pack - Store Brand - Store Brand - Store Brand,Vitamins,2,67.74,10.16,31.72,C00009,Medina,E036,Mobile,Completed,0,57.58
ORD000699,2025-01-15 04:46:44,P0215,Panadol Advance Box - Store Brand,Pain Relief,2,24.5,3.68,9.76,C01006,Dammam,E039,Mobile,Completed,0,20.82
ORD000700,2025-05-14 11:10:50,P0351,Band-Aid Assorted Bottle - Store Brand,First Aid,1,7.3,0.0,4.77,C00515,Mecca,E051,Mobile,Completed,1,7.3
ORD000701,2024-05-11 15:01:14,P0371,Clobetasol Cream 0.05% 30g Box - Store Brand - Store Brand - Store Brand,Dermatology,2,73.2,0.0,39.2,C00677,Riyadh,E097,Mobile,Returned,0,73.2
ORD000702,2024-08-10 07:04:20,P0003,Panadol Extra Box,Pain Relief,4,53.04,2.65,17.12,C00994,Mecca,E001,Mobile,Completed,0,50.39
ORD000703,2024-04-22 08:55:46,P0034,Cetaphil Gentle Cleanser Pack,Skincare,1,80.17,4.01,28.69,C01106,Mecca,E084,Web,Completed,0,76.16
ORD000704,2024-05-27 16:29:55,P0203,Ventolin Inhaler Bottle - Store Brand,Respiratory,5,879.1,87.91,360.95,C00332,Riyadh,E047,Retail,Completed,0,791.19
ORD000705,2024-10-01 20:35:12,P0089,Colgate Total Bottle,Oral Care,1,18.94,1.89,7.44,C00501,Dammam,E085,Mobile,Completed,1,17.05
ORD000706,2025-09-13 20:52:44,P0283,Mometasone Furoate 0.1% 15g Pack - Store Brand,Dermatology,1,65.04,6.5,30.37,C01196,Riyadh,E078,Mobile,Completed,0,58.54
ORD000707,2025-08-19 15:19:26,P0377,Duphaston 10mg Pack - Store Brand - Store Brand,Women's Health,4,165.0,8.25,56.72,C00289,Mecca,E005,Web,Completed,0,156.75
ORD000708,2024-07-05 05:03:59,P0381,Multivitamin Gummies Kids Box - Store Brand,Vitamins,2,83.14,4.16,31.7,C00997,Riyadh,E076,Web,Completed,1,78.98
ORD000709,2024-05-19 17:24:45,P0192,Clobetasol Cream 0.05% 30g Pack - Store Brand,Dermatology,2,142.62,14.26,64.5,C00595,Jeddah,E049,Mobile,Completed,1,128.36
ORD000710,2024-05-26 15:12:59,P0356,Clobetasol Cream 0.05% 30g Pack - Store Brand - Store Brand - Store Brand - Store Brand,Dermatology,5,195.2,29.28,48.75,C00252,Riyadh,E089,Web,Completed,0,165.92
ORD000711,2025-07-27 17:27:26,P0290,NeoCitran Hot Drink Pack - Store Brand - Store Brand - Store Brand,Cold & Flu,3,26.01,1.3,13.44,C00756,Dammam,E092,Web,Completed,0,24.71
ORD000712,2025-02-11 22:46:15,P0374,Johnson's Baby Oil 200ml Box - Store Brand - Store Brand,Baby Care,4,98.36,9.84,28.76,C00534,Medina,E101,Web,Completed,0,88.52
ORD000713,2024-05-22 04:24:40,P0249,Duphaston 10mg Pack - Store Brand - Store Brand,Women's Health,1,39.95,0.0,13.72,C00108,Medina,E088,Mobile,Completed,0,39.95
ORD000714,2024-12-29 18:41:36,P0273,Aspirin 100mg Bottle - Store Brand - Store Brand - Store Brand,Pain Relief,4,10.28,1.03,4.2,C00109,Riyadh,E019,Retail,Completed,0,9.25
ORD000715,2024-06-07 01:06:35,P0103,Otrivin Nasal Spray Box - Store Brand,Cold & Flu,1,17.43,0.87,7.62,C00746,Khobar,E049,Retail,Completed,0,16.56
ORD000716,2024-08-06 11:07:05,P0261,Band-Aid Assorted Pack - Store Brand,First Aid,2,16.84,1.68,7.06,C01036,Riyadh,E076,Mobile,Completed,0,15.16
ORD000717,2025-06-10 09:02:51,P0104,Refresh Tears Eye Drops Box - Store Brand,Eye Care,4,121.28,12.13,57.76,C00119,Riyadh,E078,Web,Completed,0,109.15
ORD000718,2025-01-19 13:14:05,P0386,Pampers Baby Dry Pack - Store Brand - Store Brand - Store Brand,Baby Care,1,38.24,5.74,16.49,C00433,Dammam,E062,Mobile,Completed,0,32.5
ORD000719,2025-08-15 17:06:34,P0188,Symbicort Inhaler Bottle - Store Brand - Store Brand - Store Brand - Store Brand,Respiratory,1,98.62,14.79,64.51,C00113,Dammam,E073,Mobile,Completed,0,83.83
ORD000720,2024-10-02 11:01:31,P0242,Johnson's Baby Oil 200ml Bottle - Store Brand - Store Brand - Store Brand,Baby Care,3,54.3,8.14,13.29,C00781,Mecca,E091,Web,Completed,0,46.16
ORD000721,2025-03-21 23:48:43,P0022,Otrivin Nasal Spray Pack,Cold & Flu,2,60.0,6.0,23.84,C00248,Riyadh,E055,Mobile,Completed,0,54.0
ORD000722,2024-11-15 00:21:14,P0396,Mometasone Furoate 0.1% 15g Box - Store Brand - Store Brand,Dermatology,2,133.86,0.0,39.84,C00310,Jeddah,E040,Web,Completed,0,133.86
ORD000723,2025-07-28 22:28:44,P0214,Omega-3 Fish Oil Pack - Store Brand - Store Brand,Vitamins,1,57.26,2.86,22.53,C00309,Dammam,E012,Web,Completed,0,54.4
ORD000724,2025-05-27 09:32:05,P0018,Vicks VapoRub 50g Box,Cold & Flu,5,74.65,0.0,28.95,C00867,Mecca,E055,Mobile,Returned,0,74.65
ORD000725,2025-03-30 12:40:58,P0183,Band-Aid Assorted Box - Store Brand - Store Brand - Store Brand,First Aid,2,12.68,0.0,5.36,C00781,Mecca,E052,Web,Completed,0,12.68
ORD000726,2025-02-16 01:25:44,P0005,Panadol Advance Bottle,Pain Relief,3,53.13,5.31,24.48,C01150,Riyadh,E032,Retail,Completed,0,47.82
ORD000727,2025-07-07 17:30:41,P0146,Aspirin 100mg Bottle - Store Brand,Pain Relief,2,10.54,0.53,5.24,C00219,Mecca,E087,Retail,Completed,0,10.01
ORD000728,2024-08-05 18:01:15,P0085,Symbicort Inhaler Pack,Respiratory,1,389.73,19.49,181.14,C00798,Jeddah,E066,Web,Completed,1,370.24
ORD000729,2025-01-11 10:05:12,P0005,Panadol Advance Bottle,Pain Relief,1,17.71,0.0,8.16,C00665,Mecca,E044,Retail,Completed,0,17.71
ORD000730,2024-11-03 06:26:48,P0345,Otrivin Nasal Spray Box - Store Brand - Store Brand - Store Brand,Cold & Flu,1,8.8,0.88,3.83,C00872,Dammam,E034,Web,Completed,1,7.92
ORD000731,2024-09-07 21:03:20,P0228,Redoxon Vitamin C 1000mg Pack - Store Brand,Vitamins,5,109.35,0.0,52.0,C00315,Khobar,E120,Web,Completed,1,109.35
ORD000732,2024-05-06 15:03:53,P0100,Band-Aid Assorted Box - Store Brand,First Aid,1,9.8,1.47,4.7,C00980,Medina,E043,Web,Completed,0,8.33
ORD000733,2024-08-14 13:28:45,P0122,Band-Aid Assorted Bottle - Store Brand,First Aid,2,16.8,0.0,8.4,C01062,Mecca,E013,Web,Completed,0,16.8
ORD000734,2025-02-04 23:36:22,P0229,Imodium 2mg Box - Store Brand - Store Brand - Store Brand,Gastrointestinal,1,11.34,1.7,5.73,C00455,Mecca,E001,Web,Completed,0,9.64
ORD000735,2025-03-23 13:42:26,P0295,Otrivin Nasal Spray Bottle - Store Brand - Store Brand,Cold & Flu,1,11.24,1.12,5.84,C00509,Riyadh,E047,Web,Completed,0,10.12
ORD000736,2024-06-15 09:28:10,P0293,Band-Aid Assorted Pack - Store Brand - Store Brand,First Aid,5,33.5,5.02,14.6,C00788,Riyadh,E021,Web,Completed,0,28.48
ORD000737,2024-12-26 23:54:22,P0162,Johnson's Baby Oil 200ml Bottle - Store Brand,Baby Care,4,103.96,5.2,43.4,C00228,Khobar,E015,Web,Completed,1,98.76
ORD000738,2025-02-13 00:17:47,P0367,Pampers Baby Dry Pack - Store Brand - Store Brand,Baby Care,3,166.8,0.0,66.21,C01151,Riyadh,E021,Mobile,Returned,0,166.8
ORD000739,2024-06-23 05:41:49,P0047,Savlon Antiseptic 100ml Bottle,First Aid,2,36.44,5.47,16.56,C00011,Dammam,E103,Mobile,Completed,1,30.97
ORD000740,2025-04-16 18:34:12,P0019,NeoCitran Hot Drink Pack,Cold & Flu,3,77.13,11.57,30.6,C00474,Dammam,E017,Web,Completed,0,65.56
ORD000741,2024-06-28 22:21:43,P0041,Nivea Body Lotion 400ml Bottle,Personal Care,1,32.87,0.0,15.61,C00539,Riyadh,E099,Mobile,Completed,0,32.87
ORD000742,2025-02-19 16:47:06,P0247,Otrivin Nasal Spray Box - Store Brand - Store Brand,Cold & Flu,5,73.25,0.0,25.45,C00852,Medina,E056,Web,Completed,0,73.25
ORD000743,2025-02-19 03:29:30,P0300,Nivea Body Lotion 400ml Bottle - Store Brand - Store Brand - Store Brand,Personal Care,1,10.21,0.51,7.72,C00602,Khobar,E094,Mobile,Completed,0,9.7
ORD000744,2024-10-13 15:49:00,P0104,Refresh Tears Eye Drops Box - Store Brand,Eye Care,5,151.6,7.58,72.2,C00742,Dammam,E086,Mobile,Completed,0,144.02
ORD000745,2025-04-17 03:25:53,P0183,Band-Aid Assorted Box - Store Brand - Store Brand - Store Brand,First Aid,2,12.68,0.63,5.36,C00395,Riyadh,E110,Mobile,Completed,0,12.05
ORD000746,2024-06-24 12:48:26,P0019,NeoCitran Hot Drink Pack,Cold & Flu,1,25.71,0.0,10.2,C00839,Dammam,E036,Retail,Returned,1,25.71
ORD000747,2024-04-05 16:28:45,P0052,Clobetasol Cream 0.05% 30g Pack,Dermatology,2,208.0,0.0,76.18,C01124,Khobar,E111,Web,Completed,0,208.0
ORD000748,2025-07-27 21:00:05,P0044,Sensodyne Repair & Protect Bottle,Oral Care,5,150.65,7.53,64.65,C00707,Medina,E044,Web,Completed,1,143.12
ORD000749,2025-08-05 01:54:49,P0182,Nivea Body Lotion 400ml Bottle - Store Brand - Store Brand,Personal Care,1,16.02,0.0,7.84,C00146,Dammam,E035,Web,Returned,1,16.02
ORD000750,2024-09-30 19:04:37,P0348,Clobetasol Cream 0.05% 30g Pack - Store Brand - Store Brand,Dermatology,1,51.95,0.0,23.45,C00282,Khobar,E024,Web,Completed,0,51.95
ORD000751,2024-09-03 14:47:45,P0137,Femibion Prenatal Bottle - Store Brand,Vitamins,1,123.7,12.37,45.73,C00695,Jeddah,E117,Mobile,Completed,0,111.33
ORD000752,2025-04-08 13:29:21,P0338,Aspirin 100mg Bottle - Store Brand - Store Brand - Store Brand,Pain Relief,1,2.28,0.23,0.93,C00739,Jeddah,E015,Web,Completed,0,2.05
ORD000753,2024-12-05 05:28:56,P0194,Savlon Antiseptic 100ml Bottle - Store Brand,First Aid,1,14.48,1.45,5.98,C00028,Khobar,E096,Mobile,Completed,0,13.03
ORD000754,2024-09-24 00:35:28,P0101,Cetaphil Gentle Cleanser Pack - Store Brand,Skincare,3,149.79,7.49,63.36,C01158,Khobar,E075,Web,Completed,0,142.3
ORD000755,2025-07-24 23:04:17,P0091,Multivitamin Gummies Kids Pack,Vitamins,3,183.0,0.0,73.71,C00214,Riyadh,E006,Mobile,Completed,0,183.0
ORD000756,2024-08-19 19:40:38,P0090,Colgate Total Box,Oral Care,3,57.69,0.0,22.98,C00937,Dammam,E010,Retail,Completed,0,57.69
ORD000757,2025-03-26 06:56:56,P0369,Vicks VapoRub 50g Pack - Store Brand,Cold & Flu,5,63.25,3.16,23.1,C00802,Riyadh,E069,Mobile,Completed,0,60.09
ORD000758,2025-02-10 19:17:42,P0303,Band-Aid Assorted Box - Store Brand - Store Brand,First Aid,2,14.08,1.41,7.62,C00534,Medina,E115,Retail,Completed,0,12.67
ORD000759,2025-01-01 06:12:24,P0264,Redoxon Vitamin C 1000mg Pack - Store Brand,Vitamins,2,36.4,0.0,23.04,C00983,Dammam,E117,Web,Completed,0,36.4
ORD000760,2024-07-30 15:08:39,P0333,Gaviscon 200ml Bottle - Store Brand - Store Brand - Store Brand,Gastrointestinal,2,48.24,2.41,13.74,C00720,Dammam,E038,Web,Completed,0,45.83
ORD000761,2025-01-25 17:04:12,P0053,Clobetasol Cream 0.05% 30g Bottle,Dermatology,2,226.22,0.0,88.64,C01191,Riyadh,E022,Web,Completed,1,226.22
ORD000762,2025-01-28 07:36:51,P0062,Earol Ear Drops Bottle,Ear Care,2,51.76,2.59,20.94,C00939,Mecca,E024,Web,Completed,0,49.17
ORD000763,2025-04-25 06:27:08,P0333,Gaviscon 200ml Bottle - Store Brand - Store Brand - Store Brand,Gastrointestinal,2,48.24,4.82,13.74,C01011,Dammam,E039,Retail,Completed,0,43.42
ORD000764,2025-05-25 20:05:14,P0042,Nivea Body Lotion 400ml Box,Personal Care,1,41.15,2.06,16.15,C00852,Medina,E006,Mobile,Completed,0,39.09
ORD000765,2024-10-24 17:00:16,P0136,Panadol Advance Box - Store Brand,Pain Relief,5,56.1,5.61,30.35,C00723,Dammam,E112,Mobile,Completed,0,50.49
ORD000766,2024-09-02 01:25:01,P0200,Imodium 2mg Box - Store Brand - Store Brand,Gastrointestinal,2,34.06,0.0,15.68,C01151,Riyadh,E084,Web,Completed,0,34.06
ORD000767,2024-11-30 01:31:11,P0102,Otrivin Nasal Spray Box - Store Brand,Cold & Flu,1,16.97,1.7,7.96,C01108,Medina,E093,Web,Completed,0,15.27
ORD000768,2024-11-30 02:53:08,P0179,Symbicort Inhaler Bottle - Store Brand - Store Brand - Store Brand,Respiratory,5,638.9,0.0,330.3,C00020,Riyadh,E106,Web,Completed,0,638.9
ORD000769,2024-08-07 05:49:54,P0034,Cetaphil Gentle Cleanser Pack,Skincare,1,80.17,0.0,28.69,C01200,Riyadh,E069,Mobile,Completed,0,80.17
ORD000770,2025-09-08 10:38:55,P0141,Otrivin Nasal Spray Bottle - Store Brand,Cold & Flu,1,15.04,1.5,7.16,C00556,Riyadh,E112,Mobile,Completed,0,13.54
ORD000771,2025-03-01 10:10:18,P0375,Otrivin Nasal Spray Pack - Store Brand,Cold & Flu,1,18.04,1.8,8.93,C01188,Khobar,E027,Mobile,Completed,1,16.24
ORD000772,2024-07-21 20:36:55,P0262,Otrivin Nasal Spray Box - Store Brand - Store Brand - Store Brand,Cold & Flu,2,20.12,3.02,7.82,C00760,Riyadh,E048,Web,Completed,1,17.1
ORD000773,2024-08-10 22:54:20,P0125,Duphaston 10mg Pack - Store Brand,Women's Health,2,116.6,5.83,39.34,C00621,Medina,E025,Mobile,Returned,0,110.77
ORD000774,2025-08-07 22:43:15,P0387,Aspirin 100mg Pack - Store Brand - Store Brand - Store Brand,Pain Relief,1,2.82,0.28,1.02,C00364,Jeddah,E021,Retail,Completed,0,2.54
ORD000775,2024-05-15 21:58:00,P0060,Refresh Tears Eye Drops Box,Eye Care,1,45.53,6.83,17.84,C00731,Riyadh,E032,Web,Completed,1,38.7
ORD000776,2024-06-08 19:44:29,P0031,Omega-3 Fish Oil Pack,Vitamins,3,282.87,14.14,126.81,C00727,Medina,E094,Mobile,Completed,0,268.73
ORD000777,2025-01-10 11:21:03,P0305,Multivitamin Gummies Kids Bottle - Store Brand,Vitamins,1,44.68,0.0,16.67,C00724,Mecca,E106,Web,Completed,0,44.68
ORD000778,2024-07-03 15:14:38,P0042,Nivea Body Lotion 400ml Box,Personal Care,1,41.15,0.0,16.15,C00097,Medina,E035,Web,Completed,0,41.15
ORD000779,2024-03-30 06:24:19,P0304,Imodium 2mg Bottle - Store Brand,Gastrointestinal,5,126.95,0.0,44.95,C00875,Medina,E070,Mobile,Completed,0,126.95
ORD000780,2024-08-27 02:47:48,P0135,Band-Aid Assorted Bottle - Store Brand - Store Brand,First Aid,1,6.97,1.05,3.46,C00553,Jeddah,E105,Web,Completed,0,5.92
ORD000781,2024-09-28 08:10:28,P0022,Otrivin Nasal Spray Pack,Cold & Flu,1,30.0,3.0,11.92,C00636,Dammam,E081,Mobile,Completed,0,27.0
ORD000782,2024-06-10 19:51:51,P0311,Pampers Baby Dry Box - Store Brand,Baby Care,2,154.24,0.0,59.76,C00384,Dammam,E066,Retail,Completed,0,154.24
ORD000783,2024-09-13 04:44:26,P0011,Voltaren Emulgel 50g Bottle,Pain Relief,1,52.44,7.87,19.04,C01157,Mecca,E050,Web,Completed,0,44.57
ORD000784,2025-09-05 13:42:52,P0312,Femibion Prenatal Bottle - Store Brand - Store Brand,Vitamins,1,97.42,0.0,29.28,C00036,Mecca,E063,Web,Completed,0,97.42
ORD000785,2024-10-27 20:38:48,P0136,Panadol Advance Box - Store Brand,Pain Relief,1,11.22,1.12,6.07,C00435,Mecca,E016,Web,Returned,0,10.1
ORD000786,2024-04-25 15:17:29,P0386,Pampers Baby Dry Pack - Store Brand - Store Brand - Store Brand,Baby Care,2,76.48,3.82,32.98,C00701,Khobar,E055,Mobile,Completed,1,72.66
ORD000787,2024-07-17 15:33:08,P0124,Voltaren Emulgel 50g Bottle - Store Brand - Store Brand,Pain Relief,4,88.4,8.84,48.04,C01091,Riyadh,E080,Mobile,Completed,0,79.56
ORD000788,2024-10-19 12:47:34,P0248,Voltaren Emulgel 50g Bottle - Store Brand - Store Brand,Pain Relief,4,116.4,11.64,34.44,C00003,Khobar,E120,Web,Completed,0,104.76
ORD000789,2024-03-24 15:51:47,P0017,Vicks VapoRub 50g Bottle,Cold & Flu,4,61.0,3.05,22.88,C01163,Mecca,E100,Mobile,Completed,1,57.95
ORD000790,2025-03-04 22:15:13,P0319,Redoxon Vitamin C 1000mg Pack - Store Brand - Store Brand - Store Brand,Vitamins,3,34.41,5.16,11.04,C00254,Medina,E105,Web,Completed,0,29.25
ORD000791,2024-07-13 08:03:06,P0163,Colgate Total Box - Store Brand,Oral Care,1,13.74,0.69,5.01,C01012,Mecca,E024,Mobile,Completed,1,13.05
ORD000792,2025-02-15 04:03:01,P0339,Imodium 2mg Box - Store Brand - Store Brand,Gastrointestinal,2,37.22,5.58,12.72,C00146,Dammam,E078,Mobile,Completed,0,31.64
ORD000793,2025-01-14 14:20:17,P0377,Duphaston 10mg Pack - Store Brand - Store Brand,Women's Health,2,82.5,12.38,28.36,C00480,Khobar,E069,Mobile,Completed,0,70.12
ORD000794,2025-01-15 17:13:11,P0062,Earol Ear Drops Bottle,Ear Care,1,25.88,3.88,10.47,C00916,Jeddah,E068,Mobile,Completed,0,22.0
ORD000795,2024-05-29 17:42:36,P0386,Pampers Baby Dry Pack - Store Brand - Store Brand - Store Brand,Baby Care,1,38.24,0.0,16.49,C00690,Jeddah,E027,Retail,Completed,1,38.24
ORD000796,2024-07-04 17:35:45,P0136,Panadol Advance Box - Store Brand,Pain Relief,5,56.1,0.0,30.35,C01126,Riyadh,E117,Web,Completed,0,56.1
ORD000797,2024-11-06 20:48:13,P0369,Vicks VapoRub 50g Pack - Store Brand,Cold & Flu,2,25.3,3.8,9.24,C00056,Medina,E032,Web,Completed,0,21.5
ORD000798,2024-06-22 00:40:54,P0166,Mometasone Furoate 0.1% 15g Pack - Store Brand - Store Brand,Dermatology,5,244.9,12.24,142.9,C00328,Dammam,E049,Mobile,Completed,1,232.66
ORD000799,2025-01-05 15:56:39,P0019,NeoCitran Hot Drink Pack,Cold & Flu,1,25.71,0.0,10.2,C00200,Medina,E085,Mobile,Completed,0,25.71
ORD000800,2024-04-15 09:57:03,P0021,NeoCitran Hot Drink Box,Cold & Flu,1,23.29,1.16,10.17,C01120,Riyadh,E011,Web,Completed,1,22.13
ORD000801,2024-07-17 06:10:45,P0251,Johnson's Baby Oil 200ml Bottle - Store Brand - Store Brand - Store Brand - Store Brand,Baby Care,3,44.04,6.61,8.31,C00446,Medina,E096,Web,Completed,0,37.43
ORD000802,2025-03-23 04:07:20,P0334,Earol Ear Drops Pack - Store Brand - Store Brand - Store Brand - Store Brand,Ear Care,2,9.0,0.9,6.42,C01016,Riyadh,E057,Mobile,Completed,0,8.1
ORD000803,2024-06-17 09:24:32,P0292,Band-Aid Assorted Bottle - Store Brand - Store Brand - Store Brand,First Aid,1,5.27,0.0,1.97,C00786,Mecca,E078,Mobile,Completed,0,5.27
ORD000804,2025-01-24 20:30:21,P0235,Pampers Baby Dry Box - Store Brand - Store Brand,Baby Care,4,253.12,37.97,101.16,C00457,Mecca,E071,Mobile,Completed,0,215.15
ORD000805,2024-09-15 12:42:14,P0239,Omega-3 Fish Oil Pack - Store Brand - Store Brand - Store Brand,Vitamins,2,63.6,3.18,30.78,C00595,Jeddah,E035,Retail,Completed,0,60.42
ORD000806,2024-09-03 12:41:01,P0119,Centrum Multivitamins Bottle - Store Brand,Vitamins,2,193.48,0.0,58.48,C00832,Medina,E029,Web,Completed,0,193.48
ORD000807,2025-09-11 19:00:55,P0353,Duphaston 10mg Pack - Store Brand - Store Brand,Women's Health,2,80.46,8.05,27.24,C00108,Medina,E084,Mobile,Completed,0,72.41
ORD000808,2024-05-04 10:24:05,P0153,Aspirin 100mg Bottle - Store Brand - Store Brand,Pain Relief,4,15.96,2.39,6.32,C00363,Dammam,E025,Web,Completed,0,13.57
ORD000809,2025-07-04 11:31:39,P0185,Femibion Prenatal Pack - Store Brand,Vitamins,3,321.12,32.11,145.5,C00484,Mecca,E004,Web,Completed,0,289.01
ORD000810,2024-05-12 16:53:08,P0144,Nivea Body Lotion 400ml Bottle - Store Brand,Personal Care,1,20.26,0.0,12.14,C01150,Riyadh,E097,Retail,Completed,0,20.26
ORD000811,2025-07-31 19:40:50,P0129,Pampers Baby Dry Bottle - Store Brand,Baby Care,5,583.6,29.18,229.35,C00921,Mecca,E035,Web,Completed,0,554.42
ORD000812,2025-06-03 20:06:38,P0355,Earol Ear Drops Pack - Store Brand - Store Brand - Store Brand - Store Brand,Ear Care,5,25.5,3.82,15.35,C00372,Riyadh,E006,Web,Completed,0,21.68
ORD000813,2024-03-29 13:18:10,P0112,Voltaren Emulgel 50g Bottle - Store Brand,Pain Relief,5,183.2,18.32,77.45,C01165,Mecca,E051,Mobile,Completed,1,164.88
ORD000814,2024-12-24 08:32:09,P0209,Omega-3 Fish Oil Pack - Store Brand - Store Brand,Vitamins,5,247.0,0.0,126.2,C00124,Riyadh,E043,Web,Completed,0,247.0
ORD000815,2025-04-17 00:30:28,P0374,Johnson's Baby Oil 200ml Box - Store Brand - Store Brand,Baby Care,4,98.36,4.92,28.76,C00851,Mecca,E004,Mobile,Completed,0,93.44
ORD000816,2024-11-03 07:27:55,P0333,Gaviscon 200ml Bottle - Store Brand - Store Brand - Store Brand,Gastrointestinal,1,24.12,3.62,6.87,C00033,Khobar,E011,Retail,Completed,0,20.5
ORD000817,2024-09-06 11:12:11,P0021,NeoCitran Hot Drink Box,Cold & Flu,4,93.16,4.66,40.68,C00158,Jeddah,E099,Mobile,Cancelled,0,88.5
ORD000818,2025-03-05 12:53:01,P0132,Neutrogena Hydro Boost Pack - Store Brand,Skincare,3,284.46,28.45,102.81,C00842,Medina,E038,Web,Completed,1,256.01
ORD000819,2024-04-23 01:08:33,P0192,Clobetasol Cream 0.05% 30g Pack - Store Brand,Dermatology,4,285.24,42.79,129.0,C00336,Medina,E031,Web,Completed,0,242.45
ORD000820,2024-07-19 08:12:58,P0125,Duphaston 10mg Pack - Store Brand,Women's Health,2,116.6,17.49,39.34,C00856,Riyadh,E013,Mobile,Completed,0,99.11
ORD000821,2025-05-21 22:36:11,P0368,Sensodyne Repair & Protect Box - Store Brand - Store Brand - Store Brand,Oral Care,4,49.72,0.0,15.64,C00038,Medina,E064,Web,Completed,0,49.72
ORD000822,2024-07-26 09:18:48,P0267,Voltaren Emulgel 50g Bottle - Store Brand - Store Brand - Store Brand,Pain Relief,1,15.09,1.51,8.04,C00720,Dammam,E046,Web,Completed,1,13.58
ORD000823,2024-10-09 07:40:28,P0270,Redoxon Vitamin C 1000mg Pack - Store Brand - Store Brand,Vitamins,5,87.5,8.75,37.05,C00542,Riyadh,E098,Retail,Completed,0,78.75
ORD000824,2024-06-27 06:08:45,P0153,Aspirin 100mg Bottle - Store Brand - Store Brand,Pain Relief,5,19.95,2.99,7.9,C01000,Mecca,E006,Web,Completed,1,16.96
ORD000825,2025-07-17 06:59:08,P0355,Earol Ear Drops Pack - Store Brand - Store Brand - Store Brand - Store Brand,Ear Care,4,20.4,1.02,12.28,C00514,Riyadh,E057,Web,Completed,0,19.38
ORD000826,2025-01-07 05:12:21,P0180,Ventolin Inhaler Box - Store Brand - Store Brand,Respiratory,1,156.36,23.45,44.18,C00149,Jeddah,E065,Web,Completed,0,132.91
ORD000827,2025-07-18 00:19:34,P0151,Aspirin 100mg Bottle - Store Brand,Pain Relief,5,27.05,0.0,11.55,C00439,Medina,E095,Mobile,Completed,0,27.05
ORD000828,2024-07-21 00:29:48,P0400,Neutrogena Hydro Boost Box - Store Brand,Skincare,4,417.92,41.79,140.4,C01148,Dammam,E049,Web,Completed,0,376.13
ORD000829,2024-09-12 05:13:31,P0114,Otrivin Nasal Spray Box - Store Brand - Store Brand,Cold & Flu,1,12.95,1.94,6.44,C00782,Dammam,E086,Web,Completed,1,11.01
ORD000830,2024-06-15 17:22:28,P0198,Nivea Body Lotion 400ml Bottle - Store Brand,Personal Care,1,23.75,0.0,12.35,C00507,Khobar,E118,Retail,Completed,1,23.75
ORD000831,2024-08-24 21:39:25,P0285,Voltaren Emulgel 50g Bottle - Store Brand - Store Brand - Store Brand,Pain Relief,2,37.76,0.0,19.8,C00707,Medina,E041,Web,Completed,0,37.76
ORD000832,2025-03-27 20:37:20,P0239,Omega-3 Fish Oil Pack - Store Brand - Store Brand - Store Brand,Vitamins,1,31.8,4.77,15.39,C00837,Jeddah,E005,Mobile,Returned,0,27.03
ORD000833,2025-08-02 05:44:47,P0276,Earol Ear Drops Pack - Store Brand - Store Brand - Store Brand,Ear Care,1,6.32,0.0,3.75,C00377,Dammam,E077,Mobile,Completed,0,6.32
ORD000834,2025-02-20 01:04:28,P0400,Neutrogena Hydro Boost Box - Store Brand,Skincare,5,522.4,26.12,175.5,C01196,Riyadh,E007,Web,Completed,1,496.28
ORD000835,2024-10-18 13:34:53,P0174,Duphaston 10mg Pack - Store Brand,Women's Health,1,53.05,2.65,19.67,C00927,Medina,E011,Web,Completed,0,50.4
ORD000836,2024-11-09 16:38:56,P0097,Femibion Prenatal Box - Store Brand,Vitamins,4,477.92,71.69,197.24,C01111,Mecca,E112,Web,Completed,0,406.23
ORD000837,2024-08-12 22:42:57,P0215,Panadol Advance Box - Store Brand,Pain Relief,4,49.0,0.0,19.52,C00085,Jeddah,E115,Retail,Completed,0,49.0
ORD000838,2024-07-28 18:22:14,P0152,NeoCitran Hot Drink Pack - Store Brand - Store Brand,Cold & Flu,1,10.44,1.57,6.58,C00205,Mecca,E062,Web,Completed,0,8.87
ORD000839,2025-02-25 05:29:30,P0075,Pampers Baby Dry Box,Baby Care,1,125.75,18.86,48.65,C00835,Mecca,E106,Web,Completed,0,106.89
ORD000840,2024-05-22 09:42:27,P0255,Clobetasol Cream 0.05% 30g Pack - Store Brand - Store Brand - Store Brand,Dermatology,3,166.44,8.32,40.59,C00587,Medina,E042,Mobile,Completed,0,158.12
ORD000841,2024-04-02 23:42:31,P0379,Nivea Body Lotion 400ml Bottle - Store Brand - Store Brand - Store Brand,Personal Care,1,9.62,1.44,6.43,C00288,Dammam,E120,Web,Completed,0,8.18
ORD000842,2025-08-28 10:29:57,P0217,Femibion Prenatal Box - Store Brand - Store Brand,Vitamins,2,195.74,0.0,65.48,C00204,Khobar,E058,Retail,Completed,1,195.74
ORD000843,2025-08-01 05:30:46,P0294,Colgate Total Bottle - Store Brand,Oral Care,5,74.1,0.0,23.5,C00012,Riyadh,E005,Web,Returned,1,74.1
ORD000844,2025-05-21 03:01:59,P0080,Femibion Prenatal Bottle,Vitamins,3,553.8,83.07,189.78,C00738,Mecca,E028,Web,Returned,0,470.73
ORD000845,2025-01-04 13:19:40,P0003,Panadol Extra Box,Pain Relief,4,53.04,0.0,17.12,C00069,Riyadh,E039,Retail,Completed,0,53.04
ORD000846,2025-04-14 15:43:04,P0343,Imodium 2mg Box - Store Brand - Store Brand - Store Brand - Store Brand,Gastrointestinal,2,14.98,2.25,8.72,C00518,Dammam,E053,Web,Completed,1,12.73
ORD000847,2025-05-03 07:50:25,P0236,Band-Aid Assorted Bottle - Store Brand - Store Brand - Store Brand,First Aid,5,15.85,1.58,10.95,C01135,Medina,E015,Retail,Completed,0,14.27
ORD000848,2024-08-07 08:48:46,P0391,Johnson's Baby Oil 200ml Bottle - Store Brand - Store Brand,Baby Care,2,43.64,2.18,13.94,C00993,Mecca,E070,Web,Completed,1,41.46
ORD000849,2025-07-28 11:51:49,P0326,Band-Aid Assorted Box - Store Brand - Store Brand,First Aid,1,6.6,0.0,3.03,C00062,Khobar,E012,Mobile,Completed,0,6.6
ORD000850,2025-07-14 15:10:26,P0001,Panadol Extra Pack,Pain Relief,5,64.35,0.0,25.8,C01114,Dammam,E064,Mobile,Completed,0,64.35
ORD000851,2025-07-28 01:00:46,P0143,Mometasone Furoate 0.1% 15g Pack - Store Brand - Store Brand,Dermatology,2,106.54,0.0,55.66,C00250,Khobar,E086,Web,Completed,0,106.54
ORD000852,2025-03-11 02:09:47,P0133,Otrivin Nasal Spray Box - Store Brand - Store Brand,Cold & Flu,2,21.26,0.0,12.54,C00414,Medina,E026,Retail,Returned,0,21.26
ORD000853,2025-03-18 07:50:57,P0150,Symbicort Inhaler Bottle - Store Brand - Store Brand - Store Brand,Respiratory,2,264.72,39.71,170.84,C01180,Mecca,E001,Retail,Completed,0,225.01
ORD000854,2024-10-16 19:50:38,P0390,Femibion Prenatal Pack - Store Brand,Vitamins,4,450.2,45.02,163.16,C00703,Mecca,E040,Mobile,Completed,1,405.18
ORD000855,2025-08-27 22:29:05,P0372,Aspirin 100mg Bottle - Store Brand - Store Brand - Store Brand,Pain Relief,1,3.07,0.46,1.31,C00910,Khobar,E005,Web,Completed,0,2.61
ORD000856,2025-04-30 01:25:26,P0331,Omega-3 Fish Oil Pack - Store Brand - Store Brand - Store Brand - Store Brand,Vitamins,4,98.88,9.89,39.32,C00822,Riyadh,E043,Web,Completed,1,88.99
ORD000857,2024-09-26 19:18:24,P0312,Femibion Prenatal Bottle - Store Brand - Store Brand,Vitamins,2,194.84,29.23,58.56,C01171,Khobar,E025,Mobile,Completed,0,165.61
ORD000858,2025-06-14 19:13:12,P0007,Aspirin 100mg Pack,Pain Relief,2,15.58,2.34,5.94,C00588,Jeddah,E094,Web,Completed,0,13.24
ORD000859,2025-02-25 17:00:16,P0337,NeoCitran Hot Drink Pack - Store Brand - Store Brand - Store Brand,Cold & Flu,1,8.75,0.44,4.55,C00668,Jeddah,E065,Web,Completed,1,8.31
ORD000860,2025-07-23 05:18:36,P0355,Earol Ear Drops Pack - Store Brand - Store Brand - Store Brand - Store Brand,Ear Care,4,20.4,1.02,12.28,C00329,Mecca,E042,Web,Completed,1,19.38
ORD000861,2024-03-31 22:20:03,P0184,Mometasone Furoate 0.1% 15g Box - Store Brand,Dermatology,2,167.68,8.38,64.9,C00732,Riyadh,E004,Mobile,Completed,0,159.3
ORD000862,2025-06-10 02:15:27,P0171,Earol Ear Drops Bottle - Store Brand,Ear Care,1,21.35,1.07,8.39,C00301,Dammam,E059,Mobile,Completed,0,20.28
ORD000863,2024-09-25 03:59:16,P0047,Savlon Antiseptic 100ml Bottle,First Aid,3,54.66,2.73,24.84,C00428,Riyadh,E039,Web,Completed,1,51.93
ORD000864,2024-10-11 06:56:31,P0339,Imodium 2mg Box - Store Brand - Store Brand,Gastrointestinal,3,55.83,5.58,19.08,C01016,Riyadh,E011,Retail,Completed,0,50.25
ORD000865,2024-06-17 03:09:41,P0163,Colgate Total Box - Store Brand,Oral Care,2,27.48,0.0,10.02,C01001,Mecca,E014,Web,Completed,0,27.48
ORD000866,2024-06-03 00:44:21,P0147,Clobetasol Cream 0.05% 30g Pack - Store Brand,Dermatology,1,84.16,8.42,25.23,C00161,Medina,E117,Mobile,Completed,1,75.74
ORD000867,2024-04-09 00:33:20,P0242,Johnson's Baby Oil 200ml Bottle - Store Brand - Store Brand - Store Brand,Baby Care,2,36.2,5.43,8.86,C00225,Mecca,E081,Web,Completed,1,30.77
ORD000868,2024-11-21 12:53:41,P0211,Colgate Total Pack - Store Brand,Oral Care,2,32.24,4.84,13.5,C01015,Dammam,E104,Web,Completed,0,27.4
ORD000869,2025-08-17 08:19:15,P0258,Omega-3 Fish Oil Box - Store Brand,Vitamins,2,133.96,0.0,52.24,C00056,Medina,E016,Retail,Cancelled,1,133.96
ORD000870,2025-07-12 21:07:50,P0156,Clobetasol Cream 0.05% 30g Pack - Store Brand - Store Brand,Dermatology,2,133.8,0.0,32.98,C00947,Dammam,E021,Mobile,Completed,0,133.8
ORD000871,2024-08-19 18:08:39,P0373,Femibion Prenatal Pack - Store Brand - Store Brand,Vitamins,2,175.16,0.0,74.06,C00094,Medina,E067,Mobile,Completed,0,175.16
ORD000872,2024-06-20 03:03:35,P0009,Aspirin 100mg Box,Pain Relief,4,29.4,0.0,11.8,C00513,Jeddah,E042,Web,Completed,0,29.4
ORD000873,2024-10-16 19:29:49,P0209,Omega-3 Fish Oil Pack - Store Brand - Store Brand,Vitamins,1,49.4,2.47,25.24,C00102,Dammam,E012,Web,Completed,0,46.93
ORD000874,2025-03-20 17:34:28,P0294,Colgate Total Bottle - Store Brand,Oral Care,3,44.46,6.67,14.1,C00787,Dammam,E056,Mobile,Completed,0,37.79
ORD000875,2024-10-03 05:19:20,P0035,Cetaphil Gentle Cleanser Bottle,Skincare,1,89.73,8.97,34.93,C01070,Dammam,E051,Web,Completed,0,80.76
ORD000876,2024-07-29 15:14:45,P0239,Omega-3 Fish Oil Pack - Store Brand - Store Brand - Store Brand,Vitamins,3,95.4,14.31,46.17,C00139,Jeddah,E056,Retail,Completed,0,81.09
ORD000877,2024-11-25 13:09:15,P0132,Neutrogena Hydro Boost Pack - Store Brand,Skincare,2,189.64,28.45,68.54,C00678,Medina,E055,Web,Completed,0,161.19
ORD000878,2025-03-07 00:44:03,P0226,Voltaren Emulgel 50g Box - Store Brand - Store Brand - Store Brand,Pain Relief,1,19.12,0.0,6.6,C00947,Dammam,E066,Web,Completed,0,19.12
ORD000879,2025-01-26 08:13:21,P0059,Refresh Tears Eye Drops Bottle,Eye Care,1,45.02,2.25,15.26,C00179,Jeddah,E104,Web,Completed,0,42.77
ORD000880,2024-09-29 12:18:35,P0193,Mometasone Furoate 0.1% 15g Pack - Store Brand - Store Brand,Dermatology,1,41.91,4.19,29.78,C00303,Medina,E048,Web,Completed,0,37.72
ORD000881,2024-11-25 10:10:48,P0118,Mometasone Furoate 0.1% 15g Pack - Store Brand,Dermatology,3,197.73,19.77,109.53,C00781,Mecca,E028,Web,Completed,0,177.96
ORD000882,2025-06-02 04:59:14,P0132,Neutrogena Hydro Boost Pack - Store Brand,Skincare,1,94.82,9.48,34.27,C00128,Riyadh,E078,Web,Completed,0,85.34
ORD000883,2025-07-08 03:24:24,P0297,Centrum Multivitamins Bottle - Store Brand - Store Brand - Store Brand,Vitamins,5,202.5,0.0,97.7,C00724,Mecca,E074,Retail,Completed,1,202.5
ORD000884,2024-11-24 19:09:28,P0268,Duphaston 10mg Pack - Store Brand - Store Brand - Store Brand,Women's Health,4,101.52,5.08,46.24,C00794,Jeddah,E026,Web,Completed,0,96.44
ORD000885,2024-10-22 02:43:22,P0208,Voltaren Emulgel 50g Box - Store Brand,Pain Relief,2,66.14,0.0,27.62,C00038,Medina,E058,Web,Completed,1,66.14
ORD000886,2024-09-22 14:28:19,P0326,Band-Aid Assorted Box - Store Brand - Store Brand,First Aid,2,13.2,1.32,6.06,C00446,Medina,E003,Mobile,Completed,0,11.88
ORD000887,2025-03-16 15:17:57,P0061,Earol Ear Drops Pack,Ear Care,1,20.01,3.0,9.51,C00256,Dammam,E005,Retail,Completed,0,17.01
ORD000888,2024-12-10 00:39:03,P0368,Sensodyne Repair & Protect Box - Store Brand - Store Brand - Store Brand,Oral Care,2,24.86,0.0,7.82,C00445,Dammam,E061,Web,Completed,0,24.86
ORD000889,2024-10-22 07:32:02,P0303,Band-Aid Assorted Box - Store Brand - Store Brand,First Aid,1,7.04,0.7,3.81,C00101,Medina,E052,Web,Completed,1,6.34
ORD000890,2025-07-11 13:43:56,P0002,Panadol Extra Bottle,Pain Relief,1,12.22,1.22,4.09,C00234,Khobar,E090,Retail,Completed,0,11.0
ORD000891,2025-01-07 09:21:45,P0039,Neutrogena Hydro Boost Box,Skincare,5,634.75,0.0,216.05,C00827,Jeddah,E004,Web,Completed,0,634.75
ORD000892,2024-06-12 15:07:09,P0140,Ventolin Inhaler Bottle - Store Brand,Respiratory,5,743.35,111.5,346.9,C00288,Dammam,E029,Web,Completed,0,631.85
ORD000893,2025-05-14 12:03:44,P0005,Panadol Advance Bottle,Pain Relief,5,88.55,0.0,40.8,C00804,Jeddah,E034,Retail,Completed,0,88.55
ORD000894,2024-11-14 07:37:35,P0221,Otrivin Nasal Spray Box - Store Brand - Store Brand - Store Brand,Cold & Flu,1,9.0,0.9,4.75,C00090,Khobar,E089,Mobile,Completed,0,8.1
ORD000895,2024-08-02 06:35:24,P0157,Mometasone Furoate 0.1% 15g Box - Store Brand,Dermatology,5,463.65,69.55,158.8,C00188,Mecca,E016,Web,Completed,1,394.1
ORD000896,2025-07-30 15:59:33,P0294,Colgate Total Bottle - Store Brand,Oral Care,2,29.64,0.0,9.4,C01169,Mecca,E067,Mobile,Completed,1,29.64
ORD000897,2024-10-26 20:55:21,P0377,Duphaston 10mg Pack - Store Brand - Store Brand,Women's Health,1,41.25,6.19,14.18,C00700,Riyadh,E029,Web,Completed,0,35.06
ORD000898,2024-12-22 03:49:32,P0332,Femibion Prenatal Pack - Store Brand,Vitamins,2,252.66,12.63,88.44,C00345,Jeddah,E085,Mobile,Completed,0,240.03
ORD000899,2024-05-20 08:02:28,P0282,Symbicort Inhaler Bottle - Store Brand - Store Brand - Store Brand - Store Brand,Respiratory,5,487.7,0.0,296.2,C00870,Riyadh,E028,Web,Completed,1,487.7
ORD000900,2024-08-15 22:16:58,P0132,Neutrogena Hydro Boost Pack - Store Brand,Skincare,2,189.64,18.96,68.54,C00119,Riyadh,E027,Mobile,Completed,0,170.68
ORD000901,2024-11-20 04:05:43,P0400,Neutrogena Hydro Boost Box - Store Brand,Skincare,3,313.44,15.67,105.3,C00053,Riyadh,E109,Mobile,Completed,0,297.77
ORD000902,2024-12-30 10:03:34,P0386,Pampers Baby Dry Pack - Store Brand - Store Brand - Store Brand,Baby Care,1,38.24,5.74,16.49,C00553,Jeddah,E112,Mobile,Completed,1,32.5
ORD000903,2024-08-15 22:57:17,P0321,Gaviscon 200ml Bottle - Store Brand - Store Brand,Gastrointestinal,1,32.0,4.8,8.97,C00156,Dammam,E022,Mobile,Returned,0,27.2
ORD000904,2024-07-15 08:55:39,P0118,Mometasone Furoate 0.1% 15g Pack - Store Brand,Dermatology,2,131.82,0.0,73.02,C00362,Dammam,E096,Web,Completed,1,131.82
ORD000905,2024-08-15 05:44:08,P0126,Clobetasol Cream 0.05% 30g Box - Store Brand,Dermatology,1,71.37,10.71,33.7,C00990,Riyadh,E085,Mobile,Completed,0,60.66
ORD000906,2025-05-24 09:39:47,P0216,Aspirin 100mg Pack - Store Brand - Store Brand,Pain Relief,1,4.23,0.63,1.75,C00216,Khobar,E028,Web,Completed,0,3.6
ORD000907,2024-05-03 06:10:03,P0327,Neutrogena Hydro Boost Box - Store Brand,Skincare,2,164.2,16.42,55.6,C00126,Medina,E013,Web,Completed,1,147.78
ORD000908,2024-08-20 14:23:44,P0204,Panadol Advance Bottle - Store Brand,Pain Relief,1,13.62,2.04,6.17,C00886,Khobar,E023,Mobile,Completed,1,11.58
ORD000909,2025-04-29 18:59:48,P0275,Clobetasol Cream 0.05% 30g Pack - Store Brand - Store Brand - Store Brand,Dermatology,2,110.06,0.0,24.42,C00760,Riyadh,E083,Web,Completed,0,110.06
ORD000910,2024-05-03 05:48:28,P0018,Vicks VapoRub 50g Box,Cold & Flu,4,59.72,5.97,23.16,C01146,Khobar,E031,Web,Completed,0,53.75
ORD000911,2025-07-17 17:00:02,P0109,Band-Aid Assorted Bottle - Store Brand,First Aid,3,27.45,4.12,12.03,C00930,Mecca,E051,Web,Completed,0,23.33
ORD000912,2025-04-11 13:55:00,P0309,Panadol Extra Pack - Store Brand - Store Brand,Pain Relief,1,6.97,0.35,3.34,C00049,Riyadh,E045,Mobile,Completed,0,6.62
ORD000913,2024-03-25 09:09:51,P0080,Femibion Prenatal Bottle,Vitamins,1,184.6,27.69,63.26,C00930,Mecca,E095,Web,Completed,0,156.91
ORD000914,2024-08-02 04:36:47,P0088,Colgate Total Pack,Oral Care,1,18.99,0.0,9.34,C00760,Riyadh,E022,Web,Completed,0,18.99
ORD000915,2024-04-01 20:38:32,P0118,Mometasone Furoate 0.1% 15g Pack - Store Brand,Dermatology,3,197.73,29.66,109.53,C00178,Medina,E043,Web,Returned,0,168.07
ORD000916,2024-08-02 13:47:41,P0208,Voltaren Emulgel 50g Box - Store Brand,Pain Relief,3,99.21,0.0,41.43,C00240,Riyadh,E077,Web,Completed,0,99.21
ORD000917,2025-04-06 05:57:23,P0092,Multivitamin Gummies Kids Bottle,Vitamins,4,246.16,36.92,86.2,C00089,Dammam,E015,Web,Completed,0,209.24
ORD000918,2024-09-16 06:50:19,P0344,Redoxon Vitamin C 1000mg Pack - Store Brand - Store Brand - Store Brand - Store Brand,Vitamins,2,15.16,0.76,4.48,C00692,Riyadh,E097,Web,Completed,0,14.4
ORD000919,2024-12-08 16:43:38,P0015,Brufen 400mg Box,Pain Relief,2,42.54,4.25,16.72,C01111,Mecca,E070,Web,Completed,0,38.29
ORD000920,2025-03-14 06:58:55,P0015,Brufen 400mg Box,Pain Relief,1,21.27,2.13,8.36,C01148,Dammam,E039,Mobile,Completed,1,19.14
ORD000921,2024-06-18 13:16:00,P0263,Nivea Body Lotion 400ml Bottle - Store Brand - Store Brand,Personal Care,1,15.13,0.0,9.96,C00669,Dammam,E019,Retail,Completed,0,15.13
ORD000922,2024-12-25 09:50:03,P0191,Brufen 400mg Bottle - Store Brand,Pain Relief,2,37.1,1.86,10.28,C00829,Riyadh,E074,Mobile,Returned,0,35.24
ORD000923,2024-08-30 05:05:56,P0240,Pampers Baby Dry Box - Store Brand,Baby Care,3,260.31,13.02,112.26,C00623,Dammam,E118,Retail,Completed,0,247.29
ORD000924,2025-07-22 21:21:23,P0201,Voltaren Emulgel 50g Bottle - Store Brand - Store Brand,Pain Relief,3,67.95,10.19,26.34,C00236,Khobar,E113,Mobile,Completed,0,57.76
ORD000925,2024-12-05 05:10:58,P0278,Pampers Baby Dry Pack - Store Brand - Store Brand - Store Brand,Baby Care,1,41.06,6.16,16.22,C00066,Riyadh,E036,Web,Completed,0,34.9
ORD000926,2025-07-11 14:36:15,P0083,Ventolin Inhaler Bottle,Respiratory,1,222.78,33.42,98.52,C00961,Medina,E073,Retail,Completed,0,189.36
ORD000927,2024-06-16 13:20:57,P0046,Savlon Antiseptic 100ml Pack,First Aid,5,104.25,15.64,41.6,C00784,Mecca,E119,Mobile,Completed,0,88.61
ORD000928,2025-05-03 08:08:42,P0310,Aspirin 100mg Pack - Store Brand,Pain Relief,5,28.45,1.42,9.0,C01103,Dammam,E039,Web,Completed,0,27.03
ORD000929,2024-04-04 01:54:41,P0235,Pampers Baby Dry Box - Store Brand - Store Brand,Baby Care,2,126.56,6.33,50.58,C00128,Riyadh,E037,Mobile,Completed,1,120.23
ORD000930,2024-11-15 12:10:26,P0047,Savlon Antiseptic 100ml Bottle,First Aid,1,18.22,1.82,8.28,C00833,Khobar,E085,Mobile,Completed,0,16.4
ORD000931,2024-12-19 23:47:20,P0062,Earol Ear Drops Bottle,Ear Care,4,103.52,5.18,41.88,C00022,Dammam,E012,Mobile,Completed,0,98.34
ORD000932,2025-02-21 13:15:30,P0302,Voltaren Emulgel 50g Bottle - Store Brand - Store Brand,Pain Relief,2,47.64,0.0,23.42,C00302,Khobar,E038,Web,Completed,0,47.64
ORD000933,2024-10-02 03:53:00,P0308,Omega-3 Fish Oil Pack - Store Brand - Store Brand - Store Brand,Vitamins,4,176.04,26.41,74.2,C00026,Jeddah,E055,Web,Completed,0,149.63
ORD000934,2024-11-12 13:21:30,P0142,Pampers Baby Dry Pack - Store Brand - Store Brand,Baby Care,2,117.8,5.89,66.92,C01059,Mecca,E073,Web,Completed,0,111.91
ORD000935,2025-09-04 17:16:41,P0093,Multivitamin Gummies Kids Box,Vitamins,3,162.45,16.24,64.11,C00937,Dammam,E018,Web,Completed,0,146.21
ORD000936,2024-05-28 10:54:32,P0179,Symbicort Inhaler Bottle - Store Brand - Store Brand - Store Brand,Respiratory,1,127.78,19.17,66.06,C00221,Dammam,E070,Web,Completed,1,108.61
ORD000937,2024-06-05 13:36:22,P0204,Panadol Advance Bottle - Store Brand,Pain Relief,1,13.62,2.04,6.17,C01089,Jeddah,E089,Web,Returned,0,11.58
ORD000938,2025-03-21 18:27:47,P0333,Gaviscon 200ml Bottle - Store Brand - Store Brand - Store Brand,Gastrointestinal,1,24.12,3.62,6.87,C00599,Riyadh,E054,Retail,Completed,0,20.5
ORD000939,2025-02-12 21:44:23,P0200,Imodium 2mg Box - Store Brand - Store Brand,Gastrointestinal,1,17.03,0.85,7.84,C00988,Riyadh,E079,Retail,Completed,0,16.18
ORD000940,2024-06-29 19:49:24,P0338,Aspirin 100mg Bottle - Store Brand - Store Brand - Store Brand,Pain Relief,2,4.56,0.46,1.86,C00772,Medina,E007,Mobile,Completed,1,4.1
ORD000941,2025-08-25 10:25:49,P0287,Pampers Baby Dry Bottle - Store Brand - Store Brand,Baby Care,1,83.73,12.56,31.99,C00641,Mecca,E108,Web,Completed,0,71.17
ORD000942,2024-12-06 23:49:48,P0208,Voltaren Emulgel 50g Box - Store Brand,Pain Relief,2,66.14,6.61,27.62,C00554,Jeddah,E073,Web,Completed,0,59.53
ORD000943,2024-06-25 07:06:13,P0151,Aspirin 100mg Bottle - Store Brand,Pain Relief,3,16.23,0.0,6.93,C00623,Dammam,E090,Web,Completed,1,16.23
ORD000944,2024-07-06 21:58:46,P0105,Pampers Baby Dry Pack - Store Brand,Baby Care,1,75.01,3.75,42.36,C00194,Mecca,E039,Mobile,Completed,0,71.26
ORD000945,2025-04-03 15:28:01,P0169,Ventolin Inhaler Box - Store Brand,Respiratory,2,381.78,19.09,136.92,C00457,Mecca,E015,Web,Completed,0,362.69
ORD000946,2025-04-30 17:26:34,P0373,Femibion Prenatal Pack - Store Brand - Store Brand,Vitamins,1,87.58,4.38,37.03,C00788,Riyadh,E014,Web,Completed,1,83.2
ORD000947,2025-01-20 10:40:58,P0146,Aspirin 100mg Bottle - Store Brand,Pain Relief,1,5.27,0.0,2.62,C00555,Medina,E039,Web,Cancelled,0,5.27
ORD000948,2025-05-21 14:50:00,P0041,Nivea Body Lotion 400ml Bottle,Personal Care,1,32.87,4.93,15.61,C00032,Jeddah,E110,Mobile,Completed,0,27.94
ORD000949,2025-07-30 02:49:22,P0353,Duphaston 10mg Pack - Store Brand - Store Brand,Women's Health,1,40.23,2.01,13.62,C00355,Dammam,E105,Mobile,Completed,0,38.22
ORD000950,2025-03-27 19:29:02,P0280,Clobetasol Cream 0.05% 30g Box - Store Brand - Store Brand,Dermatology,2,108.66,10.87,51.68,C00653,Jeddah,E086,Web,Completed,0,97.79
ORD000951,2025-08-23 14:04:18,P0174,Duphaston 10mg Pack - Store Brand,Women's Health,1,53.05,7.96,19.67,C00747,Dammam,E090,Mobile,Completed,1,45.09
ORD000952,2024-07-16 01:16:20,P0215,Panadol Advance Box - Store Brand,Pain Relief,1,12.25,1.84,4.88,C00195,Mecca,E016,Mobile,Completed,0,10.41
ORD000953,2024-04-18 10:36:40,P0238,Duphaston 10mg Pack - Store Brand,Women's Health,2,106.28,15.94,34.2,C00416,Mecca,E006,Retail,Completed,0,90.34
ORD000954,2025-03-21 09:40:07,P0320,Brufen 400mg Box - Store Brand - Store Brand,Pain Relief,4,35.64,5.35,18.76,C00130,Dammam,E036,Web,Completed,0,30.29
ORD000955,2024-12-18 21:59:11,P0186,Mometasone Furoate 0.1% 15g Pack - Store Brand - Store Brand,Dermatology,4,176.0,26.4,102.84,C01133,Khobar,E066,Web,Completed,0,149.6
ORD000956,2025-08-14 10:43:57,P0079,Femibion Prenatal Pack,Vitamins,3,455.43,45.54,177.06,C00227,Jeddah,E059,Mobile,Completed,0,409.89
ORD000957,2025-08-16 09:31:58,P0105,Pampers Baby Dry Pack - Store Brand,Baby Care,1,75.01,11.25,42.36,C00398,Medina,E009,Retail,Completed,1,63.76
ORD000958,2025-03-24 09:20:54,P0104,Refresh Tears Eye Drops Box - Store Brand,Eye Care,2,60.64,3.03,28.88,C00524,Dammam,E074,Mobile,Completed,0,57.61
ORD000959,2024-07-01 11:50:54,P0084,Ventolin Inhaler Box,Respiratory,3,702.33,70.23,308.73,C01071,Riyadh,E075,Mobile,Completed,0,632.1
ORD000960,2024-04-14 21:34:30,P0355,Earol Ear Drops Pack - Store Brand - Store Brand - Store Brand - Store Brand,Ear Care,4,20.4,1.02,12.28,C00067,Medina,E030,Web,Completed,1,19.38
ORD000961,2024-11-29 08:41:46,P0043,Sensodyne Repair & Protect Pack,Oral Care,3,83.76,4.19,29.91,C01039,Mecca,E014,Retail,Completed,1,79.57
ORD000962,2025-02-12 05:39:44,P0360,Otrivin Nasal Spray Bottle - Store Brand - Store Brand - Store Brand,Cold & Flu,5,45.25,0.0,24.15,C00679,Medina,E079,Web,Completed,0,45.25
ORD000963,2025-02-28 21:56:05,P0275,Clobetasol Cream 0.05% 30g Pack - Store Brand - Store Brand - Store Brand,Dermatology,3,165.09,0.0,36.63,C01126,Riyadh,E119,Web,Completed,1,165.09
ORD000964,2025-01-10 06:45:42,P0305,Multivitamin Gummies Kids Bottle - Store Brand,Vitamins,1,44.68,2.23,16.67,C00290,Dammam,E026,Web,Completed,0,42.45
ORD000965,2024-09-14 02:48:29,P0126,Clobetasol Cream 0.05% 30g Box - Store Brand,Dermatology,1,71.37,3.57,33.7,C00524,Dammam,E056,Mobile,Completed,0,67.8
ORD000966,2024-05-28 18:44:43,P0362,Band-Aid Assorted Bottle - Store Brand - Store Brand - Store Brand,First Aid,2,8.84,0.0,3.82,C00368,Medina,E027,Web,Completed,0,8.84
ORD000967,2024-12-27 05:57:03,P0188,Symbicort Inhaler Bottle - Store Brand - Store Brand - Store Brand - Store Brand,Respiratory,3,295.86,0.0,193.53,C00126,Medina,E044,Web,Completed,1,295.86
ORD000968,2024-08-17 15:39:24,P0228,Redoxon Vitamin C 1000mg Pack - Store Brand,Vitamins,4,87.48,13.12,41.6,C00062,Khobar,E065,Web,Completed,0,74.36
ORD000969,2024-05-14 03:06:07,P0283,Mometasone Furoate 0.1% 15g Pack - Store Brand,Dermatology,2,130.08,19.51,60.74,C01028,Khobar,E112,Web,Completed,0,110.57
ORD000970,2024-06-09 08:24:10,P0015,Brufen 400mg Box,Pain Relief,1,21.27,1.06,8.36,C00995,Riyadh,E007,Mobile,Completed,0,20.21
ORD000971,2024-11-03 03:18:36,P0397,Omega-3 Fish Oil Pack - Store Brand - Store Brand - Store Brand - Store Brand - Store Brand,Vitamins,5,92.9,9.29,39.85,C00707,Medina,E050,Mobile,Completed,0,83.61
ORD000972,2024-11-01 17:14:36,P0259,NeoCitran Hot Drink Pack - Store Brand - Store Brand,Cold & Flu,1,13.68,0.68,6.18,C00014,Dammam,E110,Mobile,Completed,0,13.0
ORD000973,2025-01-27 01:14:30,P0363,Earol Ear Drops Pack - Store Brand,Ear Care,2,29.36,0.0,14.46,C00605,Khobar,E075,Web,Completed,0,29.36
ORD000974,2025-08-12 08:22:30,P0123,Imodium 2mg Box - Store Brand - Store Brand,Gastrointestinal,1,16.26,1.63,6.66,C00768,Jeddah,E054,Web,Completed,0,14.63
ORD000975,2024-07-09 03:46:34,P0163,Colgate Total Box - Store Brand,Oral Care,1,13.74,1.37,5.01,C00520,Mecca,E119,Mobile,Completed,0,12.37
ORD000976,2024-09-21 23:28:15,P0376,Earol Ear Drops Pack - Store Brand - Store Brand - Store Brand - Store Brand,Ear Care,2,9.32,0.0,4.66,C00983,Dammam,E045,Retail,Returned,0,9.32
ORD000977,2025-05-25 06:33:35,P0022,Otrivin Nasal Spray Pack,Cold & Flu,2,60.0,3.0,23.84,C00388,Riyadh,E035,Mobile,Completed,1,57.0
ORD000978,2025-04-21 05:40:38,P0085,Symbicort Inhaler Pack,Respiratory,1,389.73,38.97,181.14,C00398,Medina,E056,Web,Completed,0,350.76
ORD000979,2024-04-08 14:58:45,P0226,Voltaren Emulgel 50g Box - Store Brand - Store Brand - Store Brand,Pain Relief,5,95.6,0.0,33.0,C01097,Riyadh,E100,Mobile,Completed,1,95.6
ORD000980,2025-09-03 15:33:13,P0015,Brufen 400mg Box,Pain Relief,3,63.81,0.0,25.08,C00935,Jeddah,E071,Web,Completed,1,63.81
ORD000981,2024-06-28 05:50:32,P0048,Savlon Antiseptic 100ml Box,First Aid,2,36.68,5.5,13.02,C00014,Dammam,E071,Web,Completed,0,31.18
ORD000982,2024-12-21 05:04:19,P0067,Imodium 2mg Pack,Gastrointestinal,1,31.47,4.72,10.01,C00823,Mecca,E118,Web,Completed,0,26.75
ORD000983,2024-09-15 09:10:53,P0278,Pampers Baby Dry Pack - Store Brand - Store Brand - Store Brand,Baby Care,2,82.12,0.0,32.44,C00685,Mecca,E103,Web,Completed,0,82.12
ORD000984,2024-05-21 11:23:35,P0252,Earol Ear Drops Pack - Store Brand - Store Brand - Store Brand,Ear Care,1,5.64,0.85,4.35,C00122,Jeddah,E024,Web,Completed,0,4.79
ORD000985,2024-11-05 02:12:58,P0272,Clobetasol Cream 0.05% 30g Pack - Store Brand - Store Brand - Store Brand - Store Brand,Dermatology,1,43.62,6.54,8.18,C00053,Riyadh,E062,Mobile,Completed,0,37.08
ORD000986,2024-10-03 07:17:33,P0393,Nivea Body Lotion 400ml Bottle - Store Brand - Store Brand - Store Brand - Store Brand,Personal Care,5,36.55,1.83,21.5,C00312,Medina,E064,Mobile,Completed,0,34.72
ORD000987,2025-03-02 11:28:01,P0390,Femibion Prenatal Pack - Store Brand,Vitamins,3,337.65,33.76,122.37,C00174,Mecca,E100,Mobile,Completed,0,303.89
ORD000988,2025-05-06 04:20:07,P0310,Aspirin 100mg Pack - Store Brand,Pain Relief,4,22.76,2.28,7.2,C00541,Medina,E090,Mobile,Completed,0,20.48
ORD000989,2025-02-05 01:44:46,P0190,Band-Aid Assorted Box - Store Brand - Store Brand - Store Brand,First Aid,3,16.02,2.4,7.11,C00075,Khobar,E036,Web,Completed,0,13.62
ORD000990,2024-11-14 19:43:36,P0253,Duphaston 10mg Pack - Store Brand - Store Brand,Women's Health,3,112.92,5.65,44.43,C00089,Dammam,E016,Web,Completed,0,107.27
ORD000991,2024-04-19 19:52:11,P0333,Gaviscon 200ml Bottle - Store Brand - Store Brand - Store Brand,Gastrointestinal,5,120.6,18.09,34.35,C00510,Dammam,E084,Mobile,Returned,0,102.51
ORD000992,2025-04-14 11:33:27,P0070,Johnson's Baby Oil 200ml Pack,Baby Care,4,156.72,15.67,62.4,C00262,Medina,E036,Mobile,Completed,0,141.05
ORD000993,2024-05-08 08:30:37,P0220,Panadol Advance Box - Store Brand,Pain Relief,1,10.03,1.5,4.78,C00419,Dammam,E064,Web,Completed,1,8.53
ORD000994,2024-04-26 11:12:50,P0053,Clobetasol Cream 0.05% 30g Bottle,Dermatology,1,113.11,16.97,44.32,C01044,Khobar,E024,Mobile,Completed,0,96.14
ORD000995,2024-04-16 06:50:09,P0051,Band-Aid Assorted Box,First Aid,2,27.3,2.73,11.4,C01186,Jeddah,E120,Web,Completed,0,24.57
ORD000996,2024-10-12 21:12:46,P0118,Mometasone Furoate 0.1% 15g Pack - Store Brand,Dermatology,4,263.64,13.18,146.04,C00784,Mecca,E097,Web,Completed,1,250.46
ORD000997,2025-02-18 01:20:33,P0316,Clobetasol Cream 0.05% 30g Bottle - Store Brand,Dermatology,3,255.87,0.0,102.24,C00489,Medina,E104,Web,Completed,0,255.87
ORD000998,2025-05-12 07:55:21,P0358,Pampers Baby Dry Pack - Store Brand - Store Brand - Store Brand,Baby Care,2,67.62,6.76,26.56,C00191,Medina,E021,Retail,Completed,0,60.86
ORD000999,2024-07-03 09:32:00,P0220,Panadol Advance Box - Store Brand,Pain Relief,4,40.12,4.01,19.12,C00710,Khobar,E103,Mobile,Completed,0,36.11
ORD001000,2025-05-18 13:51:30,P0137,Femibion Prenatal Bottle - Store Brand,Vitamins,1,123.7,18.56,45.73,C00397,Khobar,E005,Mobile,Completed,0,105.14
ORD001001,2025-08-12 04:37:48,P0043,Sensodyne Repair & Protect Pack,Oral Care,4,111.68,0.0,39.88,C00374,Khobar,E016,Web,Completed,0,111.68
ORD001002,2024-08-08 20:01:50,P0313,Clobetasol Cream 0.05% 30g Pack - Store Brand - Store Brand,Dermatology,2,129.74,0.0,32.12,C00522,Medina,E057,Web,Completed,0,129.74
ORD001003,2025-03-30 22:58:20,P0196,Brufen 400mg Box - Store Brand,Pain Relief,2,25.58,1.28,11.18,C00656,Dammam,E053,Web,Returned,0,24.3
ORD001004,2025-07-10 00:35:46,P0374,Johnson's Baby Oil 200ml Box - Store Brand - Store Brand,Baby Care,2,49.18,0.0,14.38,C00055,Dammam,E057,Web,Completed,0,49.18
ORD001005,2024-10-10 13:26:21,P0201,Voltaren Emulgel 50g Bottle - Store Brand - Store Brand,Pain Relief,4,90.6,4.53,35.12,C00646,Mecca,E030,Mobile,Completed,0,86.07
ORD001006,2024-09-19 16:34:37,P0269,Aspirin 100mg Bottle - Store Brand - Store Brand - Store Brand,Pain Relief,1,2.94,0.0,0.88,C00582,Riyadh,E024,Mobile,Completed,0,2.94
ORD001007,2024-04-24 13:21:24,P0202,Symbicort Inhaler Bottle - Store Brand - Store Brand - Store Brand - Store Brand - Store Brand,Respiratory,2,136.74,6.84,77.86,C00481,Medina,E008,Retail,Cancelled,0,129.9
ORD001008,2024-04-04 11:42:45,P0277,Redoxon Vitamin C 1000mg Pack - Store Brand,Vitamins,3,72.84,7.28,33.63,C00569,Jeddah,E070,Mobile,Completed,0,65.56
ORD001009,2024-06-15 18:12:10,P0200,Imodium 2mg Box - Store Brand - Store Brand,Gastrointestinal,1,17.03,2.55,7.84,C00929,Mecca,E015,Mobile,Completed,0,14.48
ORD001010,2025-06-08 23:38:20,P0152,NeoCitran Hot Drink Pack - Store Brand - Store Brand,Cold & Flu,1,10.44,1.57,6.58,C00960,Khobar,E010,Mobile,Completed,0,8.87
ORD001011,2024-04-11 03:35:19,P0091,Multivitamin Gummies Kids Pack,Vitamins,1,61.0,6.1,24.57,C01166,Jeddah,E043,Retail,Completed,0,54.9
ORD001012,2025-03-23 13:27:10,P0012,Voltaren Emulgel 50g Box,Pain Relief,5,245.1,24.51,102.65,C00285,Medina,E080,Web,Completed,0,220.59
ORD001013,2024-07-17 12:37:47,P0350,Voltaren Emulgel 50g Bottle - Store Brand - Store Brand,Pain Relief,4,102.48,0.0,29.72,C00944,Mecca,E014,Mobile,Completed,0,102.48
ORD001014,2024-09-05 20:41:28,P0218,Femibion Prenatal Bottle - Store Brand - Store Brand,Vitamins,1,93.49,0.0,34.23,C00111,Khobar,E085,Mobile,Completed,0,93.49
ORD001015,2024-05-22 00:26:15,P0335,Neutrogena Hydro Boost Bottle - Store Brand,Skincare,5,463.15,23.16,157.45,C00821,Medina,E073,Mobile,Completed,1,439.99
ORD001016,2025-05-15 14:19:41,P0039,Neutrogena Hydro Boost Box,Skincare,3,380.85,0.0,129.63,C00976,Khobar,E078,Web,Completed,1,380.85
ORD001017,2024-11-24 03:25:33,P0017,Vicks VapoRub 50g Bottle,Cold & Flu,1,15.25,1.52,5.72,C00702,Medina,E117,Web,Completed,0,13.73
ORD001018,2024-09-18 07:21:45,P0174,Duphaston 10mg Pack - Store Brand,Women's Health,2,106.1,0.0,39.34,C00437,Medina,E089,Web,Completed,1,106.1
ORD001019,2024-12-29 01:12:06,P0376,Earol Ear Drops Pack - Store Brand - Store Brand - Store Brand - Store Brand,Ear Care,1,4.66,0.0,2.33,C00275,Medina,E118,Web,Completed,0,4.66
ORD001020,2025-03-06 16:37:06,P0212,Mometasone Furoate 0.1% 15g Pack - Store Brand - Store Brand - Store Brand,Dermatology,3,81.36,4.07,74.79,C00848,Medina,E073,Mobile,Cancelled,0,77.29
ORD001021,2025-02-02 13:47:16,P0284,Johnson's Baby Oil 200ml Box - Store Brand,Baby Care,3,90.12,4.51,33.96,C01175,Mecca,E078,Web,Completed,0,85.61
ORD001022,2024-06-22 14:15:24,P0314,Omega-3 Fish Oil Bottle - Store Brand,Vitamins,1,59.66,8.95,26.93,C00447,Medina,E065,Retail,Completed,0,50.71
ORD001023,2024-08-09 17:07:11,P0345,Otrivin Nasal Spray Box - Store Brand - Store Brand - Store Brand,Cold & Flu,4,35.2,0.0,15.32,C00602,Khobar,E022,Web,Completed,1,35.2
ORD001024,2024-06-09 09:56:17,P0245,Imodium 2mg Box - Store Brand,Gastrointestinal,1,25.8,0.0,6.96,C00863,Khobar,E107,Web,Completed,0,25.8
ORD001025,2024-07-03 18:56:53,P0227,Panadol Extra Box - Store Brand - Store Brand,Pain Relief,2,12.0,1.8,3.4,C00900,Medina,E116,Web,Completed,0,10.2
ORD001026,2024-11-05 20:28:09,P0326,Band-Aid Assorted Box - Store Brand - Store Brand,First Aid,1,6.6,0.66,3.03,C01019,Medina,E076,Mobile,Completed,0,5.94
ORD001027,2024-05-19 06:05:42,P0269,Aspirin 100mg Bottle - Store Brand - Store Brand - Store Brand,Pain Relief,3,8.82,0.88,2.64,C00214,Riyadh,E058,Retail,Completed,1,7.94
ORD001028,2024-11-02 16:01:32,P0057,Mometasone Furoate 0.1% 15g Box,Dermatology,3,365.16,18.26,123.84,C00819,Mecca,E094,Web,Completed,0,346.9
ORD001029,2024-07-19 05:30:46,P0025,Centrum Multivitamins Pack,Vitamins,4,446.56,44.66,146.68,C00106,Riyadh,E087,Mobile,Completed,1,401.9
ORD001030,2024-08-07 05:35:23,P0106,Symbicort Inhaler Bottle - Store Brand,Respiratory,2,568.4,56.84,269.28,C00715,Jeddah,E099,Web,Completed,0,511.56
ORD001031,2024-04-29 11:24:02,P0306,Mometasone Furoate 0.1% 15g Pack - Store Brand - Store Brand - Store Brand,Dermatology,2,76.18,11.43,45.16,C00284,Riyadh,E037,Web,Completed,0,64.75
ORD001032,2024-07-12 04:37:31,P0366,Omega-3 Fish Oil Box - Store Brand - Store Brand,Vitamins,1,41.97,2.1,20.81,C00004,Riyadh,E056,Mobile,Completed,0,39.87
ORD001033,2024-06-08 05:26:19,P0063,Earol Ear Drops Box,Ear Care,1,21.26,1.06,9.41,C00711,Riyadh,E016,Web,Completed,0,20.2
ORD001034,2024-08-01 11:36:57,P0381,Multivitamin Gummies Kids Box - Store Brand,Vitamins,1,41.57,4.16,15.85,C00311,Mecca,E078,Mobile,Returned,0,37.41
ORD001035,2024-07-10 11:44:12,P0011,Voltaren Emulgel 50g Bottle,Pain Relief,1,52.44,2.62,19.04,C00556,Riyadh,E004,Mobile,Completed,0,49.82
ORD001036,2024-03-28 03:29:40,P0307,Duphaston 10mg Pack - Store Brand - Store Brand - Store Brand,Women's Health,2,47.9,0.0,20.56,C01058,Khobar,E048,Web,Returned,1,47.9
ORD001037,2025-03-03 11:22:51,P0305,Multivitamin Gummies Kids Bottle - Store Brand,Vitamins,2,89.36,13.4,33.34,C00213,Dammam,E038,Retail,Completed,0,75.96
ORD001038,2025-03-03 03:33:31,P0352,Earol Ear Drops Pack - Store Brand - Store Brand - Store Brand - Store Brand,Ear Care,4,18.52,2.78,11.36,C00593,Dammam,E034,Web,Completed,0,15.74
ORD001039,2025-08-24 09:00:35,P0315,Pampers Baby Dry Pack - Store Brand - Store Brand - Store Brand - Store Brand,Baby Care,1,24.97,2.5,13.03,C00741,Khobar,E103,Web,Completed,0,22.47
ORD001040,2024-12-02 01:07:37,P0107,Refresh Tears Eye Drops Box - Store Brand - Store Brand,Eye Care,1,22.3,2.23,12.17,C00299,Mecca,E036,Web,Completed,0,20.07
ORD001041,2025-09-08 07:20:02,P0331,Omega-3 Fish Oil Pack - Store Brand - Store Brand - Store Brand - Store Brand,Vitamins,1,24.72,0.0,9.83,C00569,Jeddah,E056,Web,Completed,0,24.72
ORD001042,2024-08-17 20:32:11,P0169,Ventolin Inhaler Box - Store Brand,Respiratory,4,763.56,0.0,273.84,C00147,Mecca,E082,Mobile,Completed,1,763.56
ORD001043,2024-09-10 00:15:05,P0294,Colgate Total Bottle - Store Brand,Oral Care,3,44.46,4.45,14.1,C00635,Khobar,E061,Web,Completed,1,40.01
ORD001044,2024-10-28 11:17:16,P0130,Symbicort Inhaler Bottle - Store Brand - Store Brand,Respiratory,1,189.29,0.0,102.82,C00385,Khobar,E067,Retail,Completed,0,189.29
ORD001045,2025-02-23 07:32:13,P0024,Otrivin Nasal Spray Box,Cold & Flu,1,24.5,1.23,11.45,C00838,Dammam,E091,Web,Completed,0,23.27
ORD001046,2025-07-12 09:26:48,P0345,Otrivin Nasal Spray Box - Store Brand - Store Brand - Store Brand,Cold & Flu,1,8.8,0.44,3.83,C00737,Medina,E082,Web,Completed,0,8.36
ORD001047,2024-11-11 01:31:41,P0002,Panadol Extra Bottle,Pain Relief,4,48.88,4.89,16.36,C00349,Riyadh,E086,Web,Completed,1,43.99
ORD001048,2025-06-30 07:49:57,P0133,Otrivin Nasal Spray Box - Store Brand - Store Brand,Cold & Flu,1,10.63,1.59,6.27,C00450,Khobar,E038,Web,Completed,0,9.04
ORD001049,2025-02-11 21:02:51,P0257,Refresh Tears Eye Drops Pack - Store Brand,Eye Care,5,174.7,17.47,63.1,C00583,Khobar,E032,Mobile,Completed,1,157.23
ORD001050,2024-11-25 16:05:09,P0163,Colgate Total Box - Store Brand,Oral Care,3,41.22,4.12,15.03,C00334,Dammam,E090,Web,Completed,1,37.1
ORD001051,2025-04-06 22:07:09,P0319,Redoxon Vitamin C 1000mg Pack - Store Brand - Store Brand - Store Brand,Vitamins,2,22.94,1.15,7.36,C00433,Dammam,E004,Web,Completed,1,21.79
ORD001052,2024-05-09 04:42:10,P0183,Band-Aid Assorted Box - Store Brand - Store Brand - Store Brand,First Aid,2,12.68,1.27,5.36,C00093,Khobar,E034,Mobile,Completed,1,11.41
ORD001053,2025-02-16 05:32:13,P0136,Panadol Advance Box - Store Brand,Pain Relief,1,11.22,0.0,6.07,C00781,Mecca,E035,Web,Completed,0,11.22
ORD001054,2024-11-17 14:18:12,P0154,Imodium 2mg Pack - Store Brand,Gastrointestinal,2,49.54,2.48,15.46,C00504,Riyadh,E074,Retail,Completed,0,47.06
ORD001055,2025-07-12 08:03:45,P0394,Femibion Prenatal Pack - Store Brand - Store Brand,Vitamins,2,135.64,6.78,75.98,C00613,Jeddah,E078,Mobile,Returned,0,128.86
ORD001056,2025-01-11 11:49:37,P0064,Gaviscon 200ml Pack,Gastrointestinal,1,53.15,5.32,16.96,C00808,Mecca,E117,Web,Completed,0,47.83
ORD001057,2025-08-13 16:03:27,P0095,Earol Ear Drops Box - Store Brand,Ear Care,1,13.57,0.68,6.49,C00031,Medina,E047,Mobile,Cancelled,1,12.89
ORD001058,2024-09-17 02:21:08,P0063,Earol Ear Drops Box,Ear Care,1,21.26,1.06,9.41,C00422,Khobar,E117,Web,Completed,0,20.2
ORD001059,2024-04-02 13:31:57,P0099,Voltaren Emulgel 50g Bottle - Store Brand,Pain Relief,1,37.67,0.0,11.97,C00679,Medina,E097,Retail,Completed,1,37.67
ORD001060,2025-04-03 14:26:17,P0184,Mometasone Furoate 0.1% 15g Box - Store Brand,Dermatology,1,83.84,8.38,32.45,C01063,Medina,E039,Web,Completed,0,75.46
ORD001061,2024-04-18 04:54:57,P0111,Pampers Baby Dry Bottle - Store Brand,Baby Care,1,117.23,0.0,40.22,C00502,Dammam,E105,Mobile,Completed,0,117.23
ORD001062,2024-10-18 16:23:16,P0332,Femibion Prenatal Pack - Store Brand,Vitamins,4,505.32,0.0,176.88,C00401,Dammam,E010,Mobile,Completed,1,505.32
ORD001063,2024-04-07 14:56:57,P0186,Mometasone Furoate 0.1% 15g Pack - Store Brand - Store Brand,Dermatology,1,44.0,2.2,25.71,C00530,Mecca,E013,Mobile,Completed,0,41.8
ORD001064,2025-07-06 10:09:26,P0272,Clobetasol Cream 0.05% 30g Pack - Store Brand - Store Brand - Store Brand - Store Brand,Dermatology,4,174.48,17.45,32.72,C01043,Jeddah,E055,Mobile,Completed,0,157.03
ORD001065,2025-03-14 09:52:09,P0156,Clobetasol Cream 0.05% 30g Pack - Store Brand - Store Brand,Dermatology,1,66.9,6.69,16.49,C01158,Khobar,E084,Mobile,Completed,1,60.21
ORD001066,2024-06-03 06:03:24,P0270,Redoxon Vitamin C 1000mg Pack - Store Brand - Store Brand,Vitamins,1,17.5,2.62,7.41,C01072,Riyadh,E072,Web,Completed,0,14.88
ORD001067,2025-01-13 23:51:22,P0137,Femibion Prenatal Bottle - Store Brand,Vitamins,1,123.7,18.56,45.73,C00805,Mecca,E094,Web,Completed,0,105.14
ORD001068,2025-03-09 06:10:42,P0115,NeoCitran Hot Drink Pack - Store Brand,Cold & Flu,1,16.2,0.0,8.05,C00298,Dammam,E051,Mobile,Completed,1,16.2
ORD001069,2025-06-03 09:11:09,P0067,Imodium 2mg Pack,Gastrointestinal,1,31.47,3.15,10.01,C00595,Jeddah,E043,Web,Completed,0,28.32
ORD001070,2024-06-05 01:25:42,P0118,Mometasone Furoate 0.1% 15g Pack - Store Brand,Dermatology,2,131.82,6.59,73.02,C00644,Dammam,E111,Retail,Completed,0,125.23
ORD001071,2024-07-10 17:50:26,P0286,Femibion Prenatal Box - Store Brand - Store Brand,Vitamins,2,150.58,22.59,80.18,C00747,Dammam,E067,Mobile,Completed,0,127.99
ORD001072,2024-05-07 17:50:16,P0032,Omega-3 Fish Oil Bottle,Vitamins,3,231.66,23.17,119.91,C00521,Dammam,E053,Web,Completed,0,208.49
ORD001073,2024-04-20 07:50:18,P0017,Vicks VapoRub 50g Bottle,Cold & Flu,1,15.25,2.29,5.72,C00624,Mecca,E112,Web,Completed,1,12.96
ORD001074,2025-05-20 17:45:33,P0142,Pampers Baby Dry Pack - Store Brand - Store Brand,Baby Care,2,117.8,5.89,66.92,C00919,Mecca,E042,Web,Completed,0,111.91
ORD001075,2024-06-12 13:24:28,P0234,Earol Ear Drops Pack - Store Brand - Store Brand,Ear Care,2,15.08,0.0,10.86,C00479,Dammam,E049,Web,Completed,0,15.08
ORD001076,2024-07-30 01:23:03,P0133,Otrivin Nasal Spray Box - Store Brand - Store Brand,Cold & Flu,1,10.63,0.0,6.27,C00347,Dammam,E005,Retail,Completed,1,10.63
ORD001077,2024-07-09 14:31:40,P0110,Imodium 2mg Box - Store Brand,Gastrointestinal,3,72.9,10.94,27.96,C00935,Jeddah,E052,Web,Completed,0,61.96
ORD001078,2025-08-30 13:32:11,P0156,Clobetasol Cream 0.05% 30g Pack - Store Brand - Store Brand,Dermatology,1,66.9,6.69,16.49,C00818,Mecca,E079,Retail,Completed,0,60.21
ORD001079,2024-07-10 21:19:38,P0343,Imodium 2mg Box - Store Brand - Store Brand - Store Brand - Store Brand,Gastrointestinal,1,7.49,0.37,4.36,C00201,Medina,E103,Mobile,Completed,0,7.12
ORD001080,2025-03-24 16:01:01,P0214,Omega-3 Fish Oil Pack - Store Brand - Store Brand,Vitamins,2,114.52,11.45,45.06,C00534,Medina,E119,Mobile,Cancelled,0,103.07
ORD001081,2024-07-28 12:52:12,P0051,Band-Aid Assorted Box,First Aid,2,27.3,4.1,11.4,C01176,Dammam,E002,Web,Completed,1,23.2
ORD001082,2024-05-14 01:06:48,P0338,Aspirin 100mg Bottle - Store Brand - Store Brand - Store Brand,Pain Relief,5,11.4,0.0,4.65,C00200,Medina,E040,Mobile,Completed,0,11.4
ORD001083,2025-05-14 15:17:22,P0179,Symbicort Inhaler Bottle - Store Brand - Store Brand - Store Brand,Respiratory,2,255.56,0.0,132.12,C00052,Medina,E008,Mobile,Completed,0,255.56
ORD001084,2024-12-20 04:09:41,P0334,Earol Ear Drops Pack - Store Brand - Store Brand - Store Brand - Store Brand,Ear Care,2,9.0,0.45,6.42,C00886,Khobar,E045,Mobile,Returned,0,8.55
ORD001085,2024-10-29 16:53:18,P0224,Pampers Baby Dry Pack - Store Brand - Store Brand - Store Brand,Baby Care,4,138.76,20.81,62.72,C00263,Jeddah,E075,Mobile,Completed,1,117.95
ORD001086,2024-10-06 20:07:14,P0055,Mometasone Furoate 0.1% 15g Pack,Dermatology,2,212.74,10.64,94.74,C00706,Medina,E010,Mobile,Completed,0,202.1
ORD001087,2024-10-26 10:33:24,P0181,Centrum Multivitamins Pack - Store Brand,Vitamins,1,80.12,0.0,28.79,C00549,Medina,E017,Mobile,Completed,1,80.12
ORD001088,2024-12-04 09:52:48,P0382,Redoxon Vitamin C 1000mg Pack - Store Brand,Vitamins,2,49.08,4.91,23.02,C00410,Jeddah,E104,Mobile,Completed,1,44.17
ORD001089,2024-09-01 13:00:28,P0393,Nivea Body Lotion 400ml Bottle - Store Brand - Store Brand - Store Brand - Store Brand,Personal Care,1,7.31,0.37,4.3,C01059,Mecca,E028,Web,Completed,0,6.94
ORD001090,2024-07-12 07:10:30,P0308,Omega-3 Fish Oil Pack - Store Brand - Store Brand - Store Brand,Vitamins,1,44.01,0.0,18.55,C00686,Dammam,E042,Web,Returned,0,44.01
ORD001091,2025-04-24 10:07:31,P0223,Clobetasol Cream 0.05% 30g Pack - Store Brand - Store Brand - Store Brand,Dermatology,4,205.04,30.76,46.72,C00705,Dammam,E086,Web,Completed,0,174.28
ORD001092,2024-09-25 23:34:48,P0007,Aspirin 100mg Pack,Pain Relief,2,15.58,2.34,5.94,C00814,Khobar,E100,Web,Completed,0,13.24
ORD001093,2025-05-02 09:46:00,P0181,Centrum Multivitamins Pack - Store Brand,Vitamins,1,80.12,0.0,28.79,C00864,Jeddah,E114,Mobile,Completed,0,80.12
ORD001094,2025-07-28 05:34:29,P0377,Duphaston 10mg Pack - Store Brand - Store Brand,Women's Health,4,165.0,8.25,56.72,C00986,Mecca,E108,Web,Completed,0,156.75
ORD001095,2025-09-06 07:25:33,P0335,Neutrogena Hydro Boost Bottle - Store Brand,Skincare,1,92.63,13.89,31.49,C00283,Khobar,E084,Web,Completed,0,78.74
ORD001096,2025-03-19 23:31:55,P0238,Duphaston 10mg Pack - Store Brand,Women's Health,3,159.42,15.94,51.3,C00304,Dammam,E094,Web,Completed,0,143.48
ORD001097,2025-01-14 00:46:15,P0023,Otrivin Nasal Spray Bottle,Cold & Flu,1,23.25,0.0,10.97,C00721,Medina,E026,Web,Completed,0,23.25
ORD001098,2025-06-21 06:35:31,P0021,NeoCitran Hot Drink Box,Cold & Flu,1,23.29,0.0,10.17,C00271,Dammam,E117,Web,Completed,0,23.29
ORD001099,2025-07-07 06:20:34,P0060,Refresh Tears Eye Drops Box,Eye Care,1,45.53,4.55,17.84,C01011,Dammam,E083,Web,Completed,0,40.98
ORD001100,2024-10-21 22:13:07,P0133,Otrivin Nasal Spray Box - Store Brand - Store Brand,Cold & Flu,2,21.26,0.0,12.54,C00109,Riyadh,E111,Mobile,Completed,1,21.26
ORD001101,2025-04-07 19:06:41,P0003,Panadol Extra Box,Pain Relief,1,13.26,0.0,4.28,C00930,Mecca,E005,Web,Completed,0,13.26
ORD001102,2024-08-07 09:02:45,P0117,Redoxon Vitamin C 1000mg Pack - Store Brand,Vitamins,4,96.88,4.84,34.92,C00886,Khobar,E011,Web,Completed,0,92.04
ORD001103,2025-03-02 08:24:47,P0088,Colgate Total Pack,Oral Care,2,37.98,0.0,18.68,C00247,Riyadh,E041,Web,Completed,0,37.98
ORD001104,2025-08-13 19:17:40,P0050,Band-Aid Assorted Bottle,First Aid,2,22.74,0.0,11.38,C00829,Riyadh,E043,Mobile,Completed,0,22.74
ORD001105,2024-08-01 09:37:01,P0382,Redoxon Vitamin C 1000mg Pack - Store Brand,Vitamins,4,98.16,9.82,46.04,C00248,Riyadh,E067,Web,Completed,1,88.34
ORD001106,2025-08-23 14:29:48,P0350,Voltaren Emulgel 50g Bottle - Store Brand - Store Brand,Pain Relief,3,76.86,0.0,22.29,C00346,Jeddah,E025,Mobile,Completed,0,76.86
ORD001107,2024-05-27 04:32:17,P0322,Pampers Baby Dry Bottle - Store Brand - Store Brand,Baby Care,1,75.96,0.0,37.49,C01153,Dammam,E036,Mobile,Completed,1,75.96
ORD001108,2024-08-04 07:36:33,P0116,Otrivin Nasal Spray Bottle - Store Brand,Cold & Flu,2,38.94,0.0,14.08,C00775,Medina,E040,Web,Completed,0,38.94
ORD001109,2025-03-20 02:49:13,P0208,Voltaren Emulgel 50g Box - Store Brand,Pain Relief,2,66.14,0.0,27.62,C00281,Medina,E073,Retail,Completed,0,66.14
ORD001110,2024-08-11 17:18:45,P0261,Band-Aid Assorted Pack - Store Brand,First Aid,3,25.26,1.26,10.59,C00569,Jeddah,E041,Mobile,Returned,0,24.0
ORD001111,2024-03-31 01:50:22,P0277,Redoxon Vitamin C 1000mg Pack - Store Brand,Vitamins,1,24.28,2.43,11.21,C01121,Jeddah,E059,Web,Completed,0,21.85
ORD001112,2024-11-17 00:43:34,P0201,Voltaren Emulgel 50g Bottle - Store Brand - Store Brand,Pain Relief,4,90.6,4.53,35.12,C00100,Medina,E096,Mobile,Completed,0,86.07
ORD001113,2025-01-11 14:06:26,P0261,Band-Aid Assorted Pack - Store Brand,First Aid,3,25.26,1.26,10.59,C00591,Medina,E036,Web,Completed,0,24.0
ORD001114,2024-08-16 04:23:40,P0172,Imodium 2mg Pack - Store Brand - Store Brand,Gastrointestinal,1,17.36,0.87,5.26,C00309,Dammam,E023,Retail,Completed,1,16.49
ORD001115,2024-10-14 10:43:37,P0170,Pampers Baby Dry Pack - Store Brand - Store Brand,Baby Care,1,55.48,5.55,21.48,C00485,Medina,E075,Web,Completed,1,49.93
ORD001116,2025-07-26 02:25:58,P0389,Clobetasol Cream 0.05% 30g Bottle - Store Brand - Store Brand,Dermatology,3,195.69,9.78,79.08,C01121,Jeddah,E005,Retail,Completed,0,185.91
ORD001117,2025-05-14 19:20:24,P0367,Pampers Baby Dry Pack - Store Brand - Store Brand,Baby Care,2,111.2,16.68,44.14,C00120,Dammam,E045,Mobile,Completed,0,94.52
ORD001118,2024-08-31 02:20:22,P0328,Redoxon Vitamin C 1000mg Pack - Store Brand - Store Brand,Vitamins,1,11.46,1.15,7.03,C00319,Jeddah,E012,Mobile,Completed,0,10.31
ORD001119,2025-03-21 05:35:16,P0229,Imodium 2mg Box - Store Brand - Store Brand - Store Brand,Gastrointestinal,1,11.34,0.0,5.73,C00886,Khobar,E067,Mobile,Completed,0,11.34
ORD001120,2025-03-20 21:21:39,P0292,Band-Aid Assorted Bottle - Store Brand - Store Brand - Store Brand,First Aid,2,10.54,1.05,3.94,C00704,Khobar,E073,Web,Completed,0,9.49
ORD001121,2024-11-28 08:41:54,P0218,Femibion Prenatal Bottle - Store Brand - Store Brand,Vitamins,3,280.47,28.05,102.69,C00746,Khobar,E112,Retail,Completed,1,252.42
ORD001122,2024-12-07 22:44:27,P0163,Colgate Total Box - Store Brand,Oral Care,1,13.74,0.0,5.01,C00397,Khobar,E024,Retail,Completed,1,13.74
ORD001123,2025-05-21 15:55:50,P0300,Nivea Body Lotion 400ml Bottle - Store Brand - Store Brand - Store Brand,Personal Care,1,10.21,0.0,7.72,C01150,Riyadh,E057,Mobile,Completed,1,10.21
ORD001124,2025-01-27 03:21:49,P0029,Redoxon Vitamin C 1000mg Bottle,Vitamins,2,69.22,3.46,22.86,C00241,Jeddah,E033,Mobile,Completed,1,65.76
ORD001125,2025-09-01 00:26:44,P0141,Otrivin Nasal Spray Bottle - Store Brand,Cold & Flu,2,30.08,0.0,14.32,C01088,Dammam,E119,Retail,Completed,0,30.08
ORD001126,2025-02-12 22:59:44,P0209,Omega-3 Fish Oil Pack - Store Brand - Store Brand,Vitamins,2,98.8,9.88,50.48,C00094,Medina,E074,Web,Completed,0,88.92
ORD001127,2024-11-11 10:31:00,P0395,Omega-3 Fish Oil Pack - Store Brand - Store Brand - Store Brand - Store Brand,Vitamins,4,96.96,4.85,43.76,C00465,Jeddah,E073,Mobile,Completed,0,92.11
ORD001128,2024-05-03 18:09:16,P0327,Neutrogena Hydro Boost Box - Store Brand,Skincare,5,410.5,41.05,139.0,C01140,Medina,E102,Mobile,Completed,1,369.45
ORD001129,2025-01-24 13:06:31,P0122,Band-Aid Assorted Bottle - Store Brand,First Aid,1,8.4,0.0,4.2,C00824,Riyadh,E085,Web,Completed,0,8.4
ORD001130,2024-11-16 19:57:44,P0156,Clobetasol Cream 0.05% 30g Pack - Store Brand - Store Brand,Dermatology,1,66.9,3.35,16.49,C00890,Dammam,E110,Web,Completed,0,63.55
ORD001131,2024-07-20 16:35:14,P0036,Cetaphil Gentle Cleanser Box,Skincare,3,235.74,23.57,89.34,C01157,Mecca,E001,Web,Completed,1,212.17
ORD001132,2025-05-24 00:48:17,P0139,Duphaston 10mg Bottle - Store Brand,Women's Health,3,198.12,9.91,74.16,C00461,Riyadh,E117,Web,Completed,1,188.21
ORD001133,2024-09-27 12:17:13,P0256,Imodium 2mg Box - Store Brand - Store Brand - Store Brand - Store Brand,Gastrointestinal,3,21.51,0.0,14.28,C00006,Medina,E050,Web,Completed,0,21.51
ORD001134,2025-01-27 13:37:04,P0353,Duphaston 10mg Pack - Store Brand - Store Brand,Women's Health,3,120.69,12.07,40.86,C00379,Mecca,E105,Mobile,Completed,1,108.62
ORD001135,2025-05-11 19:52:35,P0003,Panadol Extra Box,Pain Relief,1,13.26,1.99,4.28,C00696,Medina,E086,Mobile,Completed,0,11.27
ORD001136,2025-07-08 14:55:35,P0352,Earol Ear Drops Pack - Store Brand - Store Brand - Store Brand - Store Brand,Ear Care,1,4.63,0.23,2.84,C00922,Dammam,E048,Web,Completed,0,4.4
ORD001137,2025-07-10 05:01:58,P0024,Otrivin Nasal Spray Box,Cold & Flu,2,49.0,7.35,22.9,C00883,Mecca,E118,Web,Completed,1,41.65
ORD001138,2024-08-15 23:16:23,P0045,Sensodyne Repair & Protect Box,Oral Care,1,31.7,3.17,12.69,C00011,Dammam,E056,Web,Completed,0,28.53
ORD001139,2025-02-16 15:04:56,P0225,Sensodyne Repair & Protect Box - Store Brand - Store Brand,Oral Care,1,17.87,1.79,4.85,C00866,Medina,E050,Mobile,Completed,0,16.08
ORD001140,2025-02-13 12:59:36,P0347,Refresh Tears Eye Drops Box - Store Brand - Store Brand - Store Brand,Eye Care,1,11.65,1.75,8.56,C00764,Mecca,E088,Mobile,Completed,0,9.9
ORD001141,2024-12-16 22:30:11,P0394,Femibion Prenatal Pack - Store Brand - Store Brand,Vitamins,3,203.46,0.0,113.97,C00345,Jeddah,E084,Retail,Completed,0,203.46
ORD001142,2024-07-25 22:20:20,P0155,Pampers Baby Dry Pack - Store Brand,Baby Care,1,73.97,11.1,32.92,C00681,Medina,E088,Web,Completed,1,62.87
ORD001143,2025-02-14 02:25:06,P0371,Clobetasol Cream 0.05% 30g Box - Store Brand - Store Brand - Store Brand,Dermatology,3,109.8,10.98,58.8,C00678,Medina,E055,Web,Completed,1,98.82
ORD001144,2025-04-16 22:21:15,P0294,Colgate Total Bottle - Store Brand,Oral Care,1,14.82,2.22,4.7,C01187,Dammam,E092,Web,Completed,0,12.6
ORD001145,2024-06-17 16:58:03,P0244,Multivitamin Gummies Kids Bottle - Store Brand,Vitamins,3,152.07,22.81,54.24,C00269,Dammam,E069,Mobile,Completed,0,129.26
ORD001146,2024-07-17 18:40:08,P0197,Johnson's Baby Oil 200ml Bottle - Store Brand - Store Brand - Store Brand,Baby Care,1,17.45,1.74,5.48,C00195,Mecca,E026,Mobile,Completed,1,15.71
ORD001147,2025-02-23 18:08:55,P0309,Panadol Extra Pack - Store Brand - Store Brand,Pain Relief,1,6.97,0.7,3.34,C00621,Medina,E006,Web,Completed,0,6.27
ORD001148,2024-04-30 20:41:09,P0087,Symbicort Inhaler Box,Respiratory,4,1527.64,152.76,794.8,C00948,Jeddah,E033,Web,Completed,0,1374.88
ORD001149,2025-05-18 12:48:48,P0382,Redoxon Vitamin C 1000mg Pack - Store Brand,Vitamins,1,24.54,2.45,11.51,C00682,Mecca,E046,Web,Completed,0,22.09
ORD001150,2025-07-29 22:49:29,P0291,Clobetasol Cream 0.05% 30g Pack - Store Brand - Store Brand - Store Brand - Store Brand - Store Brand,Dermatology,1,34.2,0.0,6.04,C00707,Medina,E046,Mobile,Completed,1,34.2
ORD001151,2024-10-02 01:59:09,P0168,Vicks VapoRub 50g Bottle - Store Brand,Cold & Flu,1,10.43,0.0,3.83,C01065,Khobar,E017,Mobile,Completed,1,10.43
ORD001152,2024-10-22 07:57:25,P0273,Aspirin 100mg Bottle - Store Brand - Store Brand - Store Brand,Pain Relief,1,2.57,0.39,1.05,C00434,Medina,E089,Mobile,Completed,1,2.18
ORD001153,2024-04-23 12:51:03,P0257,Refresh Tears Eye Drops Pack - Store Brand,Eye Care,1,34.94,3.49,12.62,C00430,Riyadh,E005,Web,Returned,0,31.45
ORD001154,2025-01-13 14:37:20,P0391,Johnson's Baby Oil 200ml Bottle - Store Brand - Store Brand,Baby Care,2,43.64,0.0,13.94,C00902,Dammam,E044,Retail,Completed,1,43.64
ORD001155,2025-01-28 05:34:31,P0113,Panadol Advance Bottle - Store Brand,Pain Relief,1,12.85,1.28,6.73,C00534,Medina,E093,Mobile,Completed,1,11.57
ORD001156,2024-06-21 09:34:31,P0338,Aspirin 100mg Bottle - Store Brand - Store Brand - Store Brand,Pain Relief,3,6.84,0.68,2.79,C00299,Mecca,E039,Mobile,Completed,0,6.16
ORD001157,2025-09-13 05:08:20,P0208,Voltaren Emulgel 50g Box - Store Brand,Pain Relief,3,99.21,9.92,41.43,C00871,Dammam,E074,Web,Completed,1,89.29
ORD001158,2024-10-22 09:38:39,P0337,NeoCitran Hot Drink Pack - Store Brand - Store Brand - Store Brand,Cold & Flu,3,26.25,1.31,13.65,C00421,Riyadh,E036,Mobile,Completed,1,24.94
ORD001159,2024-08-10 18:11:13,P0164,Duphaston 10mg Box - Store Brand,Women's Health,3,189.6,18.96,80.25,C00479,Dammam,E001,Web,Completed,1,170.64
ORD001160,2025-08-15 10:34:56,P0283,Mometasone Furoate 0.1% 15g Pack - Store Brand,Dermatology,1,65.04,6.5,30.37,C00305,Mecca,E060,Mobile,Returned,0,58.54
ORD001161,2024-06-06 10:12:44,P0073,Pampers Baby Dry Pack,Baby Care,1,121.89,0.0,53.75,C00036,Mecca,E091,Web,Completed,0,121.89
ORD001162,2025-07-09 05:43:27,P0303,Band-Aid Assorted Box - Store Brand - Store Brand,First Aid,4,28.16,4.22,15.24,C00246,Khobar,E082,Mobile,Completed,1,23.94
ORD001163,2025-05-30 02:43:49,P0294,Colgate Total Bottle - Store Brand,Oral Care,1,14.82,1.48,4.7,C00723,Dammam,E041,Web,Completed,1,13.34
ORD001164,2025-04-14 12:48:34,P0007,Aspirin 100mg Pack,Pain Relief,1,7.79,0.39,2.97,C00823,Mecca,E087,Web,Completed,0,7.4
ORD001165,2025-07-26 09:06:00,P0304,Imodium 2mg Bottle - Store Brand,Gastrointestinal,2,50.78,5.08,17.98,C00188,Mecca,E011,Web,Cancelled,0,45.7
ORD001166,2024-11-14 02:49:44,P0172,Imodium 2mg Pack - Store Brand - Store Brand,Gastrointestinal,1,17.36,1.74,5.26,C00283,Khobar,E058,Mobile,Completed,0,15.62
ORD001167,2025-07-20 20:23:37,P0176,Clobetasol Cream 0.05% 30g Pack - Store Brand - Store Brand,Dermatology,1,67.66,10.15,17.3,C00575,Mecca,E054,Retail,Completed,0,57.51
ORD001168,2025-05-29 04:01:54,P0281,Otrivin Nasal Spray Box - Store Brand - Store Brand - Store Brand,Cold & Flu,3,23.34,1.17,13.32,C00580,Riyadh,E049,Retail,Completed,0,22.17
ORD001169,2024-06-06 07:04:58,P0214,Omega-3 Fish Oil Pack - Store Brand - Store Brand,Vitamins,1,57.26,2.86,22.53,C01100,Riyadh,E015,Mobile,Completed,0,54.4
ORD001170,2025-01-28 12:36:06,P0235,Pampers Baby Dry Box - Store Brand - Store Brand,Baby Care,2,126.56,12.66,50.58,C00994,Mecca,E097,Web,Completed,0,113.9
ORD001171,2024-11-26 01:21:38,P0303,Band-Aid Assorted Box - Store Brand - Store Brand,First Aid,3,21.12,0.0,11.43,C00176,Riyadh,E086,Retail,Returned,0,21.12
ORD001172,2025-04-17 02:53:08,P0025,Centrum Multivitamins Pack,Vitamins,2,223.28,33.49,73.34,C00904,Jeddah,E029,Retail,Completed,1,189.79
ORD001173,2024-10-31 07:57:28,P0014,Brufen 400mg Bottle,Pain Relief,4,90.76,13.61,32.24,C00708,Medina,E021,Retail,Completed,0,77.15
ORD001174,2024-03-25 13:27:40,P0164,Duphaston 10mg Box - Store Brand,Women's Health,2,126.4,12.64,53.5,C00755,Dammam,E098,Web,Completed,0,113.76
ORD001175,2025-01-14 17:28:25,P0238,Duphaston 10mg Pack - Store Brand,Women's Health,2,106.28,15.94,34.2,C00940,Medina,E054,Web,Completed,0,90.34
ORD001176,2024-07-08 14:25:05,P0323,Panadol Extra Box - Store Brand - Store Brand - Store Brand,Pain Relief,2,9.68,0.0,2.82,C00312,Medina,E077,Mobile,Completed,0,9.68
ORD001177,2024-11-30 10:03:56,P0206,Femibion Prenatal Bottle - Store Brand,Vitamins,2,233.42,11.67,88.04,C00637,Medina,E073,Mobile,Completed,0,221.75
ORD001178,2024-04-09 14:46:13,P0195,Johnson's Baby Oil 200ml Bottle - Store Brand - Store Brand,Baby Care,3,66.0,9.9,22.08,C00219,Mecca,E071,Mobile,Completed,0,56.1
ORD001179,2025-03-13 12:40:43,P0398,Johnson's Baby Oil 200ml Box - Store Brand,Baby Care,1,30.69,1.53,9.35,C00726,Dammam,E023,Web,Completed,0,29.16
ORD001180,2024-11-28 15:15:47,P0157,Mometasone Furoate 0.1% 15g Box - Store Brand,Dermatology,1,92.73,0.0,31.76,C01163,Mecca,E115,Web,Completed,1,92.73
ORD001181,2024-09-29 07:15:16,P0056,Mometasone Furoate 0.1% 15g Bottle,Dermatology,3,314.37,47.16,130.95,C01064,Khobar,E031,Mobile,Returned,0,267.21
ORD001182,2025-07-05 02:45:02,P0267,Voltaren Emulgel 50g Bottle - Store Brand - Store Brand - Store Brand,Pain Relief,4,60.36,3.02,32.16,C00780,Jeddah,E032,Web,Returned,0,57.34
ORD001183,2024-04-17 01:47:03,P0040,Nivea Body Lotion 400ml Pack,Personal Care,3,123.42,18.51,40.35,C00948,Jeddah,E111,Mobile,Completed,1,104.91
ORD001184,2024-05-16 14:57:29,P0241,Imodium 2mg Box - Store Brand - Store Brand,Gastrointestinal,3,57.21,5.72,17.43,C00557,Jeddah,E114,Mobile,Completed,0,51.49
ORD001185,2025-02-26 13:52:27,P0238,Duphaston 10mg Pack - Store Brand,Women's Health,2,106.28,0.0,34.2,C00126,Medina,E038,Mobile,Completed,0,106.28
ORD001186,2024-12-30 05:01:00,P0002,Panadol Extra Bottle,Pain Relief,1,12.22,1.83,4.09,C00151,Khobar,E055,Mobile,Completed,0,10.39
ORD001187,2025-06-16 07:43:36,P0357,Earol Ear Drops Pack - Store Brand - Store Brand - Store Brand - Store Brand - Store Brand,Ear Care,3,8.88,0.0,6.09,C01070,Dammam,E093,Web,Completed,0,8.88
ORD001188,2024-07-11 05:23:22,P0349,Redoxon Vitamin C 1000mg Bottle - Store Brand - Store Brand,Vitamins,4,53.56,8.03,29.44,C00010,Jeddah,E027,Web,Completed,0,45.53
ORD001189,2025-03-13 21:29:54,P0219,Brufen 400mg Pack - Store Brand,Pain Relief,4,69.72,10.46,29.24,C00960,Khobar,E097,Web,Completed,0,59.26
ORD001190,2025-09-09 06:45:27,P0364,Duphaston 10mg Pack - Store Brand - Store Brand - Store Brand - Store Brand,Women's Health,2,33.44,5.02,17.1,C00424,Jeddah,E090,Web,Completed,0,28.42
ORD001191,2024-07-09 17:25:42,P0022,Otrivin Nasal Spray Pack,Cold & Flu,1,30.0,3.0,11.92,C01049,Medina,E004,Web,Completed,0,27.0
ORD001192,2024-11-04 03:57:02,P0314,Omega-3 Fish Oil Bottle - Store Brand,Vitamins,1,59.66,2.98,26.93,C00572,Medina,E073,Mobile,Completed,1,56.68
ORD001193,2025-08-27 22:04:22,P0284,Johnson's Baby Oil 200ml Box - Store Brand,Baby Care,1,30.04,1.5,11.32,C00761,Mecca,E019,Mobile,Completed,0,28.54
ORD001194,2025-07-30 13:21:29,P0115,NeoCitran Hot Drink Pack - Store Brand,Cold & Flu,1,16.2,0.81,8.05,C00785,Riyadh,E075,Web,Completed,0,15.39
ORD001195,2024-12-30 19:42:57,P0183,Band-Aid Assorted Box - Store Brand - Store Brand - Store Brand,First Aid,3,19.02,2.85,8.04,C00461,Riyadh,E062,Mobile,Completed,0,16.17
ORD001196,2025-08-05 01:30:37,P0157,Mometasone Furoate 0.1% 15g Box - Store Brand,Dermatology,1,92.73,9.27,31.76,C00830,Medina,E067,Web,Completed,1,83.46
ORD001197,2025-08-08 13:51:43,P0286,Femibion Prenatal Box - Store Brand - Store Brand,Vitamins,1,75.29,11.29,40.09,C00057,Khobar,E023,Web,Completed,0,64.0
ORD001198,2024-12-13 21:25:53,P0370,Johnson's Baby Oil 200ml Pack - Store Brand,Baby Care,1,30.82,1.54,12.47,C01196,Riyadh,E029,Web,Completed,0,29.28
ORD001199,2025-08-09 20:03:50,P0337,NeoCitran Hot Drink Pack - Store Brand - Store Brand - Store Brand,Cold & Flu,1,8.75,1.31,4.55,C00349,Riyadh,E059,Mobile,Completed,0,7.44
ORD001200,2025-05-04 01:31:18,P0234,Earol Ear Drops Pack - Store Brand - Store Brand,Ear Care,4,30.16,1.51,21.72,C00882,Jeddah,E047,Mobile,Completed,0,28.65
ORD001201,2024-12-03 21:51:15,P0030,Redoxon Vitamin C 1000mg Box,Vitamins,2,64.66,6.47,27.4,C00405,Khobar,E071,Retail,Completed,0,58.19
ORD001202,2024-05-05 10:41:38,P0019,NeoCitran Hot Drink Pack,Cold & Flu,2,51.42,2.57,20.4,C00330,Jeddah,E032,Web,Completed,0,48.85
ORD001203,2024-09-16 07:48:46,P0327,Neutrogena Hydro Boost Box - Store Brand,Skincare,3,246.3,36.94,83.4,C00858,Jeddah,E023,Web,Completed,0,209.36
ORD001204,2024-06-01 22:18:24,P0347,Refresh Tears Eye Drops Box - Store Brand - Store Brand - Store Brand,Eye Care,3,34.95,0.0,25.68,C00079,Riyadh,E116,Retail,Completed,0,34.95
ORD001205,2024-08-31 07:39:14,P0082,Ventolin Inhaler Pack,Respiratory,1,202.9,30.44,83.69,C00127,Jeddah,E060,Web,Completed,0,172.46
ORD001206,2024-11-25 15:11:53,P0109,Band-Aid Assorted Bottle - Store Brand,First Aid,3,27.45,0.0,12.03,C00281,Medina,E026,Web,Completed,1,27.45
ORD001207,2024-08-23 06:58:50,P0288,Duphaston 10mg Pack - Store Brand - Store Brand,Women's Health,1,33.26,1.66,13.84,C00290,Dammam,E077,Web,Completed,1,31.6
ORD001208,2024-06-17 14:12:15,P0315,Pampers Baby Dry Pack - Store Brand - Store Brand - Store Brand - Store Brand,Baby Care,3,74.91,11.24,39.09,C00337,Jeddah,E100,Mobile,Completed,1,63.67
ORD001209,2024-03-23 08:28:40,P0342,Gaviscon 200ml Bottle - Store Brand - Store Brand - Store Brand - Store Brand,Gastrointestinal,1,14.53,2.18,5.27,C01134,Dammam,E077,Web,Completed,0,12.35
ORD001210,2025-04-20 23:52:28,P0164,Duphaston 10mg Box - Store Brand,Women's Health,2,126.4,12.64,53.5,C01074,Jeddah,E083,Web,Completed,0,113.76
ORD001211,2024-12-12 22:36:04,P0361,Omega-3 Fish Oil Pack - Store Brand - Store Brand - Store Brand,Vitamins,1,34.43,3.44,19.12,C01095,Medina,E081,Web,Returned,0,30.99
ORD001212,2025-04-05 16:24:22,P0292,Band-Aid Assorted Bottle - Store Brand - Store Brand - Store Brand,First Aid,1,5.27,0.79,1.97,C00892,Khobar,E064,Web,Completed,1,4.48
ORD001213,2025-08-27 16:26:00,P0227,Panadol Extra Box - Store Brand - Store Brand,Pain Relief,1,6.0,0.9,1.7,C00807,Medina,E044,Mobile,Completed,0,5.1
ORD001214,2024-08-20 08:07:47,P0348,Clobetasol Cream 0.05% 30g Pack - Store Brand - Store Brand,Dermatology,3,155.85,7.79,70.35,C00611,Dammam,E028,Web,Completed,1,148.06
ORD001215,2024-06-10 21:45:43,P0036,Cetaphil Gentle Cleanser Box,Skincare,3,235.74,11.79,89.34,C00813,Riyadh,E074,Mobile,Completed,0,223.95
ORD001216,2025-01-24 17:41:48,P0077,Duphaston 10mg Bottle,Women's Health,3,234.87,11.74,104.34,C00813,Riyadh,E079,Mobile,Completed,1,223.13
ORD001217,2025-08-12 13:11:46,P0154,Imodium 2mg Pack - Store Brand,Gastrointestinal,2,49.54,7.43,15.46,C00769,Riyadh,E100,Mobile,Completed,0,42.11
ORD001218,2025-03-24 13:37:26,P0351,Band-Aid Assorted Bottle - Store Brand,First Aid,5,36.5,3.65,23.85,C00704,Khobar,E048,Web,Completed,0,32.85
ORD001219,2024-11-22 21:44:08,P0076,Duphaston 10mg Pack,Women's Health,2,159.58,23.94,55.82,C00124,Riyadh,E073,Web,Completed,1,135.64
ORD001220,2024-05-04 22:15:11,P0164,Duphaston 10mg Box - Store Brand,Women's Health,5,316.0,31.6,133.75,C00915,Medina,E083,Mobile,Returned,0,284.4
ORD001221,2024-04-07 02:22:28,P0357,Earol Ear Drops Pack - Store Brand - Store Brand - Store Brand - Store Brand - Store Brand,Ear Care,4,11.84,0.59,8.12,C00839,Dammam,E027,Mobile,Completed,0,11.25
ORD001222,2024-04-10 08:39:23,P0057,Mometasone Furoate 0.1% 15g Box,Dermatology,1,121.72,18.26,41.28,C00153,Khobar,E042,Mobile,Completed,0,103.46
ORD001223,2025-07-15 15:19:23,P0031,Omega-3 Fish Oil Pack,Vitamins,2,188.58,18.86,84.54,C00593,Dammam,E014,Web,Completed,1,169.72
ORD001224,2025-06-26 12:27:20,P0044,Sensodyne Repair & Protect Bottle,Oral Care,2,60.26,0.0,25.86,C00336,Medina,E100,Mobile,Completed,1,60.26
ORD001225,2024-10-03 00:43:02,P0157,Mometasone Furoate 0.1% 15g Box - Store Brand,Dermatology,1,92.73,13.91,31.76,C00961,Medina,E008,Web,Completed,0,78.82
ORD001226,2025-05-14 18:21:03,P0247,Otrivin Nasal Spray Box - Store Brand - Store Brand,Cold & Flu,1,14.65,1.46,5.09,C00773,Dammam,E015,Web,Completed,0,13.19
ORD001227,2024-11-30 01:12:53,P0229,Imodium 2mg Box - Store Brand - Store Brand - Store Brand,Gastrointestinal,5,56.7,8.51,28.65,C00426,Jeddah,E106,Web,Completed,0,48.19
ORD001228,2025-06-11 21:01:34,P0085,Symbicort Inhaler Pack,Respiratory,1,389.73,0.0,181.14,C00203,Riyadh,E057,Web,Completed,0,389.73
ORD001229,2025-05-29 08:24:41,P0196,Brufen 400mg Box - Store Brand,Pain Relief,2,25.58,2.56,11.18,C01177,Riyadh,E089,Web,Completed,0,23.02
ORD001230,2024-11-21 19:54:34,P0094,Aspirin 100mg Pack - Store Brand,Pain Relief,5,27.2,2.72,10.95,C00229,Medina,E116,Mobile,Completed,0,24.48
ORD001231,2024-08-12 23:52:01,P0175,Band-Aid Assorted Box - Store Brand - Store Brand,First Aid,1,7.68,0.38,3.51,C00034,Jeddah,E059,Web,Completed,0,7.3
ORD001232,2024-10-07 07:27:43,P0248,Voltaren Emulgel 50g Bottle - Store Brand - Store Brand,Pain Relief,2,58.2,0.0,17.22,C00524,Dammam,E018,Web,Completed,1,58.2
ORD001233,2025-04-04 17:36:34,P0259,NeoCitran Hot Drink Pack - Store Brand - Store Brand,Cold & Flu,3,41.04,0.0,18.54,C01180,Mecca,E117,Retail,Completed,1,41.04
ORD001234,2024-04-16 21:20:14,P0255,Clobetasol Cream 0.05% 30g Pack - Store Brand - Store Brand - Store Brand,Dermatology,5,277.4,27.74,67.65,C01156,Jeddah,E102,Mobile,Completed,0,249.66
ORD001235,2025-07-28 16:50:01,P0215,Panadol Advance Box - Store Brand,Pain Relief,1,12.25,0.0,4.88,C00557,Jeddah,E073,Web,Completed,0,12.25
ORD001236,2025-05-10 00:01:06,P0159,Panadol Extra Box - Store Brand,Pain Relief,1,9.53,0.0,2.71,C00470,Medina,E074,Retail,Completed,0,9.53
ORD001237,2024-05-18 17:37:27,P0182,Nivea Body Lotion 400ml Bottle - Store Brand - Store Brand,Personal Care,3,48.06,7.21,23.52,C01102,Khobar,E105,Web,Completed,0,40.85
ORD001238,2025-08-10 04:23:50,P0050,Band-Aid Assorted Bottle,First Aid,1,11.37,0.57,5.69,C00471,Riyadh,E083,Mobile,Completed,1,10.8
ORD001239,2024-04-08 15:43:48,P0125,Duphaston 10mg Pack - Store Brand,Women's Health,2,116.6,11.66,39.34,C01118,Khobar,E001,Mobile,Completed,0,104.94
ORD001240,2024-09-13 21:50:18,P0050,Band-Aid Assorted Bottle,First Aid,1,11.37,0.57,5.69,C00862,Jeddah,E034,Retail,Completed,0,10.8
ORD001241,2025-05-10 11:14:14,P0352,Earol Ear Drops Pack - Store Brand - Store Brand - Store Brand - Store Brand,Ear Care,2,9.26,0.46,5.68,C00188,Mecca,E099,Mobile,Returned,0,8.8
ORD001242,2024-08-16 15:37:05,P0103,Otrivin Nasal Spray Box - Store Brand,Cold & Flu,3,52.29,2.61,22.86,C00192,Jeddah,E040,Web,Completed,0,49.68
ORD001243,2024-06-29 20:43:51,P0381,Multivitamin Gummies Kids Box - Store Brand,Vitamins,2,83.14,0.0,31.7,C01011,Dammam,E042,Retail,Returned,0,83.14
ORD001244,2024-08-26 15:14:06,P0399,Earol Ear Drops Pack - Store Brand - Store Brand - Store Brand - Store Brand - Store Brand,Ear Care,1,3.83,0.57,1.44,C00650,Dammam,E035,Web,Completed,0,3.26
ORD001245,2024-04-13 04:05:26,P0354,Band-Aid Assorted Bottle - Store Brand - Store Brand,First Aid,1,5.15,0.77,2.99,C00783,Riyadh,E016,Mobile,Completed,1,4.38
ORD001246,2024-08-31 23:32:31,P0348,Clobetasol Cream 0.05% 30g Pack - Store Brand - Store Brand,Dermatology,1,51.95,7.79,23.45,C00451,Khobar,E057,Web,Completed,1,44.16
ORD001247,2025-06-24 09:41:38,P0323,Panadol Extra Box - Store Brand - Store Brand - Store Brand,Pain Relief,4,19.36,0.0,5.64,C00693,Medina,E023,Mobile,Completed,0,19.36
ORD001248,2024-07-27 11:36:25,P0382,Redoxon Vitamin C 1000mg Pack - Store Brand,Vitamins,3,73.62,0.0,34.53,C01037,Dammam,E063,Mobile,Completed,0,73.62
ORD001249,2025-02-08 09:47:32,P0356,Clobetasol Cream 0.05% 30g Pack - Store Brand - Store Brand - Store Brand - Store Brand,Dermatology,1,39.04,0.0,9.75,C00359,Riyadh,E103,Mobile,Completed,0,39.04
ORD001250,2025-03-12 21:29:00,P0363,Earol Ear Drops Pack - Store Brand,Ear Care,1,14.68,2.2,7.23,C00059,Khobar,E103,Web,Returned,0,12.48
ORD001251,2024-12-23 10:58:58,P0355,Earol Ear Drops Pack - Store Brand - Store Brand - Store Brand - Store Brand,Ear Care,1,5.1,0.51,3.07,C00365,Khobar,E108,Web,Returned,0,4.59
ORD001252,2024-09-17 02:48:23,P0271,Imodium 2mg Box - Store Brand - Store Brand - Store Brand - Store Brand - Store Brand,Gastrointestinal,5,25.5,0.0,15.0,C01100,Riyadh,E084,Mobile,Completed,1,25.5
ORD001253,2024-04-04 06:42:50,P0205,Gaviscon 200ml Pack - Store Brand,Gastrointestinal,5,174.5,17.45,69.45,C00800,Medina,E094,Mobile,Completed,0,157.05
ORD001254,2024-10-02 08:54:34,P0224,Pampers Baby Dry Pack - Store Brand - Store Brand - Store Brand,Baby Care,1,34.69,0.0,15.68,C00525,Medina,E017,Mobile,Completed,1,34.69
ORD001255,2024-04-22 06:05:22,P0023,Otrivin Nasal Spray Bottle,Cold & Flu,1,23.25,1.16,10.97,C00303,Medina,E111,Mobile,Completed,1,22.09
ORD001256,2024-07-23 06:56:17,P0049,Band-Aid Assorted Pack,First Aid,2,23.78,1.19,9.04,C00644,Dammam,E120,Mobile,Completed,0,22.59
ORD001257,2024-12-31 12:36:32,P0179,Symbicort Inhaler Bottle - Store Brand - Store Brand - Store Brand,Respiratory,4,511.12,0.0,264.24,C00378,Dammam,E101,Web,Completed,0,511.12
ORD001258,2025-01-30 11:54:34,P0060,Refresh Tears Eye Drops Box,Eye Care,2,91.06,9.11,35.68,C01105,Dammam,E080,Web,Completed,0,81.95
ORD001259,2024-04-14 02:28:06,P0190,Band-Aid Assorted Box - Store Brand - Store Brand - Store Brand,First Aid,4,21.36,0.0,9.48,C00418,Dammam,E095,Retail,Completed,0,21.36
ORD001260,2025-05-15 23:47:22,P0203,Ventolin Inhaler Bottle - Store Brand,Respiratory,1,175.82,8.79,72.19,C00476,Riyadh,E021,Web,Completed,0,167.03
ORD001261,2024-06-02 12:33:43,P0330,Nivea Body Lotion 400ml Bottle - Store Brand - Store Brand - Store Brand - Store Brand,Personal Care,2,16.58,0.0,9.28,C00851,Mecca,E015,Retail,Completed,1,16.58
ORD001262,2025-05-13 20:34:05,P0268,Duphaston 10mg Pack - Store Brand - Store Brand - Store Brand,Women's Health,2,50.76,0.0,23.12,C00141,Dammam,E040,Web,Completed,0,50.76
ORD001263,2024-06-30 13:02:36,P0386,Pampers Baby Dry Pack - Store Brand - Store Brand - Store Brand,Baby Care,1,38.24,3.82,16.49,C00012,Riyadh,E079,Mobile,Completed,1,34.42
ORD001264,2025-06-09 15:55:29,P0202,Symbicort Inhaler Bottle - Store Brand - Store Brand - Store Brand - Store Brand - Store Brand,Respiratory,1,68.37,3.42,38.93,C00547,Dammam,E066,Web,Returned,0,64.95
ORD001265,2025-08-16 23:48:42,P0082,Ventolin Inhaler Pack,Respiratory,1,202.9,0.0,83.69,C01182,Dammam,E092,Web,Completed,0,202.9
ORD001266,2024-10-02 23:27:44,P0345,Otrivin Nasal Spray Box - Store Brand - Store Brand - Store Brand,Cold & Flu,1,8.8,0.44,3.83,C00014,Dammam,E094,Mobile,Completed,1,8.36
ORD001267,2025-08-24 02:18:49,P0325,Panadol Extra Pack - Store Brand - Store Brand - Store Brand,Pain Relief,2,9.04,0.9,5.22,C00758,Riyadh,E098,Retail,Completed,0,8.14
ORD001268,2025-08-18 12:56:36,P0124,Voltaren Emulgel 50g Bottle - Store Brand - Store Brand,Pain Relief,1,22.1,0.0,12.01,C00780,Jeddah,E096,Retail,Completed,0,22.1
ORD001269,2024-08-23 16:17:58,P0188,Symbicort Inhaler Bottle - Store Brand - Store Brand - Store Brand - Store Brand,Respiratory,5,493.1,0.0,322.55,C00676,Medina,E019,Mobile,Completed,0,493.1
ORD001270,2024-07-26 17:00:25,P0083,Ventolin Inhaler Bottle,Respiratory,1,222.78,0.0,98.52,C00808,Mecca,E074,Web,Completed,0,222.78
ORD001271,2025-07-24 07:18:22,P0088,Colgate Total Pack,Oral Care,4,75.96,11.39,37.36,C00713,Jeddah,E058,Retail,Completed,0,64.57
ORD001272,2025-05-20 23:10:41,P0400,Neutrogena Hydro Boost Box - Store Brand,Skincare,2,208.96,20.9,70.2,C00152,Jeddah,E084,Mobile,Returned,0,188.06
ORD001273,2024-08-14 16:29:36,P0146,Aspirin 100mg Bottle - Store Brand,Pain Relief,1,5.27,0.79,2.62,C00729,Khobar,E099,Mobile,Completed,0,4.48
ORD001274,2025-04-30 03:28:07,P0154,Imodium 2mg Pack - Store Brand,Gastrointestinal,1,24.77,2.48,7.73,C01136,Medina,E055,Mobile,Returned,0,22.29
ORD001275,2024-06-04 10:24:45,P0133,Otrivin Nasal Spray Box - Store Brand - Store Brand,Cold & Flu,1,10.63,1.59,6.27,C00698,Medina,E107,Web,Completed,0,9.04
ORD001276,2024-06-29 01:38:12,P0073,Pampers Baby Dry Pack,Baby Care,4,487.56,48.76,215.0,C00585,Riyadh,E058,Web,Cancelled,0,438.8
ORD001277,2025-04-18 23:58:48,P0263,Nivea Body Lotion 400ml Bottle - Store Brand - Store Brand,Personal Care,1,15.13,0.76,9.96,C00864,Jeddah,E019,Mobile,Completed,0,14.37
ORD001278,2024-08-24 06:51:28,P0145,Refresh Tears Eye Drops Box - Store Brand - Store Brand,Eye Care,3,57.66,5.77,35.22,C00976,Khobar,E068,Mobile,Completed,0,51.89
ORD001279,2025-05-11 02:00:03,P0032,Omega-3 Fish Oil Bottle,Vitamins,1,77.22,3.86,39.97,C00420,Jeddah,E089,Retail,Completed,0,73.36
ORD001280,2024-07-24 06:33:31,P0339,Imodium 2mg Box - Store Brand - Store Brand,Gastrointestinal,1,18.61,0.93,6.36,C01181,Jeddah,E082,Mobile,Completed,0,17.68
ORD001281,2025-05-17 00:53:33,P0247,Otrivin Nasal Spray Box - Store Brand - Store Brand,Cold & Flu,5,73.25,10.99,25.45,C00106,Riyadh,E110,Web,Completed,1,62.26
ORD001282,2024-11-08 06:20:31,P0355,Earol Ear Drops Pack - Store Brand - Store Brand - Store Brand - Store Brand,Ear Care,1,5.1,0.76,3.07,C01057,Mecca,E115,Web,Completed,0,4.34
ORD001283,2024-03-23 05:50:23,P0329,Mometasone Furoate 0.1% 15g Pack - Store Brand - Store Brand - Store Brand,Dermatology,1,39.37,3.94,17.6,C01040,Jeddah,E027,Retail,Completed,0,35.43
ORD001284,2024-05-07 23:13:49,P0169,Ventolin Inhaler Box - Store Brand,Respiratory,3,572.67,28.63,205.38,C00367,Medina,E019,Web,Completed,0,544.04
ORD001285,2025-01-20 20:27:28,P0335,Neutrogena Hydro Boost Bottle - Store Brand,Skincare,3,277.89,41.68,94.47,C00559,Medina,E051,Mobile,Completed,0,236.21
ORD001286,2024-05-16 18:03:11,P0071,Johnson's Baby Oil 200ml Bottle,Baby Care,1,36.81,3.68,15.63,C00768,Jeddah,E018,Retail,Completed,0,33.13
ORD001287,2024-08-29 20:13:03,P0231,Nivea Body Lotion 400ml Box - Store Brand,Personal Care,2,50.2,5.02,23.38,C00403,Mecca,E098,Web,Completed,0,45.18
ORD001288,2025-05-04 03:48:28,P0196,Brufen 400mg Box - Store Brand,Pain Relief,1,12.79,1.92,5.59,C01011,Dammam,E030,Mobile,Completed,0,10.87
ORD001289,2025-05-17 09:03:21,P0310,Aspirin 100mg Pack - Store Brand,Pain Relief,3,17.07,2.56,5.4,C00649,Riyadh,E020,Web,Returned,0,14.51
ORD001290,2024-10-20 07:36:41,P0356,Clobetasol Cream 0.05% 30g Pack - Store Brand - Store Brand - Store Brand - Store Brand,Dermatology,5,195.2,0.0,48.75,C00601,Riyadh,E049,Mobile,Completed,1,195.2
ORD001291,2025-02-16 18:47:47,P0003,Panadol Extra Box,Pain Relief,2,26.52,3.98,8.56,C00986,Mecca,E098,Web,Completed,0,22.54
ORD001292,2025-07-04 13:52:28,P0117,Redoxon Vitamin C 1000mg Pack - Store Brand,Vitamins,5,121.1,12.11,43.65,C00802,Riyadh,E031,Retail,Completed,1,108.99
ORD001293,2025-02-13 11:49:24,P0181,Centrum Multivitamins Pack - Store Brand,Vitamins,1,80.12,0.0,28.79,C00038,Medina,E111,Mobile,Completed,0,80.12
ORD001294,2024-10-04 10:43:54,P0224,Pampers Baby Dry Pack - Store Brand - Store Brand - Store Brand,Baby Care,2,69.38,6.94,31.36,C00973,Mecca,E054,Mobile,Completed,0,62.44
ORD001295,2024-05-26 12:13:14,P0092,Multivitamin Gummies Kids Bottle,Vitamins,1,61.54,9.23,21.55,C00536,Mecca,E032,Mobile,Completed,1,52.31
ORD001296,2025-08-21 23:27:44,P0088,Colgate Total Pack,Oral Care,1,18.99,2.85,9.34,C00953,Jeddah,E072,Mobile,Completed,1,16.14
ORD001297,2024-04-24 16:04:18,P0279,Cetaphil Gentle Cleanser Box - Store Brand - Store Brand,Skincare,2,93.78,0.0,26.44,C00543,Dammam,E074,Web,Returned,0,93.78
ORD001298,2024-12-28 03:11:55,P0325,Panadol Extra Pack - Store Brand - Store Brand - Store Brand,Pain Relief,2,9.04,1.36,5.22,C00674,Jeddah,E105,Web,Completed,0,7.68
ORD001299,2025-08-07 13:51:05,P0127,Pampers Baby Dry Box - Store Brand,Baby Care,3,297.87,44.68,121.86,C00411,Khobar,E074,Retail,Completed,1,253.19
ORD001300,2025-07-23 20:13:21,P0106,Symbicort Inhaler Bottle - Store Brand,Respiratory,3,852.6,127.89,403.92,C00035,Medina,E086,Retail,Completed,0,724.71
ORD001301,2024-04-10 17:19:57,P0338,Aspirin 100mg Bottle - Store Brand - Store Brand - Store Brand,Pain Relief,2,4.56,0.46,1.86,C00170,Jeddah,E013,Web,Completed,0,4.1
ORD001302,2025-03-12 15:19:15,P0362,Band-Aid Assorted Bottle - Store Brand - Store Brand - Store Brand,First Aid,4,17.68,1.77,7.64,C00759,Jeddah,E046,Mobile,Completed,0,15.91
ORD001303,2024-10-23 20:03:04,P0303,Band-Aid Assorted Box - Store Brand - Store Brand,First Aid,2,14.08,0.0,7.62,C00236,Khobar,E042,Web,Cancelled,0,14.08
ORD001304,2024-07-25 16:54:07,P0306,Mometasone Furoate 0.1% 15g Pack - Store Brand - Store Brand - Store Brand,Dermatology,1,38.09,3.81,22.58,C00839,Dammam,E095,Web,Completed,0,34.28
ORD001305,2025-04-15 04:52:26,P0169,Ventolin Inhaler Box - Store Brand,Respiratory,4,763.56,76.36,273.84,C00157,Mecca,E046,Mobile,Completed,0,687.2
ORD001306,2024-11-23 19:52:19,P0074,Pampers Baby Dry Bottle,Baby Care,4,571.56,0.0,223.76,C00146,Dammam,E118,Mobile,Completed,0,571.56
ORD001307,2025-07-18 22:26:06,P0071,Johnson's Baby Oil 200ml Bottle,Baby Care,2,73.62,3.68,31.26,C00303,Medina,E097,Web,Completed,1,69.94
ORD001308,2024-12-20 06:47:31,P0002,Panadol Extra Bottle,Pain Relief,1,12.22,1.83,4.09,C00314,Mecca,E115,Web,Completed,0,10.39
ORD001309,2024-11-28 15:55:35,P0355,Earol Ear Drops Pack - Store Brand - Store Brand - Store Brand - Store Brand,Ear Care,1,5.1,0.26,3.07,C00866,Medina,E075,Web,Completed,0,4.84
ORD001310,2025-05-31 20:56:12,P0177,Mometasone Furoate 0.1% 15g Box - Store Brand,Dermatology,2,187.84,28.18,62.72,C00366,Jeddah,E080,Mobile,Completed,0,159.66
ORD001311,2025-06-30 10:12:18,P0127,Pampers Baby Dry Box - Store Brand,Baby Care,4,397.16,59.57,162.48,C00008,Medina,E110,Web,Completed,0,337.59
ORD001312,2025-01-25 03:19:47,P0067,Imodium 2mg Pack,Gastrointestinal,1,31.47,4.72,10.01,C00294,Jeddah,E014,Mobile,Completed,0,26.75
ORD001313,2025-07-12 10:13:34,P0007,Aspirin 100mg Pack,Pain Relief,2,15.58,0.0,5.94,C00506,Medina,E042,Retail,Completed,0,15.58
ORD001314,2024-09-29 23:13:23,P0103,Otrivin Nasal Spray Box - Store Brand,Cold & Flu,2,34.86,3.49,15.24,C00103,Dammam,E004,Web,Completed,0,31.37
ORD001315,2024-09-29 12:56:09,P0285,Voltaren Emulgel 50g Bottle - Store Brand - Store Brand - Store Brand,Pain Relief,4,75.52,11.33,39.6,C00240,Riyadh,E083,Mobile,Completed,0,64.19
ORD001316,2024-09-28 05:46:34,P0255,Clobetasol Cream 0.05% 30g Pack - Store Brand - Store Brand - Store Brand,Dermatology,5,277.4,41.61,67.65,C00166,Khobar,E108,Web,Completed,0,235.79
ORD001317,2025-02-06 05:30:59,P0031,Omega-3 Fish Oil Pack,Vitamins,1,94.29,14.14,42.27,C00245,Dammam,E081,Mobile,Completed,1,80.15
ORD001318,2024-10-12 01:49:02,P0209,Omega-3 Fish Oil Pack - Store Brand - Store Brand,Vitamins,3,148.2,14.82,75.72,C01082,Riyadh,E103,Mobile,Completed,0,133.38
ORD001319,2024-09-21 06:28:53,P0087,Symbicort Inhaler Box,Respiratory,1,381.91,38.19,198.7,C00925,Riyadh,E010,Retail,Completed,0,343.72
ORD001320,2025-05-15 01:25:45,P0039,Neutrogena Hydro Boost Box,Skincare,2,253.9,0.0,86.42,C01183,Jeddah,E118,Mobile,Completed,1,253.9
ORD001321,2025-05-12 19:04:48,P0254,Imodium 2mg Box - Store Brand - Store Brand - Store Brand,Gastrointestinal,1,11.74,0.59,4.76,C00376,Riyadh,E093,Web,Completed,0,11.15
ORD001322,2025-03-19 08:48:57,P0187,Omega-3 Fish Oil Pack - Store Brand,Vitamins,1,67.67,0.0,34.52,C00042,Medina,E059,Mobile,Completed,1,67.67
ORD001323,2024-05-12 04:33:21,P0167,Pampers Baby Dry Pack - Store Brand,Baby Care,5,411.15,20.56,168.5,C00532,Jeddah,E003,Mobile,Completed,0,390.59
ORD001324,2024-12-17 23:02:22,P0375,Otrivin Nasal Spray Pack - Store Brand,Cold & Flu,2,36.08,1.8,17.86,C01102,Khobar,E009,Mobile,Completed,0,34.28
ORD001325,2025-06-08 12:13:31,P0099,Voltaren Emulgel 50g Bottle - Store Brand,Pain Relief,1,37.67,0.0,11.97,C00089,Dammam,E092,Mobile,Completed,0,37.67
ORD001326,2025-01-24 17:48:33,P0029,Redoxon Vitamin C 1000mg Bottle,Vitamins,1,34.61,5.19,11.43,C00626,Medina,E040,Mobile,Completed,0,29.42
ORD001327,2024-09-19 14:33:42,P0078,Duphaston 10mg Box,Women's Health,2,164.3,24.64,66.36,C00748,Dammam,E019,Mobile,Cancelled,0,139.66
ORD001328,2024-03-28 05:32:58,P0118,Mometasone Furoate 0.1% 15g Pack - Store Brand,Dermatology,5,329.55,0.0,182.55,C00870,Riyadh,E092,Mobile,Completed,0,329.55
ORD001329,2025-07-12 18:15:00,P0047,Savlon Antiseptic 100ml Bottle,First Aid,1,18.22,2.73,8.28,C00529,Mecca,E094,Web,Completed,0,15.49
ORD001330,2024-08-10 17:46:15,P0162,Johnson's Baby Oil 200ml Bottle - Store Brand,Baby Care,1,25.99,3.9,10.85,C00917,Riyadh,E094,Web,Completed,1,22.09
ORD001331,2025-06-11 19:26:14,P0091,Multivitamin Gummies Kids Pack,Vitamins,3,183.0,27.45,73.71,C00032,Jeddah,E104,Web,Completed,0,155.55
ORD001332,2024-12-14 14:44:13,P0279,Cetaphil Gentle Cleanser Box - Store Brand - Store Brand,Skincare,1,46.89,4.69,13.22,C00121,Jeddah,E046,Web,Completed,0,42.2
ORD001333,2025-04-15 01:59:32,P0298,Aspirin 100mg Bottle - Store Brand - Store Brand,Pain Relief,1,3.86,0.39,1.46,C00019,Riyadh,E052,Web,Completed,0,3.47
ORD001334,2024-12-11 20:05:27,P0321,Gaviscon 200ml Bottle - Store Brand - Store Brand,Gastrointestinal,2,64.0,0.0,17.94,C00439,Medina,E068,Web,Completed,0,64.0
ORD001335,2025-05-29 16:52:26,P0352,Earol Ear Drops Pack - Store Brand - Store Brand - Store Brand - Store Brand,Ear Care,1,4.63,0.46,2.84,C00729,Khobar,E013,Web,Returned,0,4.17
ORD001336,2024-03-26 14:08:09,P0176,Clobetasol Cream 0.05% 30g Pack - Store Brand - Store Brand,Dermatology,1,67.66,6.77,17.3,C00462,Mecca,E004,Mobile,Completed,0,60.89
ORD001337,2024-05-15 20:45:25,P0377,Duphaston 10mg Pack - Store Brand - Store Brand,Women's Health,5,206.25,10.31,70.9,C00162,Dammam,E082,Mobile,Completed,0,195.94
ORD001338,2024-12-16 03:08:11,P0006,Panadol Advance Box,Pain Relief,1,16.39,0.82,7.6,C00868,Dammam,E077,Web,Completed,1,15.57
ORD001339,2024-08-07 19:56:20,P0129,Pampers Baby Dry Bottle - Store Brand,Baby Care,2,233.44,35.02,91.74,C00127,Jeddah,E004,Mobile,Returned,0,198.42
ORD001340,2024-11-20 01:06:40,P0179,Symbicort Inhaler Bottle - Store Brand - Store Brand - Store Brand,Respiratory,5,638.9,0.0,330.3,C00722,Dammam,E045,Mobile,Completed,0,638.9
ORD001341,2024-06-08 10:11:34,P0016,Vicks VapoRub 50g Pack,Cold & Flu,2,35.22,1.76,12.6,C00578,Dammam,E079,Retail,Returned,1,33.46
ORD001342,2025-03-05 21:22:20,P0143,Mometasone Furoate 0.1% 15g Pack - Store Brand - Store Brand,Dermatology,5,266.35,0.0,139.15,C01058,Khobar,E044,Web,Completed,1,266.35
ORD001343,2024-08-16 06:09:48,P0200,Imodium 2mg Box - Store Brand - Store Brand,Gastrointestinal,3,51.09,0.0,23.52,C00404,Dammam,E046,Web,Cancelled,1,51.09
ORD001344,2025-08-17 08:12:07,P0032,Omega-3 Fish Oil Bottle,Vitamins,3,231.66,0.0,119.91,C00999,Medina,E109,Mobile,Completed,0,231.66
ORD001345,2025-05-06 13:31:52,P0092,Multivitamin Gummies Kids Bottle,Vitamins,2,123.08,18.46,43.1,C00598,Medina,E097,Mobile,Completed,0,104.62
ORD001346,2024-07-06 04:41:51,P0136,Panadol Advance Box - Store Brand,Pain Relief,2,22.44,1.12,12.14,C00043,Riyadh,E038,Retail,Completed,1,21.32
ORD001347,2025-01-09 20:17:07,P0325,Panadol Extra Pack - Store Brand - Store Brand - Store Brand,Pain Relief,1,4.52,0.0,2.61,C00060,Jeddah,E063,Web,Completed,1,4.52
ORD001348,2024-11-15 13:35:32,P0165,Otrivin Nasal Spray Box - Store Brand - Store Brand,Cold & Flu,2,25.32,2.53,9.58,C01035,Medina,E099,Mobile,Completed,0,22.79
ORD001349,2024-08-16 01:17:34,P0023,Otrivin Nasal Spray Bottle,Cold & Flu,5,116.25,11.62,54.85,C01198,Jeddah,E115,Mobile,Completed,0,104.63
ORD001350,2025-08-02 19:05:40,P0309,Panadol Extra Pack - Store Brand - Store Brand,Pain Relief,1,6.97,0.0,3.34,C00705,Dammam,E069,Web,Returned,1,6.97
ORD001351,2024-08-16 04:16:39,P0257,Refresh Tears Eye Drops Pack - Store Brand,Eye Care,1,34.94,0.0,12.62,C00063,Dammam,E106,Mobile,Completed,0,34.94
ORD001352,2025-04-22 02:57:11,P0031,Omega-3 Fish Oil Pack,Vitamins,1,94.29,0.0,42.27,C00195,Mecca,E117,Web,Completed,0,94.29
ORD001353,2024-09-11 01:33:32,P0134,Symbicort Inhaler Pack - Store Brand,Respiratory,3,903.36,0.0,332.76,C00262,Medina,E092,Web,Completed,0,903.36
ORD001354,2024-04-27 02:28:07,P0246,Omega-3 Fish Oil Pack - Store Brand - Store Brand - Store Brand,Vitamins,5,169.35,8.47,79.3,C01195,Riyadh,E116,Mobile,Returned,0,160.88
ORD001355,2024-09-25 16:23:37,P0210,Voltaren Emulgel 50g Bottle - Store Brand - Store Brand,Pain Relief,3,90.36,9.04,39.45,C00296,Dammam,E023,Retail,Completed,0,81.32
ORD001356,2025-01-29 04:18:07,P0123,Imodium 2mg Box - Store Brand - Store Brand,Gastrointestinal,1,16.26,0.81,6.66,C00515,Mecca,E077,Web,Completed,1,15.45
ORD001357,2025-09-02 10:44:36,P0322,Pampers Baby Dry Bottle - Store Brand - Store Brand,Baby Care,2,151.92,15.19,74.98,C01045,Medina,E027,Retail,Completed,0,136.73
ORD001358,2025-02-03 19:21:08,P0373,Femibion Prenatal Pack - Store Brand - Store Brand,Vitamins,3,262.74,39.41,111.09,C00201,Medina,E106,Web,Completed,0,223.33
ORD001359,2025-04-06 04:15:47,P0232,Clobetasol Cream 0.05% 30g Box - Store Brand,Dermatology,1,86.45,0.0,32.72,C00438,Riyadh,E081,Mobile,Completed,1,86.45
ORD001360,2024-07-01 01:53:56,P0175,Band-Aid Assorted Box - Store Brand - Store Brand,First Aid,3,23.04,1.15,10.53,C00832,Medina,E010,Mobile,Completed,1,21.89
ORD001361,2024-05-13 14:54:13,P0105,Pampers Baby Dry Pack - Store Brand,Baby Care,1,75.01,7.5,42.36,C00736,Khobar,E022,Retail,Completed,1,67.51
ORD001362,2024-10-30 04:25:52,P0215,Panadol Advance Box - Store Brand,Pain Relief,2,24.5,2.45,9.76,C00283,Khobar,E110,Mobile,Completed,0,22.05
ORD001363,2025-01-23 16:50:02,P0159,Panadol Extra Box - Store Brand,Pain Relief,4,38.12,1.91,10.84,C01158,Khobar,E012,Mobile,Completed,0,36.21
ORD001364,2025-04-29 11:40:21,P0105,Pampers Baby Dry Pack - Store Brand,Baby Care,5,375.05,56.26,211.8,C00050,Khobar,E062,Web,Completed,1,318.79
ORD001365,2024-08-13 06:10:24,P0387,Aspirin 100mg Pack - Store Brand - Store Brand - Store Brand,Pain Relief,1,2.82,0.0,1.02,C00831,Jeddah,E031,Web,Completed,0,2.82
ORD001366,2025-03-01 07:10:09,P0066,Gaviscon 200ml Box,Gastrointestinal,2,107.52,0.0,34.22,C00891,Khobar,E085,Retail,Completed,0,107.52
ORD001367,2024-09-02 09:58:22,P0268,Duphaston 10mg Pack - Store Brand - Store Brand - Store Brand,Women's Health,3,76.14,0.0,34.68,C00279,Mecca,E073,Web,Completed,0,76.14
ORD001368,2024-08-06 07:20:45,P0309,Panadol Extra Pack - Store Brand - Store Brand,Pain Relief,1,6.97,0.35,3.34,C00489,Medina,E116,Mobile,Completed,0,6.62
ORD001369,2024-11-04 14:53:55,P0322,Pampers Baby Dry Bottle - Store Brand - Store Brand,Baby Care,2,151.92,7.6,74.98,C00674,Jeddah,E024,Mobile,Completed,1,144.32
ORD001370,2024-04-11 15:03:16,P0262,Otrivin Nasal Spray Box - Store Brand - Store Brand - Store Brand,Cold & Flu,4,40.24,0.0,15.64,C00216,Khobar,E108,Web,Completed,0,40.24
ORD001371,2024-07-12 07:44:11,P0129,Pampers Baby Dry Bottle - Store Brand,Baby Care,2,233.44,23.34,91.74,C00932,Medina,E008,Web,Completed,0,210.1
ORD001372,2025-07-16 10:31:51,P0325,Panadol Extra Pack - Store Brand - Store Brand - Store Brand,Pain Relief,3,13.56,1.36,7.83,C00676,Medina,E048,Web,Completed,0,12.2
ORD001373,2024-03-27 13:15:43,P0124,Voltaren Emulgel 50g Bottle - Store Brand - Store Brand,Pain Relief,1,22.1,0.0,12.01,C00650,Dammam,E105,Web,Completed,0,22.1
ORD001374,2025-07-23 23:21:32,P0285,Voltaren Emulgel 50g Bottle - Store Brand - Store Brand - Store Brand,Pain Relief,1,18.88,0.0,9.9,C00051,Jeddah,E003,Mobile,Completed,1,18.88
ORD001375,2024-10-28 08:50:29,P0334,Earol Ear Drops Pack - Store Brand - Store Brand - Store Brand - Store Brand,Ear Care,3,13.5,2.02,9.63,C00797,Mecca,E058,Retail,Completed,1,11.48
ORD001376,2025-07-11 19:05:53,P0169,Ventolin Inhaler Box - Store Brand,Respiratory,1,190.89,28.63,68.46,C00760,Riyadh,E062,Retail,Completed,0,162.26
ORD001377,2024-09-12 19:55:30,P0183,Band-Aid Assorted Box - Store Brand - Store Brand - Store Brand,First Aid,1,6.34,0.32,2.68,C00940,Medina,E050,Retail,Completed,0,6.02
ORD001378,2024-04-08 05:32:39,P0046,Savlon Antiseptic 100ml Pack,First Aid,2,41.7,4.17,16.64,C00394,Dammam,E019,Web,Completed,0,37.53
ORD001379,2025-01-29 09:22:35,P0352,Earol Ear Drops Pack - Store Brand - Store Brand - Store Brand - Store Brand,Ear Care,1,4.63,0.46,2.84,C00035,Medina,E027,Retail,Completed,1,4.17
ORD001380,2025-03-15 17:06:36,P0172,Imodium 2mg Pack - Store Brand - Store Brand,Gastrointestinal,3,52.08,7.81,15.78,C00523,Mecca,E050,Web,Completed,1,44.27
ORD001381,2024-07-04 08:41:07,P0081,Femibion Prenatal Box,Vitamins,3,477.9,23.9,227.61,C00538,Khobar,E032,Web,Completed,0,454.0
ORD001382,2025-08-17 01:58:30,P0295,Otrivin Nasal Spray Bottle - Store Brand - Store Brand,Cold & Flu,3,33.72,3.37,17.52,C01083,Medina,E116,Web,Completed,1,30.35
ORD001383,2025-01-08 02:20:11,P0309,Panadol Extra Pack - Store Brand - Store Brand,Pain Relief,2,13.94,0.7,6.68,C00790,Riyadh,E051,Web,Completed,1,13.24
ORD001384,2024-11-11 05:37:25,P0249,Duphaston 10mg Pack - Store Brand - Store Brand,Women's Health,4,159.8,23.97,54.88,C01145,Riyadh,E007,Web,Completed,0,135.83
ORD001385,2025-08-17 08:02:33,P0365,Otrivin Nasal Spray Box - Store Brand,Cold & Flu,1,18.99,2.85,7.08,C00713,Jeddah,E024,Retail,Completed,0,16.14
ORD001386,2025-01-16 18:15:46,P0217,Femibion Prenatal Box - Store Brand - Store Brand,Vitamins,2,195.74,9.79,65.48,C01066,Medina,E035,Retail,Completed,0,185.95
ORD001387,2025-08-03 00:47:36,P0329,Mometasone Furoate 0.1% 15g Pack - Store Brand - Store Brand - Store Brand,Dermatology,2,78.74,3.94,35.2,C01112,Jeddah,E020,Web,Completed,0,74.8
ORD001388,2025-04-04 23:42:49,P0344,Redoxon Vitamin C 1000mg Pack - Store Brand - Store Brand - Store Brand - Store Brand,Vitamins,1,7.58,0.0,2.24,C00943,Mecca,E087,Web,Completed,0,7.58
ORD001389,2024-03-29 16:50:38,P0254,Imodium 2mg Box - Store Brand - Store Brand - Store Brand,Gastrointestinal,5,58.7,0.0,23.8,C00017,Medina,E043,Retail,Completed,0,58.7
ORD001390,2024-08-27 15:34:26,P0369,Vicks VapoRub 50g Pack - Store Brand,Cold & Flu,3,37.95,1.9,13.86,C00232,Riyadh,E040,Mobile,Completed,0,36.05
ORD001391,2025-06-19 03:31:00,P0031,Omega-3 Fish Oil Pack,Vitamins,4,377.16,56.57,169.08,C01172,Medina,E061,Web,Completed,0,320.59
ORD001392,2024-06-09 19:20:08,P0234,Earol Ear Drops Pack - Store Brand - Store Brand,Ear Care,4,30.16,1.51,21.72,C01069,Jeddah,E116,Retail,Completed,0,28.65
ORD001393,2025-05-10 10:08:08,P0069,Imodium 2mg Box,Gastrointestinal,4,125.92,18.89,44.68,C01005,Riyadh,E021,Mobile,Completed,0,107.03
ORD001394,2025-09-09 21:06:13,P0346,Refresh Tears Eye Drops Bottle - Store Brand,Eye Care,4,125.44,6.27,44.88,C00515,Mecca,E015,Mobile,Completed,1,119.17
ORD001395,2024-06-06 08:44:38,P0019,NeoCitran Hot Drink Pack,Cold & Flu,3,77.13,3.86,30.6,C00443,Riyadh,E113,Web,Completed,0,73.27
ORD001396,2024-04-07 11:13:11,P0190,Band-Aid Assorted Box - Store Brand - Store Brand - Store Brand,First Aid,2,10.68,1.07,4.74,C00755,Dammam,E120,Web,Completed,1,9.61
ORD001397,2024-04-07 09:24:11,P0252,Earol Ear Drops Pack - Store Brand - Store Brand - Store Brand,Ear Care,5,28.2,2.82,21.75,C00931,Medina,E114,Web,Completed,0,25.38
ORD001398,2024-05-15 11:27:02,P0223,Clobetasol Cream 0.05% 30g Pack - Store Brand - Store Brand - Store Brand,Dermatology,1,51.26,5.13,11.68,C00051,Jeddah,E087,Web,Completed,0,46.13
ORD001399,2025-07-28 14:01:02,P0020,NeoCitran Hot Drink Bottle,Cold & Flu,1,20.19,0.0,10.78,C00768,Jeddah,E046,Mobile,Completed,0,20.19
ORD001400,2025-07-18 23:35:58,P0399,Earol Ear Drops Pack - Store Brand - Store Brand - Store Brand - Store Brand - Store Brand,Ear Care,4,15.32,2.3,5.76,C00170,Jeddah,E022,Web,Completed,0,13.02
ORD001401,2025-05-01 04:47:46,P0018,Vicks VapoRub 50g Box,Cold & Flu,4,59.72,0.0,23.16,C00161,Medina,E063,Web,Completed,0,59.72
ORD001402,2024-11-16 03:21:34,P0304,Imodium 2mg Bottle - Store Brand,Gastrointestinal,1,25.39,3.81,8.99,C00218,Medina,E044,Web,Completed,1,21.58
ORD001403,2025-08-17 03:33:04,P0275,Clobetasol Cream 0.05% 30g Pack - Store Brand - Store Brand - Store Brand,Dermatology,1,55.03,0.0,12.21,C00156,Dammam,E017,Retail,Returned,0,55.03
ORD001404,2025-06-11 12:54:27,P0101,Cetaphil Gentle Cleanser Pack - Store Brand,Skincare,1,49.93,7.49,21.12,C00920,Jeddah,E026,Retail,Completed,0,42.44
ORD001405,2025-08-26 20:26:41,P0086,Symbicort Inhaler Bottle,Respiratory,1,455.32,68.3,175.53,C00858,Jeddah,E043,Web,Completed,1,387.02
ORD001406,2025-02-02 05:54:49,P0108,Duphaston 10mg Pack - Store Brand,Women's Health,3,157.23,7.86,51.51,C00441,Mecca,E045,Mobile,Completed,1,149.37
ORD001407,2024-10-27 17:25:09,P0399,Earol Ear Drops Pack - Store Brand - Store Brand - Store Brand - Store Brand - Store Brand,Ear Care,1,3.83,0.57,1.44,C01012,Mecca,E118,Mobile,Completed,0,3.26
ORD001408,2025-04-22 03:48:17,P0133,Otrivin Nasal Spray Box - Store Brand - Store Brand,Cold & Flu,4,42.52,0.0,25.08,C00642,Dammam,E104,Web,Completed,0,42.52
ORD001409,2024-05-19 18:26:14,P0120,Refresh Tears Eye Drops Box - Store Brand - Store Brand - Store Brand,Eye Care,1,16.7,0.0,8.27,C00790,Riyadh,E020,Mobile,Completed,0,16.7
ORD001410,2024-05-20 13:01:16,P0369,Vicks VapoRub 50g Pack - Store Brand,Cold & Flu,1,12.65,0.0,4.62,C01010,Mecca,E095,Mobile,Completed,0,12.65
ORD001411,2024-07-22 07:50:36,P0183,Band-Aid Assorted Box - Store Brand - Store Brand - Store Brand,First Aid,2,12.68,1.9,5.36,C01022,Khobar,E081,Retail,Completed,0,10.78
ORD001412,2025-07-11 18:17:26,P0187,Omega-3 Fish Oil Pack - Store Brand,Vitamins,1,67.67,3.38,34.52,C00365,Khobar,E026,Retail,Returned,0,64.29
ORD001413,2024-06-02 04:43:56,P0250,Redoxon Vitamin C 1000mg Bottle - Store Brand,Vitamins,3,65.73,0.0,26.79,C00382,Jeddah,E001,Web,Completed,0,65.73
ORD001414,2024-04-30 19:17:24,P0283,Mometasone Furoate 0.1% 15g Pack - Store Brand,Dermatology,3,195.12,29.27,91.11,C00899,Jeddah,E042,Mobile,Completed,0,165.85
ORD001415,2025-04-11 16:18:58,P0279,Cetaphil Gentle Cleanser Box - Store Brand - Store Brand,Skincare,2,93.78,4.69,26.44,C00294,Jeddah,E061,Web,Completed,0,89.09
ORD001416,2025-03-01 16:21:01,P0100,Band-Aid Assorted Box - Store Brand,First Aid,1,9.8,0.0,4.7,C01079,Dammam,E011,Web,Completed,0,9.8
ORD001417,2025-05-17 22:49:52,P0397,Omega-3 Fish Oil Pack - Store Brand - Store Brand - Store Brand - Store Brand - Store Brand,Vitamins,2,37.16,1.86,15.94,C00455,Mecca,E090,Web,Completed,0,35.3
ORD001418,2024-08-15 06:04:35,P0248,Voltaren Emulgel 50g Bottle - Store Brand - Store Brand,Pain Relief,4,116.4,5.82,34.44,C00124,Riyadh,E021,Web,Completed,0,110.58
ORD001419,2025-07-03 05:01:36,P0139,Duphaston 10mg Bottle - Store Brand,Women's Health,2,132.08,13.21,49.44,C00515,Mecca,E028,Web,Completed,0,118.87
ORD001420,2025-05-09 01:25:57,P0237,Clobetasol Cream 0.05% 30g Box - Store Brand - Store Brand,Dermatology,1,57.4,5.74,21.52,C00575,Mecca,E037,Mobile,Completed,0,51.66
ORD001421,2025-04-10 14:38:27,P0262,Otrivin Nasal Spray Box - Store Brand - Store Brand - Store Brand,Cold & Flu,1,10.06,0.0,3.91,C00506,Medina,E080,Mobile,Completed,1,10.06
ORD001422,2024-04-01 06:55:28,P0286,Femibion Prenatal Box - Store Brand - Store Brand,Vitamins,5,376.45,0.0,200.45,C00890,Dammam,E041,Mobile,Completed,0,376.45
ORD001423,2025-09-02 23:30:52,P0046,Savlon Antiseptic 100ml Pack,First Aid,2,41.7,0.0,16.64,C01183,Jeddah,E073,Web,Completed,1,41.7
ORD001424,2024-12-26 02:56:57,P0276,Earol Ear Drops Pack - Store Brand - Store Brand - Store Brand,Ear Care,3,18.96,2.84,11.25,C00708,Medina,E048,Web,Completed,0,16.12
ORD001425,2025-05-20 23:52:35,P0176,Clobetasol Cream 0.05% 30g Pack - Store Brand - Store Brand,Dermatology,5,338.3,16.92,86.5,C00836,Riyadh,E030,Mobile,Completed,0,321.38
ORD001426,2025-02-04 05:12:48,P0214,Omega-3 Fish Oil Pack - Store Brand - Store Brand,Vitamins,2,114.52,17.18,45.06,C00912,Jeddah,E042,Retail,Completed,1,97.34
ORD001427,2025-03-18 01:49:23,P0312,Femibion Prenatal Bottle - Store Brand - Store Brand,Vitamins,4,389.68,58.45,117.12,C01085,Mecca,E058,Web,Completed,1,331.23
ORD001428,2025-02-11 21:06:21,P0036,Cetaphil Gentle Cleanser Box,Skincare,5,392.9,19.64,148.9,C01037,Dammam,E101,Web,Cancelled,0,373.26
ORD001429,2025-01-27 04:56:38,P0012,Voltaren Emulgel 50g Box,Pain Relief,1,49.02,7.35,20.53,C00578,Dammam,E102,Mobile,Completed,0,41.67
ORD001430,2025-06-26 12:23:52,P0255,Clobetasol Cream 0.05% 30g Pack - Store Brand - Store Brand - Store Brand,Dermatology,5,277.4,13.87,67.65,C00586,Jeddah,E013,Web,Completed,0,263.53
ORD001431,2024-12-09 23:15:34,P0127,Pampers Baby Dry Box - Store Brand,Baby Care,1,99.29,14.89,40.62,C00268,Riyadh,E051,Web,Completed,0,84.4
ORD001432,2024-09-15 20:36:58,P0259,NeoCitran Hot Drink Pack - Store Brand - Store Brand,Cold & Flu,1,13.68,2.05,6.18,C00914,Riyadh,E056,Web,Completed,1,11.63
ORD001433,2025-08-22 02:27:30,P0326,Band-Aid Assorted Box - Store Brand - Store Brand,First Aid,1,6.6,0.0,3.03,C00620,Riyadh,E009,Retail,Completed,0,6.6
ORD001434,2024-07-10 20:35:07,P0086,Symbicort Inhaler Bottle,Respiratory,1,455.32,68.3,175.53,C00889,Riyadh,E103,Web,Completed,0,387.02
ORD001435,2025-07-26 11:25:18,P0142,Pampers Baby Dry Pack - Store Brand - Store Brand,Baby Care,1,58.9,5.89,33.46,C01030,Mecca,E088,Mobile,Completed,0,53.01
ORD001436,2025-05-08 08:23:31,P0223,Clobetasol Cream 0.05% 30g Pack - Store Brand - Store Brand - Store Brand,Dermatology,1,51.26,5.13,11.68,C01099,Jeddah,E104,Mobile,Completed,1,46.13
ORD001437,2024-05-10 23:58:59,P0121,Aspirin 100mg Pack - Store Brand - Store Brand,Pain Relief,1,4.51,0.45,1.35,C00722,Dammam,E054,Web,Returned,0,4.06
ORD001438,2024-11-20 17:21:38,P0333,Gaviscon 200ml Bottle - Store Brand - Store Brand - Store Brand,Gastrointestinal,2,48.24,7.24,13.74,C00624,Mecca,E101,Web,Completed,0,41.0
ORD001439,2024-08-20 22:42:44,P0122,Band-Aid Assorted Bottle - Store Brand,First Aid,4,33.6,3.36,16.8,C00622,Riyadh,E101,Mobile,Returned,0,30.24
ORD001440,2025-06-26 10:29:21,P0154,Imodium 2mg Pack - Store Brand,Gastrointestinal,2,49.54,2.48,15.46,C00381,Medina,E063,Mobile,Completed,0,47.06
ORD001441,2025-04-23 20:14:29,P0372,Aspirin 100mg Bottle - Store Brand - Store Brand - Store Brand,Pain Relief,4,12.28,1.84,5.24,C00614,Khobar,E097,Web,Completed,1,10.44
ORD001442,2025-03-17 08:24:03,P0052,Clobetasol Cream 0.05% 30g Pack,Dermatology,2,208.0,20.8,76.18,C00027,Khobar,E009,Web,Completed,0,187.2
ORD001443,2024-07-12 02:30:54,P0166,Mometasone Furoate 0.1% 15g Pack - Store Brand - Store Brand,Dermatology,1,48.98,0.0,28.58,C00766,Riyadh,E061,Web,Completed,0,48.98
ORD001444,2024-12-24 14:42:54,P0331,Omega-3 Fish Oil Pack - Store Brand - Store Brand - Store Brand - Store Brand,Vitamins,4,98.88,14.83,39.32,C00007,Jeddah,E072,Web,Completed,0,84.05
ORD001445,2025-04-03 10:40:05,P0157,Mometasone Furoate 0.1% 15g Box - Store Brand,Dermatology,5,463.65,23.18,158.8,C00796,Dammam,E106,Mobile,Completed,0,440.47
ORD001446,2024-11-07 13:59:46,P0376,Earol Ear Drops Pack - Store Brand - Store Brand - Store Brand - Store Brand,Ear Care,3,13.98,0.7,6.99,C01046,Medina,E068,Mobile,Completed,1,13.28
ORD001447,2025-02-14 12:22:40,P0263,Nivea Body Lotion 400ml Bottle - Store Brand - Store Brand,Personal Care,3,45.39,0.0,29.88,C00406,Khobar,E039,Web,Completed,0,45.39
ORD001448,2024-04-14 08:30:53,P0311,Pampers Baby Dry Box - Store Brand,Baby Care,3,231.36,34.7,89.64,C00918,Jeddah,E011,Web,Completed,0,196.66
ORD001449,2025-03-04 22:03:42,P0170,Pampers Baby Dry Pack - Store Brand - Store Brand,Baby Care,2,110.96,5.55,42.96,C00921,Mecca,E077,Web,Completed,0,105.41
ORD001450,2025-03-12 02:38:45,P0241,Imodium 2mg Box - Store Brand - Store Brand,Gastrointestinal,1,19.07,2.86,5.81,C00997,Riyadh,E037,Web,Completed,0,16.21
ORD001451,2024-06-27 05:11:24,P0241,Imodium 2mg Box - Store Brand - Store Brand,Gastrointestinal,1,19.07,1.91,5.81,C00836,Riyadh,E071,Web,Completed,1,17.16
ORD001452,2025-05-24 06:21:39,P0342,Gaviscon 200ml Bottle - Store Brand - Store Brand - Store Brand - Store Brand,Gastrointestinal,1,14.53,2.18,5.27,C00123,Khobar,E083,Web,Completed,0,12.35
ORD001453,2025-08-04 21:12:45,P0256,Imodium 2mg Box - Store Brand - Store Brand - Store Brand - Store Brand,Gastrointestinal,1,7.17,0.0,4.76,C00296,Dammam,E114,Mobile,Completed,0,7.17
ORD001454,2025-04-12 17:58:16,P0316,Clobetasol Cream 0.05% 30g Bottle - Store Brand,Dermatology,1,85.29,0.0,34.08,C00110,Dammam,E018,Web,Completed,0,85.29
ORD001455,2024-06-02 07:37:53,P0172,Imodium 2mg Pack - Store Brand - Store Brand,Gastrointestinal,3,52.08,5.21,15.78,C01178,Medina,E044,Web,Completed,0,46.87
ORD001456,2025-04-09 11:17:15,P0024,Otrivin Nasal Spray Box,Cold & Flu,2,49.0,0.0,22.9,C00843,Khobar,E068,Web,Completed,0,49.0
ORD001457,2025-05-22 16:31:34,P0238,Duphaston 10mg Pack - Store Brand,Women's Health,4,212.56,10.63,68.4,C00716,Medina,E058,Web,Completed,0,201.93
ORD001458,2024-09-15 14:13:10,P0237,Clobetasol Cream 0.05% 30g Box - Store Brand - Store Brand,Dermatology,1,57.4,0.0,21.52,C00100,Medina,E007,Mobile,Completed,1,57.4
ORD001459,2024-04-24 21:32:42,P0066,Gaviscon 200ml Box,Gastrointestinal,1,53.76,2.69,17.11,C00777,Khobar,E020,Retail,Completed,0,51.07
ORD001460,2024-11-28 19:28:37,P0233,Earol Ear Drops Pack - Store Brand,Ear Care,1,12.02,1.8,7.3,C00559,Medina,E003,Mobile,Completed,0,10.22
ORD001461,2025-08-25 02:16:51,P0107,Refresh Tears Eye Drops Box - Store Brand - Store Brand,Eye Care,3,66.9,10.04,36.51,C00873,Jeddah,E071,Web,Completed,0,56.86
ORD001462,2024-09-01 04:14:40,P0295,Otrivin Nasal Spray Bottle - Store Brand - Store Brand,Cold & Flu,1,11.24,1.69,5.84,C00104,Jeddah,E001,Web,Completed,0,9.55
ORD001463,2025-04-22 10:27:59,P0169,Ventolin Inhaler Box - Store Brand,Respiratory,4,763.56,38.18,273.84,C00741,Khobar,E051,Web,Completed,0,725.38
ORD001464,2024-10-15 07:15:42,P0337,NeoCitran Hot Drink Pack - Store Brand - Store Brand - Store Brand,Cold & Flu,2,17.5,2.62,9.1,C00854,Riyadh,E021,Mobile,Completed,0,14.88
ORD001465,2024-12-07 18:30:51,P0321,Gaviscon 200ml Bottle - Store Brand - Store Brand,Gastrointestinal,1,32.0,3.2,8.97,C00320,Dammam,E051,Web,Completed,0,28.8
ORD001466,2025-03-04 00:46:47,P0143,Mometasone Furoate 0.1% 15g Pack - Store Brand - Store Brand,Dermatology,2,106.54,15.98,55.66,C00824,Riyadh,E027,Web,Completed,0,90.56
ORD001467,2024-08-29 15:35:47,P0190,Band-Aid Assorted Box - Store Brand - Store Brand - Store Brand,First Aid,1,5.34,0.53,2.37,C00116,Dammam,E107,Mobile,Completed,0,4.81
ORD001468,2024-12-28 07:37:33,P0147,Clobetasol Cream 0.05% 30g Pack - Store Brand,Dermatology,2,168.32,8.42,50.46,C00543,Dammam,E073,Retail,Completed,0,159.9
ORD001469,2025-04-23 22:49:52,P0324,Aspirin 100mg Pack - Store Brand - Store Brand - Store Brand - Store Brand,Pain Relief,1,2.93,0.0,0.72,C00277,Medina,E028,Mobile,Completed,0,2.93
ORD001470,2025-04-15 00:19:52,P0335,Neutrogena Hydro Boost Bottle - Store Brand,Skincare,5,463.15,69.47,157.45,C00205,Mecca,E093,Web,Cancelled,0,393.68
ORD001471,2025-04-08 20:52:10,P0180,Ventolin Inhaler Box - Store Brand - Store Brand,Respiratory,2,312.72,31.27,88.36,C00848,Medina,E102,Retail,Completed,0,281.45
ORD001472,2024-05-22 07:11:55,P0196,Brufen 400mg Box - Store Brand,Pain Relief,2,25.58,0.0,11.18,C00720,Dammam,E110,Web,Completed,0,25.58
ORD001473,2024-10-21 23:17:25,P0176,Clobetasol Cream 0.05% 30g Pack - Store Brand - Store Brand,Dermatology,5,338.3,33.83,86.5,C00734,Khobar,E057,Web,Completed,0,304.47
ORD001474,2024-06-06 11:47:47,P0130,Symbicort Inhaler Bottle - Store Brand - Store Brand,Respiratory,1,189.29,9.46,102.82,C00610,Jeddah,E083,Web,Completed,0,179.83
ORD001475,2024-05-21 01:50:44,P0097,Femibion Prenatal Box - Store Brand,Vitamins,1,119.48,0.0,49.31,C00445,Dammam,E039,Mobile,Completed,0,119.48
ORD001476,2024-07-11 03:18:05,P0276,Earol Ear Drops Pack - Store Brand - Store Brand - Store Brand,Ear Care,1,6.32,0.32,3.75,C00955,Dammam,E016,Retail,Completed,0,6.0
ORD001477,2025-03-28 01:56:29,P0359,Multivitamin Gummies Kids Bottle - Store Brand,Vitamins,1,49.14,0.0,15.94,C01089,Jeddah,E012,Mobile,Completed,0,49.14
ORD001478,2024-10-18 17:39:31,P0185,Femibion Prenatal Pack - Store Brand,Vitamins,1,107.04,16.06,48.5,C00868,Dammam,E009,Mobile,Completed,0,90.98
ORD001479,2025-01-25 17:54:39,P0032,Omega-3 Fish Oil Bottle,Vitamins,3,231.66,0.0,119.91,C00318,Khobar,E005,Web,Completed,1,231.66
ORD001480,2024-08-05 21:54:40,P0014,Brufen 400mg Bottle,Pain Relief,5,113.45,0.0,40.3,C00888,Jeddah,E085,Web,Completed,0,113.45
ORD001481,2024-10-27 16:04:02,P0063,Earol Ear Drops Box,Ear Care,3,63.78,3.19,28.23,C00947,Dammam,E103,Web,Completed,0,60.59
ORD001482,2024-09-21 08:34:55,P0160,Sensodyne Repair & Protect Box - Store Brand,Oral Care,3,71.34,0.0,22.92,C00246,Khobar,E084,Web,Completed,1,71.34
ORD001483,2025-05-31 02:43:36,P0061,Earol Ear Drops Pack,Ear Care,5,100.05,15.01,47.55,C00097,Medina,E102,Web,Completed,0,85.04
ORD001484,2024-10-31 12:18:50,P0356,Clobetasol Cream 0.05% 30g Pack - Store Brand - Store Brand - Store Brand - Store Brand,Dermatology,1,39.04,3.9,9.75,C00631,Medina,E059,Mobile,Completed,0,35.14
ORD001485,2025-08-16 12:28:00,P0033,Omega-3 Fish Oil Box,Vitamins,4,402.64,20.13,153.96,C00478,Jeddah,E042,Mobile,Completed,0,382.51
ORD001486,2025-06-16 15:10:47,P0252,Earol Ear Drops Pack - Store Brand - Store Brand - Store Brand,Ear Care,2,11.28,1.69,8.7,C00763,Mecca,E045,Mobile,Completed,1,9.59
ORD001487,2025-08-29 19:24:30,P0303,Band-Aid Assorted Box - Store Brand - Store Brand,First Aid,2,14.08,1.41,7.62,C01192,Riyadh,E056,Web,Completed,0,12.67
ORD001488,2024-12-06 11:09:56,P0096,Mometasone Furoate 0.1% 15g Pack - Store Brand,Dermatology,5,330.75,49.61,190.9,C00214,Riyadh,E058,Mobile,Completed,0,281.14
ORD001489,2024-04-25 04:16:21,P0396,Mometasone Furoate 0.1% 15g Box - Store Brand - Store Brand,Dermatology,1,66.93,3.35,19.92,C00769,Riyadh,E077,Web,Completed,0,63.58
ORD001490,2025-06-11 13:39:11,P0385,Otrivin Nasal Spray Box - Store Brand - Store Brand,Cold & Flu,1,13.26,0.66,5.75,C00465,Jeddah,E106,Mobile,Completed,1,12.6
ORD001491,2024-06-17 20:50:29,P0015,Brufen 400mg Box,Pain Relief,5,106.35,0.0,41.8,C00422,Khobar,E067,Web,Completed,0,106.35
ORD001492,2024-09-15 02:46:37,P0122,Band-Aid Assorted Bottle - Store Brand,First Aid,3,25.2,2.52,12.6,C00435,Mecca,E063,Web,Completed,0,22.68
ORD001493,2025-05-22 23:06:36,P0020,NeoCitran Hot Drink Bottle,Cold & Flu,5,100.95,15.14,53.9,C00518,Dammam,E029,Mobile,Completed,0,85.81
ORD001494,2024-09-14 08:44:28,P0107,Refresh Tears Eye Drops Box - Store Brand - Store Brand,Eye Care,2,44.6,6.69,24.34,C00282,Khobar,E020,Mobile,Completed,0,37.91
ORD001495,2024-03-23 10:21:37,P0117,Redoxon Vitamin C 1000mg Pack - Store Brand,Vitamins,4,96.88,0.0,34.92,C00471,Riyadh,E064,Web,Completed,0,96.88
ORD001496,2024-09-26 19:20:54,P0193,Mometasone Furoate 0.1% 15g Pack - Store Brand - Store Brand,Dermatology,3,125.73,12.57,89.34,C00328,Dammam,E106,Web,Completed,0,113.16
ORD001497,2024-04-10 05:25:28,P0232,Clobetasol Cream 0.05% 30g Box - Store Brand,Dermatology,1,86.45,8.65,32.72,C00153,Khobar,E016,Web,Completed,0,77.8
ORD001498,2024-05-14 00:37:33,P0338,Aspirin 100mg Bottle - Store Brand - Store Brand - Store Brand,Pain Relief,1,2.28,0.0,0.93,C00246,Khobar,E055,Retail,Completed,0,2.28
ORD001499,2025-06-30 02:35:23,P0146,Aspirin 100mg Bottle - Store Brand,Pain Relief,1,5.27,0.79,2.62,C00878,Mecca,E048,Web,Completed,1,4.48
ORD001500,2025-07-29 08:35:58,P0120,Refresh Tears Eye Drops Box - Store Brand - Store Brand - Store Brand,Eye Care,2,33.4,0.0,16.54,C00196,Mecca,E087,Web,Completed,0,33.4
ORD001501,2024-12-20 23:37:34,P0062,Earol Ear Drops Bottle,Ear Care,1,25.88,3.88,10.47,C00946,Khobar,E111,Mobile,Completed,0,22.0
ORD001502,2025-02-14 06:58:41,P0248,Voltaren Emulgel 50g Bottle - Store Brand - Store Brand,Pain Relief,3,87.3,8.73,25.83,C00593,Dammam,E088,Web,Completed,0,78.57
ORD001503,2025-04-05 13:56:41,P0051,Band-Aid Assorted Box,First Aid,3,40.95,0.0,17.1,C00206,Medina,E061,Web,Completed,0,40.95
ORD001504,2025-07-26 07:30:39,P0299,Mometasone Furoate 0.1% 15g Pack - Store Brand - Store Brand - Store Brand - Store Brand,Dermatology,5,101.8,15.27,102.4,C00581,Dammam,E049,Mobile,Completed,1,86.53
ORD001505,2024-04-18 15:25:55,P0155,Pampers Baby Dry Pack - Store Brand,Baby Care,1,73.97,11.1,32.92,C00093,Khobar,E028,Mobile,Completed,0,62.87
ORD001506,2025-06-26 21:34:03,P0172,Imodium 2mg Pack - Store Brand - Store Brand,Gastrointestinal,4,69.44,0.0,21.04,C00117,Dammam,E120,Mobile,Completed,0,69.44
ORD001507,2025-03-17 17:32:55,P0398,Johnson's Baby Oil 200ml Box - Store Brand,Baby Care,1,30.69,4.6,9.35,C00905,Khobar,E103,Retail,Completed,0,26.09
ORD001508,2024-10-05 15:19:06,P0177,Mometasone Furoate 0.1% 15g Box - Store Brand,Dermatology,2,187.84,28.18,62.72,C00608,Riyadh,E023,Retail,Completed,0,159.66
ORD001509,2024-04-22 21:28:52,P0095,Earol Ear Drops Box - Store Brand,Ear Care,1,13.57,1.36,6.49,C00221,Dammam,E055,Web,Completed,0,12.21
ORD001510,2024-08-24 15:10:16,P0377,Duphaston 10mg Pack - Store Brand - Store Brand,Women's Health,2,82.5,4.12,28.36,C00657,Jeddah,E001,Web,Completed,0,78.38
ORD001511,2025-01-09 13:48:38,P0214,Omega-3 Fish Oil Pack - Store Brand - Store Brand,Vitamins,1,57.26,2.86,22.53,C01175,Mecca,E029,Web,Completed,1,54.4
ORD001512,2024-09-16 15:07:52,P0053,Clobetasol Cream 0.05% 30g Bottle,Dermatology,3,339.33,0.0,132.96,C00276,Jeddah,E013,Web,Completed,0,339.33
ORD001513,2025-02-26 05:58:24,P0360,Otrivin Nasal Spray Bottle - Store Brand - Store Brand - Store Brand,Cold & Flu,2,18.1,2.72,9.66,C00469,Medina,E003,Mobile,Completed,0,15.38
ORD001514,2025-07-29 01:22:27,P0086,Symbicort Inhaler Bottle,Respiratory,2,910.64,136.6,351.06,C00704,Khobar,E061,Web,Completed,1,774.04
ORD001515,2024-05-13 23:04:23,P0329,Mometasone Furoate 0.1% 15g Pack - Store Brand - Store Brand - Store Brand,Dermatology,1,39.37,3.94,17.6,C00121,Jeddah,E113,Retail,Completed,1,35.43
ORD001516,2025-04-20 20:31:48,P0288,Duphaston 10mg Pack - Store Brand - Store Brand,Women's Health,4,133.04,6.65,55.36,C00847,Jeddah,E016,Web,Completed,0,126.39
ORD001517,2025-08-21 05:03:12,P0087,Symbicort Inhaler Box,Respiratory,1,381.91,38.19,198.7,C00410,Jeddah,E072,Web,Completed,0,343.72
ORD001518,2025-06-18 02:45:39,P0375,Otrivin Nasal Spray Pack - Store Brand,Cold & Flu,2,36.08,0.0,17.86,C00788,Riyadh,E030,Web,Completed,1,36.08
ORD001519,2024-03-31 15:54:44,P0247,Otrivin Nasal Spray Box - Store Brand - Store Brand,Cold & Flu,1,14.65,0.0,5.09,C01027,Mecca,E015,Mobile,Completed,0,14.65
ORD001520,2024-11-13 13:59:33,P0012,Voltaren Emulgel 50g Box,Pain Relief,4,196.08,9.8,82.12,C00332,Riyadh,E041,Retail,Completed,0,186.28
ORD001521,2024-08-16 12:15:21,P0054,Clobetasol Cream 0.05% 30g Box,Dermatology,3,335.91,50.39,136.32,C00953,Jeddah,E062,Web,Completed,0,285.52
ORD001522,2024-07-14 10:58:49,P0221,Otrivin Nasal Spray Box - Store Brand - Store Brand - Store Brand,Cold & Flu,3,27.0,1.35,14.25,C01136,Medina,E111,Mobile,Completed,0,25.65
ORD001523,2025-06-05 17:11:13,P0078,Duphaston 10mg Box,Women's Health,1,82.15,12.32,33.18,C00992,Jeddah,E108,Mobile,Returned,0,69.83
ORD001524,2025-02-01 14:56:02,P0277,Redoxon Vitamin C 1000mg Pack - Store Brand,Vitamins,1,24.28,3.64,11.21,C00964,Jeddah,E006,Retail,Completed,0,20.64
ORD001525,2024-08-19 13:40:42,P0032,Omega-3 Fish Oil Bottle,Vitamins,3,231.66,23.17,119.91,C00493,Dammam,E051,Web,Completed,0,208.49
ORD001526,2024-06-29 20:46:59,P0400,Neutrogena Hydro Boost Box - Store Brand,Skincare,2,208.96,31.34,70.2,C00856,Riyadh,E083,Retail,Completed,0,177.62
ORD001527,2025-07-01 05:01:23,P0144,Nivea Body Lotion 400ml Bottle - Store Brand,Personal Care,2,40.52,6.08,24.28,C00752,Riyadh,E099,Web,Completed,1,34.44
ORD001528,2024-05-13 11:48:10,P0154,Imodium 2mg Pack - Store Brand,Gastrointestinal,2,49.54,2.48,15.46,C00072,Medina,E099,Mobile,Completed,1,47.06
ORD001529,2024-10-27 02:21:48,P0203,Ventolin Inhaler Bottle - Store Brand,Respiratory,2,351.64,35.16,144.38,C00571,Medina,E039,Mobile,Completed,0,316.48
ORD001530,2025-03-22 23:02:25,P0136,Panadol Advance Box - Store Brand,Pain Relief,2,22.44,3.37,12.14,C00394,Dammam,E097,Retail,Completed,0,19.07
ORD001531,2025-03-22 12:09:28,P0092,Multivitamin Gummies Kids Bottle,Vitamins,1,61.54,9.23,21.55,C00366,Jeddah,E044,Mobile,Completed,0,52.31
ORD001532,2024-10-04 09:16:49,P0181,Centrum Multivitamins Pack - Store Brand,Vitamins,2,160.24,16.02,57.58,C00627,Khobar,E112,Web,Completed,0,144.22
ORD001533,2024-11-29 18:06:34,P0045,Sensodyne Repair & Protect Box,Oral Care,4,126.8,6.34,50.76,C00835,Mecca,E045,Retail,Completed,0,120.46
ORD001534,2025-04-29 01:20:56,P0393,Nivea Body Lotion 400ml Bottle - Store Brand - Store Brand - Store Brand - Store Brand,Personal Care,3,21.93,2.19,12.9,C00860,Mecca,E034,Mobile,Completed,0,19.74
ORD001535,2025-07-12 03:23:52,P0205,Gaviscon 200ml Pack - Store Brand,Gastrointestinal,4,139.6,6.98,55.56,C00220,Jeddah,E103,Mobile,Completed,0,132.62
ORD001536,2025-05-18 13:19:28,P0066,Gaviscon 200ml Box,Gastrointestinal,2,107.52,5.38,34.22,C00219,Mecca,E103,Web,Completed,0,102.14
ORD001537,2024-11-04 08:28:37,P0241,Imodium 2mg Box - Store Brand - Store Brand,Gastrointestinal,2,38.14,1.91,11.62,C01044,Khobar,E077,Mobile,Completed,0,36.23
ORD001538,2025-08-07 21:06:01,P0265,NeoCitran Hot Drink Pack - Store Brand - Store Brand - Store Brand,Cold & Flu,4,44.44,4.44,20.08,C00733,Dammam,E032,Web,Completed,1,40.0
ORD001539,2025-05-14 09:16:14,P0258,Omega-3 Fish Oil Box - Store Brand,Vitamins,1,66.98,6.7,26.12,C00506,Medina,E078,Web,Completed,1,60.28
ORD001540,2025-05-24 16:43:51,P0066,Gaviscon 200ml Box,Gastrointestinal,5,268.8,0.0,85.55,C00271,Dammam,E009,Web,Returned,1,268.8
ORD001541,2025-03-11 04:35:57,P0231,Nivea Body Lotion 400ml Box - Store Brand,Personal Care,5,125.5,12.55,58.45,C00862,Jeddah,E066,Mobile,Completed,0,112.95
ORD001542,2025-02-18 04:17:23,P0239,Omega-3 Fish Oil Pack - Store Brand - Store Brand - Store Brand,Vitamins,2,63.6,9.54,30.78,C00503,Mecca,E077,Web,Completed,0,54.06
ORD001543,2024-06-23 17:51:36,P0373,Femibion Prenatal Pack - Store Brand - Store Brand,Vitamins,1,87.58,0.0,37.03,C00117,Dammam,E047,Mobile,Cancelled,0,87.58
ORD001544,2024-05-16 13:21:42,P0330,Nivea Body Lotion 400ml Bottle - Store Brand - Store Brand - Store Brand - Store Brand,Personal Care,1,8.29,0.83,4.64,C00633,Khobar,E017,Mobile,Returned,1,7.46
ORD001545,2024-08-29 02:43:32,P0362,Band-Aid Assorted Bottle - Store Brand - Store Brand - Store Brand,First Aid,1,4.42,0.0,1.91,C01184,Khobar,E002,Web,Returned,0,4.42
ORD001546,2024-10-29 16:53:53,P0016,Vicks VapoRub 50g Pack,Cold & Flu,2,35.22,1.76,12.6,C00160,Medina,E029,Mobile,Completed,0,33.46
ORD001547,2025-05-26 04:45:11,P0175,Band-Aid Assorted Box - Store Brand - Store Brand,First Aid,1,7.68,0.38,3.51,C00310,Jeddah,E020,Web,Completed,0,7.3
ORD001548,2024-08-03 10:37:16,P0277,Redoxon Vitamin C 1000mg Pack - Store Brand,Vitamins,4,97.12,14.57,44.84,C00160,Medina,E027,Mobile,Completed,0,82.55
ORD001549,2024-06-01 18:55:28,P0056,Mometasone Furoate 0.1% 15g Bottle,Dermatology,2,209.58,20.96,87.3,C00127,Jeddah,E104,Web,Completed,1,188.62
ORD001550,2024-09-10 14:29:32,P0252,Earol Ear Drops Pack - Store Brand - Store Brand - Store Brand,Ear Care,1,5.64,0.28,4.35,C00015,Medina,E115,Web,Completed,0,5.36
ORD001551,2024-03-25 10:18:38,P0370,Johnson's Baby Oil 200ml Pack - Store Brand,Baby Care,1,30.82,3.08,12.47,C00654,Jeddah,E056,Mobile,Completed,1,27.74
ORD001552,2025-03-04 12:22:13,P0225,Sensodyne Repair & Protect Box - Store Brand - Store Brand,Oral Care,1,17.87,0.0,4.85,C00221,Dammam,E109,Web,Completed,1,17.87
ORD001553,2024-07-17 18:38:15,P0374,Johnson's Baby Oil 200ml Box - Store Brand - Store Brand,Baby Care,3,73.77,11.07,21.57,C01108,Medina,E109,Mobile,Completed,0,62.7
ORD001554,2024-08-29 07:07:31,P0159,Panadol Extra Box - Store Brand,Pain Relief,4,38.12,5.72,10.84,C01074,Jeddah,E056,Mobile,Completed,0,32.4
ORD001555,2024-04-08 01:25:07,P0033,Omega-3 Fish Oil Box,Vitamins,2,201.32,30.2,76.98,C00337,Jeddah,E108,Web,Completed,0,171.12
ORD001556,2024-05-22 01:17:10,P0007,Aspirin 100mg Pack,Pain Relief,2,15.58,2.34,5.94,C00526,Mecca,E022,Mobile,Completed,0,13.24
ORD001557,2024-12-22 08:35:38,P0304,Imodium 2mg Bottle - Store Brand,Gastrointestinal,2,50.78,2.54,17.98,C00242,Medina,E092,Web,Completed,1,48.24
ORD001558,2024-04-10 19:47:06,P0225,Sensodyne Repair & Protect Box - Store Brand - Store Brand,Oral Care,3,53.61,2.68,14.55,C00561,Dammam,E083,Mobile,Completed,0,50.93
ORD001559,2025-01-19 00:18:28,P0183,Band-Aid Assorted Box - Store Brand - Store Brand - Store Brand,First Aid,2,12.68,1.27,5.36,C00974,Medina,E049,Web,Completed,1,11.41
ORD001560,2025-02-15 09:45:00,P0203,Ventolin Inhaler Bottle - Store Brand,Respiratory,1,175.82,17.58,72.19,C00666,Riyadh,E045,Web,Completed,0,158.24
ORD001561,2025-03-29 15:42:28,P0029,Redoxon Vitamin C 1000mg Bottle,Vitamins,1,34.61,1.73,11.43,C00069,Riyadh,E110,Mobile,Completed,0,32.88
ORD001562,2024-04-20 03:48:15,P0182,Nivea Body Lotion 400ml Bottle - Store Brand - Store Brand,Personal Care,5,80.1,8.01,39.2,C00189,Mecca,E007,Mobile,Completed,0,72.09
ORD001563,2024-06-02 17:16:33,P0241,Imodium 2mg Box - Store Brand - Store Brand,Gastrointestinal,2,38.14,0.0,11.62,C00973,Mecca,E033,Web,Returned,1,38.14
ORD001564,2024-07-16 17:21:22,P0233,Earol Ear Drops Pack - Store Brand,Ear Care,1,12.02,1.8,7.3,C00435,Mecca,E036,Retail,Completed,1,10.22
ORD001565,2024-11-19 23:51:44,P0246,Omega-3 Fish Oil Pack - Store Brand - Store Brand - Store Brand,Vitamins,1,33.87,0.0,15.86,C00627,Khobar,E030,Retail,Completed,0,33.87
ORD001566,2024-11-01 20:29:12,P0170,Pampers Baby Dry Pack - Store Brand - Store Brand,Baby Care,2,110.96,16.64,42.96,C00898,Riyadh,E115,Web,Completed,0,94.32
ORD001567,2025-07-04 01:09:58,P0303,Band-Aid Assorted Box - Store Brand - Store Brand,First Aid,3,21.12,0.0,11.43,C00397,Khobar,E099,Web,Completed,0,21.12
ORD001568,2025-05-11 16:51:34,P0222,Band-Aid Assorted Bottle - Store Brand - Store Brand,First Aid,1,6.51,0.98,2.74,C01078,Jeddah,E071,Mobile,Completed,0,5.53
ORD001569,2025-05-11 11:20:30,P0284,Johnson's Baby Oil 200ml Box - Store Brand,Baby Care,5,150.2,7.51,56.6,C00414,Medina,E101,Web,Completed,0,142.69
ORD001570,2025-04-25 14:50:42,P0016,Vicks VapoRub 50g Pack,Cold & Flu,4,70.44,0.0,25.2,C00210,Mecca,E051,Web,Completed,0,70.44
ORD001571,2024-07-03 17:19:50,P0129,Pampers Baby Dry Bottle - Store Brand,Baby Care,1,116.72,11.67,45.87,C00894,Riyadh,E074,Mobile,Completed,1,105.05
ORD001572,2024-08-06 00:11:15,P0268,Duphaston 10mg Pack - Store Brand - Store Brand - Store Brand,Women's Health,3,76.14,3.81,34.68,C00136,Riyadh,E021,Mobile,Completed,0,72.33
ORD001573,2025-01-10 02:57:42,P0180,Ventolin Inhaler Box - Store Brand - Store Brand,Respiratory,1,156.36,15.64,44.18,C00359,Riyadh,E059,Mobile,Completed,1,140.72
ORD001574,2025-05-24 09:52:37,P0118,Mometasone Furoate 0.1% 15g Pack - Store Brand,Dermatology,2,131.82,19.77,73.02,C00023,Jeddah,E114,Mobile,Returned,0,112.05
ORD001575,2025-07-06 06:54:21,P0352,Earol Ear Drops Pack - Store Brand - Store Brand - Store Brand - Store Brand,Ear Care,2,9.26,1.39,5.68,C00088,Dammam,E097,Web,Returned,0,7.87
ORD001576,2025-04-17 18:41:28,P0265,NeoCitran Hot Drink Pack - Store Brand - Store Brand - Store Brand,Cold & Flu,4,44.44,2.22,20.08,C00434,Medina,E104,Web,Completed,0,42.22
ORD001577,2024-11-09 18:36:48,P0208,Voltaren Emulgel 50g Box - Store Brand,Pain Relief,1,33.07,4.96,13.81,C01102,Khobar,E049,Web,Completed,0,28.11
ORD001578,2025-04-05 09:43:00,P0396,Mometasone Furoate 0.1% 15g Box - Store Brand - Store Brand,Dermatology,1,66.93,0.0,19.92,C00270,Dammam,E028,Web,Completed,0,66.93
ORD001579,2025-03-07 10:44:44,P0343,Imodium 2mg Box - Store Brand - Store Brand - Store Brand - Store Brand,Gastrointestinal,4,29.96,1.5,17.44,C00400,Mecca,E084,Mobile,Completed,0,28.46
ORD001580,2024-04-04 16:33:24,P0318,Duphaston 10mg Pack - Store Brand - Store Brand - Store Brand,Women's Health,4,92.76,13.91,40.28,C00771,Riyadh,E033,Web,Completed,1,78.85
ORD001581,2025-01-05 13:45:40,P0037,Neutrogena Hydro Boost Pack,Skincare,4,502.64,75.4,178.0,C00821,Medina,E017,Web,Completed,0,427.24
ORD001582,2025-08-02 02:08:20,P0121,Aspirin 100mg Pack - Store Brand - Store Brand,Pain Relief,5,22.55,2.26,6.75,C00772,Medina,E048,Web,Completed,1,20.29
ORD001583,2025-08-12 12:06:13,P0091,Multivitamin Gummies Kids Pack,Vitamins,4,244.0,0.0,98.28,C00786,Mecca,E077,Web,Completed,1,244.0
ORD001584,2024-04-23 10:40:40,P0094,Aspirin 100mg Pack - Store Brand,Pain Relief,5,27.2,4.08,10.95,C00507,Khobar,E009,Web,Completed,0,23.12
ORD001585,2024-03-31 13:21:00,P0183,Band-Aid Assorted Box - Store Brand - Store Brand - Store Brand,First Aid,5,31.7,1.58,13.4,C00746,Khobar,E096,Mobile,Completed,0,30.12
ORD001586,2025-04-22 17:08:29,P0047,Savlon Antiseptic 100ml Bottle,First Aid,1,18.22,1.82,8.28,C00818,Mecca,E004,Web,Completed,1,16.4
ORD001587,2024-12-17 10:24:45,P0307,Duphaston 10mg Pack - Store Brand - Store Brand - Store Brand,Women's Health,2,47.9,4.79,20.56,C00919,Mecca,E048,Web,Completed,0,43.11
ORD001588,2025-02-26 11:34:34,P0091,Multivitamin Gummies Kids Pack,Vitamins,3,183.0,27.45,73.71,C00115,Khobar,E098,Mobile,Completed,0,155.55
ORD001589,2024-07-20 01:31:35,P0082,Ventolin Inhaler Pack,Respiratory,5,1014.5,152.17,418.45,C00700,Riyadh,E043,Mobile,Completed,0,862.33
ORD001590,2024-07-12 18:41:53,P0358,Pampers Baby Dry Pack - Store Brand - Store Brand - Store Brand,Baby Care,1,33.81,1.69,13.28,C00527,Mecca,E012,Mobile,Completed,0,32.12
ORD001591,2024-04-24 12:09:54,P0345,Otrivin Nasal Spray Box - Store Brand - Store Brand - Store Brand,Cold & Flu,1,8.8,0.0,3.83,C00411,Khobar,E018,Web,Completed,1,8.8
ORD001592,2024-07-18 18:08:34,P0109,Band-Aid Assorted Bottle - Store Brand,First Aid,2,18.3,1.83,8.02,C00055,Dammam,E118,Web,Cancelled,0,16.47
ORD001593,2024-04-21 01:34:17,P0369,Vicks VapoRub 50g Pack - Store Brand,Cold & Flu,1,12.65,1.9,4.62,C00063,Dammam,E101,Web,Completed,0,10.75
ORD001594,2025-08-27 09:38:26,P0049,Band-Aid Assorted Pack,First Aid,2,23.78,0.0,9.04,C00080,Medina,E086,Web,Completed,0,23.78
ORD001595,2025-03-22 04:40:04,P0050,Band-Aid Assorted Bottle,First Aid,5,56.85,5.68,28.45,C00038,Medina,E074,Mobile,Completed,0,51.17
ORD001596,2025-07-26 11:43:06,P0036,Cetaphil Gentle Cleanser Box,Skincare,3,235.74,11.79,89.34,C00167,Khobar,E086,Mobile,Completed,0,223.95
ORD001597,2025-06-27 05:25:13,P0255,Clobetasol Cream 0.05% 30g Pack - Store Brand - Store Brand - Store Brand,Dermatology,3,166.44,8.32,40.59,C00990,Riyadh,E029,Mobile,Completed,0,158.12
ORD001598,2024-12-02 20:28:29,P0060,Refresh Tears Eye Drops Box,Eye Care,5,227.65,22.76,89.2,C00490,Jeddah,E064,Retail,Cancelled,0,204.89
ORD001599,2025-06-25 13:12:07,P0022,Otrivin Nasal Spray Pack,Cold & Flu,1,30.0,3.0,11.92,C00067,Medina,E014,Mobile,Completed,0,27.0
ORD001600,2024-10-02 04:03:38,P0251,Johnson's Baby Oil 200ml Bottle - Store Brand - Store Brand - Store Brand - Store Brand,Baby Care,2,29.36,1.47,5.54,C00796,Dammam,E119,Web,Completed,0,27.89
ORD001601,2025-02-06 11:30:31,P0148,Redoxon Vitamin C 1000mg Pack - Store Brand - Store Brand,Vitamins,3,44.52,6.68,18.06,C00426,Jeddah,E073,Web,Completed,0,37.84
ORD001602,2025-07-19 21:53:37,P0245,Imodium 2mg Box - Store Brand,Gastrointestinal,2,51.6,0.0,13.92,C00423,Riyadh,E100,Web,Completed,1,51.6
ORD001603,2025-02-01 06:13:58,P0050,Band-Aid Assorted Bottle,First Aid,4,45.48,2.27,22.76,C00137,Mecca,E054,Web,Completed,0,43.21
ORD001604,2024-06-22 19:08:52,P0341,Clobetasol Cream 0.05% 30g Pack - Store Brand - Store Brand - Store Brand - Store Brand - Store Brand,Dermatology,1,31.35,4.7,6.06,C00729,Khobar,E113,Retail,Returned,1,26.65
ORD001605,2025-06-23 00:15:07,P0203,Ventolin Inhaler Bottle - Store Brand,Respiratory,1,175.82,26.37,72.19,C00660,Mecca,E109,Web,Completed,0,149.45
ORD001606,2024-12-09 00:48:59,P0326,Band-Aid Assorted Box - Store Brand - Store Brand,First Aid,1,6.6,0.66,3.03,C00795,Jeddah,E076,Web,Completed,0,5.94
ORD001607,2024-05-25 21:37:20,P0353,Duphaston 10mg Pack - Store Brand - Store Brand,Women's Health,3,120.69,0.0,40.86,C00327,Khobar,E020,Mobile,Completed,0,120.69
ORD001608,2025-08-08 06:16:47,P0259,NeoCitran Hot Drink Pack - Store Brand - Store Brand,Cold & Flu,1,13.68,0.0,6.18,C00590,Mecca,E001,Web,Completed,0,13.68
ORD001609,2025-01-01 20:16:48,P0291,Clobetasol Cream 0.05% 30g Pack - Store Brand - Store Brand - Store Brand - Store Brand - Store Brand,Dermatology,3,102.6,10.26,18.12,C00368,Medina,E086,Mobile,Completed,0,92.34
ORD001610,2024-12-04 09:32:10,P0186,Mometasone Furoate 0.1% 15g Pack - Store Brand - Store Brand,Dermatology,1,44.0,0.0,25.71,C00484,Mecca,E006,Mobile,Completed,0,44.0
ORD001611,2024-08-01 23:03:16,P0350,Voltaren Emulgel 50g Bottle - Store Brand - Store Brand,Pain Relief,4,102.48,15.37,29.72,C01100,Riyadh,E014,Web,Completed,0,87.11
ORD001612,2025-07-11 21:29:34,P0035,Cetaphil Gentle Cleanser Bottle,Skincare,1,89.73,0.0,34.93,C00335,Khobar,E060,Mobile,Completed,0,89.73
ORD001613,2025-04-12 13:06:14,P0110,Imodium 2mg Box - Store Brand,Gastrointestinal,2,48.6,4.86,18.64,C00165,Medina,E005,Web,Completed,0,43.74
ORD001614,2025-09-13 17:17:11,P0329,Mometasone Furoate 0.1% 15g Pack - Store Brand - Store Brand - Store Brand,Dermatology,2,78.74,11.81,35.2,C00747,Dammam,E046,Retail,Completed,1,66.93
ORD001615,2025-02-10 14:45:57,P0241,Imodium 2mg Box - Store Brand - Store Brand,Gastrointestinal,4,76.28,3.81,23.24,C01076,Riyadh,E102,Retail,Completed,0,72.47
ORD001616,2024-09-02 12:08:02,P0018,Vicks VapoRub 50g Box,Cold & Flu,1,14.93,0.75,5.79,C00516,Medina,E091,Web,Completed,0,14.18
ORD001617,2024-07-15 16:12:08,P0367,Pampers Baby Dry Pack - Store Brand - Store Brand,Baby Care,1,55.6,8.34,22.07,C00336,Medina,E017,Web,Completed,0,47.26
ORD001618,2025-09-08 03:23:10,P0165,Otrivin Nasal Spray Box - Store Brand - Store Brand,Cold & Flu,1,12.66,0.63,4.79,C00573,Riyadh,E092,Web,Completed,0,12.03
ORD001619,2024-09-01 21:40:45,P0301,Gaviscon 200ml Bottle - Store Brand - Store Brand,Gastrointestinal,4,118.36,0.0,48.76,C00565,Dammam,E047,Web,Completed,0,118.36
ORD001620,2024-04-29 23:02:14,P0400,Neutrogena Hydro Boost Box - Store Brand,Skincare,1,104.48,10.45,35.1,C00431,Jeddah,E050,Web,Completed,1,94.03
ORD001621,2024-11-29 07:12:31,P0356,Clobetasol Cream 0.05% 30g Pack - Store Brand - Store Brand - Store Brand - Store Brand,Dermatology,2,78.08,7.81,19.5,C00157,Mecca,E096,Retail,Completed,0,70.27
ORD001622,2025-06-06 00:51:17,P0134,Symbicort Inhaler Pack - Store Brand,Respiratory,4,1204.48,60.22,443.68,C00789,Khobar,E001,Retail,Completed,0,1144.26
ORD001623,2025-02-08 22:20:28,P0306,Mometasone Furoate 0.1% 15g Pack - Store Brand - Store Brand - Store Brand,Dermatology,1,38.09,3.81,22.58,C00322,Medina,E019,Web,Completed,1,34.28
ORD001624,2024-10-24 18:58:36,P0165,Otrivin Nasal Spray Box - Store Brand - Store Brand,Cold & Flu,4,50.64,2.53,19.16,C00286,Mecca,E054,Web,Completed,0,48.11
ORD001625,2024-12-14 08:32:29,P0294,Colgate Total Bottle - Store Brand,Oral Care,4,59.28,5.93,18.8,C00043,Riyadh,E044,Web,Completed,0,53.35
ORD001626,2024-09-02 21:43:28,P0255,Clobetasol Cream 0.05% 30g Pack - Store Brand - Store Brand - Store Brand,Dermatology,1,55.48,5.55,13.53,C00913,Medina,E068,Web,Completed,0,49.93
ORD001627,2025-02-23 19:04:25,P0252,Earol Ear Drops Pack - Store Brand - Store Brand - Store Brand,Ear Care,3,16.92,0.0,13.05,C00467,Dammam,E059,Retail,Completed,0,16.92
ORD001628,2025-05-15 11:03:48,P0229,Imodium 2mg Box - Store Brand - Store Brand - Store Brand,Gastrointestinal,5,56.7,8.51,28.65,C00807,Medina,E006,Web,Completed,0,48.19
ORD001629,2025-03-26 12:53:47,P0122,Band-Aid Assorted Bottle - Store Brand,First Aid,4,33.6,5.04,16.8,C00116,Dammam,E119,Web,Completed,0,28.56
ORD001630,2024-11-22 18:37:14,P0127,Pampers Baby Dry Box - Store Brand,Baby Care,4,397.16,19.86,162.48,C00131,Medina,E058,Web,Completed,0,377.3
ORD001631,2024-09-17 04:56:00,P0197,Johnson's Baby Oil 200ml Bottle - Store Brand - Store Brand - Store Brand,Baby Care,3,52.35,5.24,16.44,C00024,Khobar,E051,Web,Completed,0,47.11
ORD001632,2024-09-11 05:55:01,P0278,Pampers Baby Dry Pack - Store Brand - Store Brand - Store Brand,Baby Care,5,205.3,30.8,81.1,C00887,Mecca,E031,Web,Completed,0,174.5
ORD001633,2024-10-21 12:10:07,P0241,Imodium 2mg Box - Store Brand - Store Brand,Gastrointestinal,2,38.14,5.72,11.62,C01116,Khobar,E003,Mobile,Returned,0,32.42
ORD001634,2025-07-02 04:37:31,P0207,Aspirin 100mg Bottle - Store Brand - Store Brand,Pain Relief,3,10.98,1.65,4.26,C00290,Dammam,E075,Web,Completed,0,9.33
ORD001635,2024-06-20 23:15:08,P0106,Symbicort Inhaler Bottle - Store Brand,Respiratory,4,1136.8,170.52,538.56,C01075,Khobar,E072,Mobile,Completed,0,966.28
ORD001636,2024-04-03 00:10:00,P0233,Earol Ear Drops Pack - Store Brand,Ear Care,3,36.06,0.0,21.9,C00428,Riyadh,E043,Mobile,Returned,0,36.06
ORD001637,2024-06-08 05:18:56,P0377,Duphaston 10mg Pack - Store Brand - Store Brand,Women's Health,1,41.25,4.12,14.18,C01074,Jeddah,E022,Mobile,Completed,1,37.13
ORD001638,2024-07-26 16:33:52,P0076,Duphaston 10mg Pack,Women's Health,4,319.16,15.96,111.64,C00568,Jeddah,E094,Web,Completed,0,303.2
ORD001639,2024-11-18 08:36:17,P0088,Colgate Total Pack,Oral Care,5,94.95,0.0,46.7,C00149,Jeddah,E010,Retail,Completed,0,94.95
ORD001640,2024-09-25 00:48:36,P0143,Mometasone Furoate 0.1% 15g Pack - Store Brand - Store Brand,Dermatology,1,53.27,5.33,27.83,C01150,Riyadh,E023,Web,Completed,0,47.94
ORD001641,2025-04-15 16:33:21,P0084,Ventolin Inhaler Box,Respiratory,3,702.33,105.35,308.73,C00842,Medina,E066,Web,Completed,0,596.98
ORD001642,2024-05-26 15:28:40,P0075,Pampers Baby Dry Box,Baby Care,1,125.75,0.0,48.65,C00119,Riyadh,E046,Web,Completed,0,125.75
ORD001643,2024-04-06 03:02:02,P0051,Band-Aid Assorted Box,First Aid,4,54.6,0.0,22.8,C00481,Medina,E009,Web,Completed,0,54.6
ORD001644,2025-03-29 18:40:58,P0315,Pampers Baby Dry Pack - Store Brand - Store Brand - Store Brand - Store Brand,Baby Care,5,124.85,12.48,65.15,C00222,Khobar,E004,Web,Completed,1,112.37
ORD001645,2024-06-11 09:55:16,P0316,Clobetasol Cream 0.05% 30g Bottle - Store Brand,Dermatology,4,341.16,51.17,136.32,C00413,Mecca,E028,Web,Completed,1,289.99
ORD001646,2025-06-21 09:41:15,P0139,Duphaston 10mg Bottle - Store Brand,Women's Health,3,198.12,0.0,74.16,C00098,Mecca,E096,Web,Completed,1,198.12
ORD001647,2025-05-29 23:00:50,P0168,Vicks VapoRub 50g Bottle - Store Brand,Cold & Flu,3,31.29,4.69,11.49,C01197,Jeddah,E042,Mobile,Completed,0,26.6
ORD001648,2024-04-20 05:24:38,P0016,Vicks VapoRub 50g Pack,Cold & Flu,2,35.22,0.0,12.6,C00967,Khobar,E074,Web,Cancelled,0,35.22
ORD001649,2025-08-08 20:12:22,P0370,Johnson's Baby Oil 200ml Pack - Store Brand,Baby Care,1,30.82,0.0,12.47,C00710,Khobar,E041,Retail,Completed,0,30.82
ORD001650,2025-06-27 20:17:57,P0384,Band-Aid Assorted Box - Store Brand - Store Brand,First Aid,2,14.0,0.0,6.08,C00543,Dammam,E076,Web,Completed,0,14.0
ORD001651,2024-06-23 23:36:23,P0157,Mometasone Furoate 0.1% 15g Box - Store Brand,Dermatology,2,185.46,0.0,63.52,C00592,Medina,E101,Mobile,Completed,0,185.46
ORD001652,2025-05-14 03:10:24,P0035,Cetaphil Gentle Cleanser Bottle,Skincare,4,358.92,35.89,139.72,C00227,Jeddah,E005,Retail,Completed,0,323.03
ORD001653,2025-08-21 08:27:33,P0114,Otrivin Nasal Spray Box - Store Brand - Store Brand,Cold & Flu,5,64.75,3.24,32.2,C01029,Mecca,E090,Web,Completed,0,61.51
ORD001654,2024-10-26 23:16:49,P0286,Femibion Prenatal Box - Store Brand - Store Brand,Vitamins,1,75.29,11.29,40.09,C00557,Jeddah,E010,Retail,Completed,1,64.0
ORD001655,2024-11-17 11:57:48,P0358,Pampers Baby Dry Pack - Store Brand - Store Brand - Store Brand,Baby Care,3,101.43,15.21,39.84,C00901,Dammam,E003,Web,Completed,0,86.22
ORD001656,2024-06-03 06:18:54,P0361,Omega-3 Fish Oil Pack - Store Brand - Store Brand - Store Brand,Vitamins,4,137.72,0.0,76.48,C00494,Mecca,E047,Web,Returned,0,137.72
ORD001657,2024-11-25 05:00:31,P0028,Redoxon Vitamin C 1000mg Pack,Vitamins,4,120.76,6.04,55.28,C00017,Medina,E074,Web,Completed,0,114.72
ORD001658,2024-04-30 02:08:29,P0365,Otrivin Nasal Spray Box - Store Brand,Cold & Flu,1,18.99,0.0,7.08,C00482,Jeddah,E104,Mobile,Returned,0,18.99
ORD001659,2025-05-26 00:06:37,P0105,Pampers Baby Dry Pack - Store Brand,Baby Care,3,225.03,0.0,127.08,C00795,Jeddah,E115,Web,Returned,0,225.03
ORD001660,2025-02-12 07:48:22,P0045,Sensodyne Repair & Protect Box,Oral Care,1,31.7,3.17,12.69,C01015,Dammam,E035,Mobile,Completed,0,28.53
ORD001661,2025-06-22 22:02:03,P0139,Duphaston 10mg Bottle - Store Brand,Women's Health,1,66.04,9.91,24.72,C00346,Jeddah,E006,Web,Completed,0,56.13
ORD001662,2024-10-14 05:49:34,P0217,Femibion Prenatal Box - Store Brand - Store Brand,Vitamins,1,97.87,4.89,32.74,C00406,Khobar,E011,Web,Completed,0,92.98
ORD001663,2025-07-25 22:56:13,P0128,Centrum Multivitamins Bottle - Store Brand - Store Brand,Vitamins,4,242.4,36.36,92.96,C00814,Khobar,E028,Mobile,Completed,0,206.04
ORD001664,2025-02-02 19:15:02,P0028,Redoxon Vitamin C 1000mg Pack,Vitamins,1,30.19,3.02,13.82,C00821,Medina,E074,Mobile,Completed,0,27.17
ORD001665,2025-04-09 14:57:43,P0085,Symbicort Inhaler Pack,Respiratory,2,779.46,0.0,362.28,C00534,Medina,E056,Web,Completed,0,779.46
ORD001666,2025-05-06 21:48:06,P0104,Refresh Tears Eye Drops Box - Store Brand,Eye Care,1,30.32,1.52,14.44,C00087,Jeddah,E052,Retail,Completed,0,28.8
ORD001667,2024-10-18 04:29:12,P0256,Imodium 2mg Box - Store Brand - Store Brand - Store Brand - Store Brand,Gastrointestinal,1,7.17,0.0,4.76,C00072,Medina,E091,Web,Completed,1,7.17
ORD001668,2024-03-24 02:19:37,P0042,Nivea Body Lotion 400ml Box,Personal Care,5,205.75,30.86,80.75,C00238,Mecca,E076,Web,Completed,0,174.89
ORD001669,2025-06-13 20:08:58,P0200,Imodium 2mg Box - Store Brand - Store Brand,Gastrointestinal,1,17.03,0.0,7.84,C01063,Medina,E086,Web,Completed,0,17.03
ORD001670,2024-10-03 03:30:38,P0098,Panadol Advance Pack - Store Brand,Pain Relief,3,33.93,0.0,15.24,C01143,Jeddah,E088,Web,Returned,0,33.93
ORD001671,2024-06-18 10:31:00,P0280,Clobetasol Cream 0.05% 30g Box - Store Brand - Store Brand,Dermatology,2,108.66,5.43,51.68,C00618,Khobar,E092,Web,Completed,1,103.23
ORD001672,2024-06-14 01:00:31,P0168,Vicks VapoRub 50g Bottle - Store Brand,Cold & Flu,1,10.43,1.56,3.83,C01064,Khobar,E019,Web,Completed,0,8.87
ORD001673,2025-01-03 09:22:24,P0167,Pampers Baby Dry Pack - Store Brand,Baby Care,1,82.23,12.33,33.7,C00246,Khobar,E049,Mobile,Completed,1,69.9
ORD001674,2025-08-20 00:41:45,P0088,Colgate Total Pack,Oral Care,1,18.99,0.95,9.34,C00037,Dammam,E027,Web,Completed,0,18.04
ORD001675,2025-04-07 11:53:40,P0101,Cetaphil Gentle Cleanser Pack - Store Brand,Skincare,2,99.86,9.99,42.24,C00521,Dammam,E056,Web,Completed,1,89.87
ORD001676,2024-07-24 03:51:41,P0199,Otrivin Nasal Spray Bottle - Store Brand,Cold & Flu,1,14.7,0.0,7.77,C00898,Riyadh,E096,Web,Completed,1,14.7
ORD001677,2024-06-16 17:33:37,P0190,Band-Aid Assorted Box - Store Brand - Store Brand - Store Brand,First Aid,4,21.36,1.07,9.48,C00349,Riyadh,E037,Web,Completed,0,20.29
ORD001678,2025-03-25 12:58:06,P0120,Refresh Tears Eye Drops Box - Store Brand - Store Brand - Store Brand,Eye Care,3,50.1,0.0,24.81,C00922,Dammam,E076,Web,Completed,0,50.1
ORD001679,2025-03-06 23:36:36,P0246,Omega-3 Fish Oil Pack - Store Brand - Store Brand - Store Brand,Vitamins,1,33.87,3.39,15.86,C00896,Medina,E108,Web,Completed,0,30.48
ORD001680,2025-03-31 01:37:35,P0032,Omega-3 Fish Oil Bottle,Vitamins,1,77.22,3.86,39.97,C01160,Riyadh,E003,Mobile,Completed,1,73.36
ORD001681,2024-09-08 23:20:03,P0345,Otrivin Nasal Spray Box - Store Brand - Store Brand - Store Brand,Cold & Flu,5,44.0,2.2,19.15,C01061,Khobar,E015,Web,Completed,0,41.8
ORD001682,2025-09-09 20:03:45,P0262,Otrivin Nasal Spray Box - Store Brand - Store Brand - Store Brand,Cold & Flu,1,10.06,1.01,3.91,C00791,Mecca,E096,Web,Completed,0,9.05
ORD001683,2024-09-26 08:01:20,P0155,Pampers Baby Dry Pack - Store Brand,Baby Care,4,295.88,29.59,131.68,C00303,Medina,E104,Web,Returned,0,266.29
ORD001684,2025-07-23 09:03:22,P0252,Earol Ear Drops Pack - Store Brand - Store Brand - Store Brand,Ear Care,2,11.28,0.0,8.7,C00373,Medina,E020,Retail,Completed,1,11.28
ORD001685,2025-06-07 02:37:23,P0240,Pampers Baby Dry Box - Store Brand,Baby Care,1,86.77,13.02,37.42,C00292,Mecca,E025,Web,Completed,1,73.75
ORD001686,2024-10-04 01:21:12,P0312,Femibion Prenatal Bottle - Store Brand - Store Brand,Vitamins,3,292.26,29.23,87.84,C01146,Khobar,E076,Web,Completed,0,263.03
ORD001687,2024-06-05 14:29:39,P0284,Johnson's Baby Oil 200ml Box - Store Brand,Baby Care,1,30.04,1.5,11.32,C00125,Jeddah,E114,Web,Completed,0,28.54
ORD001688,2024-12-25 03:59:08,P0263,Nivea Body Lotion 400ml Bottle - Store Brand - Store Brand,Personal Care,2,30.26,1.51,19.92,C00973,Mecca,E069,Web,Completed,0,28.75
ORD001689,2025-09-09 16:44:02,P0337,NeoCitran Hot Drink Pack - Store Brand - Store Brand - Store Brand,Cold & Flu,1,8.75,0.44,4.55,C01046,Medina,E030,Web,Completed,1,8.31
ORD001690,2025-02-06 06:11:35,P0243,Cetaphil Gentle Cleanser Box - Store Brand,Skincare,2,120.36,0.0,38.28,C00258,Riyadh,E014,Mobile,Returned,1,120.36
ORD001691,2024-07-06 09:16:31,P0032,Omega-3 Fish Oil Bottle,Vitamins,1,77.22,3.86,39.97,C00416,Mecca,E028,Web,Completed,0,73.36
ORD001692,2025-06-22 07:02:05,P0185,Femibion Prenatal Pack - Store Brand,Vitamins,2,214.08,21.41,97.0,C00734,Khobar,E083,Mobile,Completed,0,192.67
ORD001693,2024-06-03 13:53:48,P0285,Voltaren Emulgel 50g Bottle - Store Brand - Store Brand - Store Brand,Pain Relief,1,18.88,0.94,9.9,C00956,Khobar,E079,Web,Completed,0,17.94
ORD001694,2024-04-26 06:38:48,P0168,Vicks VapoRub 50g Bottle - Store Brand,Cold & Flu,2,20.86,2.09,7.66,C00246,Khobar,E070,Web,Completed,0,18.77
ORD001695,2025-04-07 05:06:40,P0045,Sensodyne Repair & Protect Box,Oral Care,4,126.8,6.34,50.76,C00318,Khobar,E102,Web,Completed,0,120.46
ORD001696,2025-04-18 04:54:18,P0254,Imodium 2mg Box - Store Brand - Store Brand - Store Brand,Gastrointestinal,2,23.48,2.35,9.52,C00403,Mecca,E001,Web,Completed,0,21.13
ORD001697,2025-03-09 07:46:17,P0041,Nivea Body Lotion 400ml Bottle,Personal Care,2,65.74,3.29,31.22,C00690,Jeddah,E004,Mobile,Cancelled,0,62.45
ORD001698,2025-08-23 06:35:43,P0025,Centrum Multivitamins Pack,Vitamins,1,111.64,5.58,36.67,C00220,Jeddah,E106,Web,Completed,0,106.06
ORD001699,2024-08-22 02:16:10,P0005,Panadol Advance Bottle,Pain Relief,4,70.84,3.54,32.64,C00012,Riyadh,E017,Web,Completed,1,67.3
ORD001700,2024-09-14 05:12:22,P0327,Neutrogena Hydro Boost Box - Store Brand,Skincare,2,164.2,0.0,55.6,C00798,Jeddah,E016,Mobile,Completed,0,164.2
ORD001701,2025-07-23 01:48:32,P0328,Redoxon Vitamin C 1000mg Pack - Store Brand - Store Brand,Vitamins,3,34.38,3.44,21.09,C00571,Medina,E107,Mobile,Completed,0,30.94
ORD001702,2024-07-24 12:30:24,P0268,Duphaston 10mg Pack - Store Brand - Store Brand - Store Brand,Women's Health,2,50.76,0.0,23.12,C00530,Mecca,E022,Web,Completed,1,50.76
ORD001703,2024-06-15 06:17:23,P0394,Femibion Prenatal Pack - Store Brand - Store Brand,Vitamins,1,67.82,3.39,37.99,C00830,Medina,E028,Web,Completed,1,64.43
ORD001704,2024-09-17 00:54:38,P0400,Neutrogena Hydro Boost Box - Store Brand,Skincare,3,313.44,15.67,105.3,C00497,Dammam,E035,Mobile,Completed,0,297.77
ORD001705,2025-03-09 20:48:30,P0272,Clobetasol Cream 0.05% 30g Pack - Store Brand - Store Brand - Store Brand - Store Brand,Dermatology,1,43.62,2.18,8.18,C00928,Riyadh,E058,Web,Completed,1,41.44
ORD001706,2024-10-25 19:27:16,P0335,Neutrogena Hydro Boost Bottle - Store Brand,Skincare,1,92.63,4.63,31.49,C01198,Jeddah,E119,Mobile,Completed,0,88.0
ORD001707,2024-08-22 09:58:46,P0142,Pampers Baby Dry Pack - Store Brand - Store Brand,Baby Care,2,117.8,17.67,66.92,C01085,Mecca,E099,Mobile,Returned,0,100.13
ORD001708,2025-09-13 09:59:41,P0266,Symbicort Inhaler Pack - Store Brand,Respiratory,1,241.13,0.0,130.95,C00104,Jeddah,E030,Mobile,Completed,0,241.13
ORD001709,2025-05-31 23:36:48,P0275,Clobetasol Cream 0.05% 30g Pack - Store Brand - Store Brand - Store Brand,Dermatology,2,110.06,5.5,24.42,C00863,Khobar,E007,Mobile,Completed,0,104.56
ORD001710,2024-06-29 04:01:09,P0260,Duphaston 10mg Pack - Store Brand - Store Brand,Women's Health,1,38.71,0.0,15.19,C01044,Khobar,E066,Retail,Completed,0,38.71
ORD001711,2024-09-26 13:02:10,P0208,Voltaren Emulgel 50g Box - Store Brand,Pain Relief,2,66.14,0.0,27.62,C00538,Khobar,E044,Mobile,Completed,0,66.14
ORD001712,2024-12-05 21:35:26,P0179,Symbicort Inhaler Bottle - Store Brand - Store Brand - Store Brand,Respiratory,2,255.56,12.78,132.12,C00820,Mecca,E006,Web,Completed,0,242.78
ORD001713,2024-07-09 11:40:35,P0044,Sensodyne Repair & Protect Bottle,Oral Care,4,120.52,6.03,51.72,C00477,Riyadh,E090,Mobile,Completed,1,114.49
ORD001714,2024-05-17 10:53:50,P0033,Omega-3 Fish Oil Box,Vitamins,2,201.32,0.0,76.98,C01106,Mecca,E095,Mobile,Completed,0,201.32
ORD001715,2024-12-10 06:05:14,P0216,Aspirin 100mg Pack - Store Brand - Store Brand,Pain Relief,1,4.23,0.0,1.75,C00991,Dammam,E100,Web,Completed,0,4.23
ORD001716,2024-04-15 12:57:53,P0219,Brufen 400mg Pack - Store Brand,Pain Relief,1,17.43,0.87,7.31,C00557,Jeddah,E097,Mobile,Completed,0,16.56
ORD001717,2024-05-26 03:37:53,P0260,Duphaston 10mg Pack - Store Brand - Store Brand,Women's Health,3,116.13,17.42,45.57,C00914,Riyadh,E104,Web,Completed,0,98.71
ORD001718,2024-05-06 10:25:12,P0089,Colgate Total Bottle,Oral Care,3,56.82,0.0,22.32,C00820,Mecca,E093,Web,Completed,1,56.82
ORD001719,2025-08-27 01:33:52,P0011,Voltaren Emulgel 50g Bottle,Pain Relief,1,52.44,5.24,19.04,C00716,Medina,E097,Web,Completed,0,47.2
ORD001720,2025-07-02 06:33:04,P0295,Otrivin Nasal Spray Bottle - Store Brand - Store Brand,Cold & Flu,3,33.72,5.06,17.52,C01142,Riyadh,E037,Web,Completed,0,28.66
ORD001721,2024-07-17 22:12:41,P0205,Gaviscon 200ml Pack - Store Brand,Gastrointestinal,1,34.9,3.49,13.89,C00401,Dammam,E065,Mobile,Completed,1,31.41
ORD001722,2025-03-22 03:42:00,P0098,Panadol Advance Pack - Store Brand,Pain Relief,1,11.31,1.7,5.08,C00906,Riyadh,E060,Web,Completed,0,9.61
ORD001723,2025-08-19 04:30:51,P0010,Voltaren Emulgel 50g Pack,Pain Relief,1,42.35,2.12,17.28,C00671,Dammam,E049,Web,Completed,0,40.23
ORD001724,2025-04-27 16:08:52,P0354,Band-Aid Assorted Bottle - Store Brand - Store Brand,First Aid,1,5.15,0.26,2.99,C00034,Jeddah,E052,Web,Completed,1,4.89
ORD001725,2024-07-16 21:53:58,P0067,Imodium 2mg Pack,Gastrointestinal,3,94.41,4.72,30.03,C01011,Dammam,E042,Web,Completed,0,89.69
ORD001726,2024-08-02 04:40:14,P0002,Panadol Extra Bottle,Pain Relief,3,36.66,5.5,12.27,C00660,Mecca,E094,Web,Completed,1,31.16
ORD001727,2024-05-03 03:55:27,P0353,Duphaston 10mg Pack - Store Brand - Store Brand,Women's Health,2,80.46,4.02,27.24,C00779,Medina,E053,Mobile,Completed,1,76.44
ORD001728,2025-07-16 01:18:04,P0040,Nivea Body Lotion 400ml Pack,Personal Care,1,41.14,0.0,13.45,C00043,Riyadh,E099,Mobile,Completed,0,41.14
ORD001729,2024-06-28 15:42:32,P0141,Otrivin Nasal Spray Bottle - Store Brand,Cold & Flu,1,15.04,1.5,7.16,C00395,Riyadh,E103,Web,Completed,1,13.54
ORD001730,2024-10-05 08:03:48,P0024,Otrivin Nasal Spray Box,Cold & Flu,4,98.0,0.0,45.8,C00948,Jeddah,E114,Mobile,Completed,0,98.0
ORD001731,2024-10-12 03:58:16,P0321,Gaviscon 200ml Bottle - Store Brand - Store Brand,Gastrointestinal,2,64.0,6.4,17.94,C00995,Riyadh,E110,Mobile,Completed,1,57.6
ORD001732,2025-04-14 02:58:39,P0088,Colgate Total Pack,Oral Care,4,75.96,3.8,37.36,C00944,Mecca,E067,Web,Completed,0,72.16
ORD001733,2025-05-07 07:52:15,P0056,Mometasone Furoate 0.1% 15g Bottle,Dermatology,2,209.58,31.44,87.3,C00405,Khobar,E035,Web,Completed,0,178.14
ORD001734,2025-01-27 17:19:44,P0268,Duphaston 10mg Pack - Store Brand - Store Brand - Store Brand,Women's Health,2,50.76,5.08,23.12,C00045,Khobar,E093,Web,Completed,0,45.68
ORD001735,2025-02-02 14:13:51,P0306,Mometasone Furoate 0.1% 15g Pack - Store Brand - Store Brand - Store Brand,Dermatology,1,38.09,0.0,22.58,C00632,Riyadh,E032,Retail,Completed,0,38.09
ORD001736,2025-01-03 00:02:49,P0303,Band-Aid Assorted Box - Store Brand - Store Brand,First Aid,3,21.12,3.17,11.43,C00086,Jeddah,E028,Web,Returned,0,17.95
ORD001737,2024-05-25 18:58:32,P0379,Nivea Body Lotion 400ml Bottle - Store Brand - Store Brand - Store Brand,Personal Care,2,19.24,0.0,12.86,C00731,Riyadh,E106,Web,Returned,1,19.24
ORD001738,2024-07-22 15:49:33,P0319,Redoxon Vitamin C 1000mg Pack - Store Brand - Store Brand - Store Brand,Vitamins,1,11.47,1.15,3.68,C00144,Dammam,E097,Web,Completed,0,10.32
ORD001739,2025-01-30 04:55:00,P0153,Aspirin 100mg Bottle - Store Brand - Store Brand,Pain Relief,3,11.97,1.2,4.74,C00494,Mecca,E044,Mobile,Completed,0,10.77
ORD001740,2024-04-10 00:55:20,P0190,Band-Aid Assorted Box - Store Brand - Store Brand - Store Brand,First Aid,3,16.02,2.4,7.11,C00307,Mecca,E049,Web,Completed,0,13.62
ORD001741,2025-04-25 09:53:27,P0253,Duphaston 10mg Pack - Store Brand - Store Brand,Women's Health,2,75.28,0.0,29.62,C00544,Khobar,E099,Web,Completed,0,75.28
ORD001742,2025-05-28 21:31:22,P0380,Clobetasol Cream 0.05% 30g Bottle - Store Brand - Store Brand,Dermatology,3,206.91,10.35,66.3,C00693,Medina,E107,Retail,Completed,0,196.56
ORD001743,2025-03-19 16:12:09,P0033,Omega-3 Fish Oil Box,Vitamins,2,201.32,0.0,76.98,C00252,Riyadh,E087,Mobile,Completed,0,201.32
ORD001744,2024-11-04 06:53:42,P0285,Voltaren Emulgel 50g Bottle - Store Brand - Store Brand - Store Brand,Pain Relief,1,18.88,0.94,9.9,C01014,Jeddah,E027,Retail,Completed,0,17.94
ORD001745,2025-05-05 16:33:38,P0055,Mometasone Furoate 0.1% 15g Pack,Dermatology,1,106.37,10.64,47.37,C00798,Jeddah,E114,Mobile,Completed,0,95.73
ORD001746,2024-07-10 19:26:05,P0356,Clobetasol Cream 0.05% 30g Pack - Store Brand - Store Brand - Store Brand - Store Brand,Dermatology,4,156.16,0.0,39.0,C01045,Medina,E013,Mobile,Completed,1,156.16
ORD001747,2024-06-27 02:39:07,P0199,Otrivin Nasal Spray Bottle - Store Brand,Cold & Flu,2,29.4,1.47,15.54,C00558,Jeddah,E031,Mobile,Completed,0,27.93
ORD001748,2025-04-09 13:37:28,P0022,Otrivin Nasal Spray Pack,Cold & Flu,1,30.0,4.5,11.92,C00300,Mecca,E083,Web,Completed,1,25.5
ORD001749,2024-04-18 23:10:27,P0020,NeoCitran Hot Drink Bottle,Cold & Flu,3,60.57,0.0,32.34,C00248,Riyadh,E118,Mobile,Completed,1,60.57
ORD001750,2024-12-02 07:11:30,P0349,Redoxon Vitamin C 1000mg Bottle - Store Brand - Store Brand,Vitamins,5,66.95,0.0,36.8,C00963,Dammam,E060,Retail,Completed,0,66.95
ORD001751,2024-03-31 06:11:14,P0161,Gaviscon 200ml Bottle - Store Brand,Gastrointestinal,4,152.12,7.61,58.48,C00029,Jeddah,E106,Web,Completed,0,144.51
ORD001752,2024-12-07 20:25:45,P0351,Band-Aid Assorted Bottle - Store Brand,First Aid,3,21.9,0.0,14.31,C00020,Riyadh,E071,Web,Completed,0,21.9
ORD001753,2024-09-28 18:55:48,P0040,Nivea Body Lotion 400ml Pack,Personal Care,3,123.42,12.34,40.35,C00036,Mecca,E061,Mobile,Completed,0,111.08
ORD001754,2025-06-28 22:50:15,P0166,Mometasone Furoate 0.1% 15g Pack - Store Brand - Store Brand,Dermatology,1,48.98,7.35,28.58,C01064,Khobar,E118,Web,Completed,0,41.63
ORD001755,2025-01-21 06:12:36,P0093,Multivitamin Gummies Kids Box,Vitamins,1,54.15,5.42,21.37,C00209,Mecca,E018,Retail,Completed,0,48.73
ORD001756,2024-06-26 15:22:16,P0065,Gaviscon 200ml Bottle,Gastrointestinal,4,202.24,20.22,69.96,C00365,Khobar,E014,Mobile,Completed,1,182.02
ORD001757,2025-05-08 13:05:09,P0374,Johnson's Baby Oil 200ml Box - Store Brand - Store Brand,Baby Care,2,49.18,0.0,14.38,C01121,Jeddah,E076,Web,Cancelled,0,49.18
ORD001758,2024-08-02 11:28:31,P0109,Band-Aid Assorted Bottle - Store Brand,First Aid,4,36.6,1.83,16.04,C00935,Jeddah,E028,Mobile,Completed,0,34.77
ORD001759,2024-09-25 11:49:35,P0165,Otrivin Nasal Spray Box - Store Brand - Store Brand,Cold & Flu,2,25.32,2.53,9.58,C00900,Medina,E044,Web,Completed,0,22.79
ORD001760,2024-11-06 06:50:35,P0344,Redoxon Vitamin C 1000mg Pack - Store Brand - Store Brand - Store Brand - Store Brand,Vitamins,1,7.58,1.14,2.24,C00780,Jeddah,E096,Web,Completed,0,6.44
ORD001761,2024-12-10 02:33:05,P0001,Panadol Extra Pack,Pain Relief,1,12.87,1.93,5.16,C00419,Dammam,E055,Web,Completed,0,10.94
ORD001762,2025-04-30 08:26:00,P0156,Clobetasol Cream 0.05% 30g Pack - Store Brand - Store Brand,Dermatology,3,200.7,0.0,49.47,C00931,Medina,E096,Web,Completed,0,200.7
ORD001763,2024-04-24 17:08:23,P0015,Brufen 400mg Box,Pain Relief,5,106.35,0.0,41.8,C01128,Khobar,E067,Retail,Completed,1,106.35
ORD001764,2025-07-07 18:30:56,P0364,Duphaston 10mg Pack - Store Brand - Store Brand - Store Brand - Store Brand,Women's Health,1,16.72,0.0,8.55,C00307,Mecca,E050,Web,Completed,0,16.72
ORD001765,2024-09-04 07:07:26,P0266,Symbicort Inhaler Pack - Store Brand,Respiratory,1,241.13,12.06,130.95,C00363,Dammam,E099,Web,Completed,0,229.07
ORD001766,2024-05-02 09:34:08,P0288,Duphaston 10mg Pack - Store Brand - Store Brand,Women's Health,4,133.04,6.65,55.36,C01087,Khobar,E056,Mobile,Completed,1,126.39
ORD001767,2025-02-15 16:00:31,P0287,Pampers Baby Dry Bottle - Store Brand - Store Brand,Baby Care,3,251.19,12.56,95.97,C00748,Dammam,E080,Web,Completed,0,238.63
ORD001768,2024-11-03 12:42:42,P0243,Cetaphil Gentle Cleanser Box - Store Brand,Skincare,3,180.54,0.0,57.42,C00975,Mecca,E015,Web,Completed,0,180.54
ORD001769,2025-05-06 22:20:14,P0238,Duphaston 10mg Pack - Store Brand,Women's Health,5,265.7,13.28,85.5,C01036,Riyadh,E044,Web,Completed,0,252.42
ORD001770,2025-02-02 10:48:06,P0300,Nivea Body Lotion 400ml Bottle - Store Brand - Store Brand - Store Brand,Personal Care,1,10.21,0.51,7.72,C00589,Jeddah,E083,Web,Completed,0,9.7
ORD001771,2024-06-10 13:30:56,P0316,Clobetasol Cream 0.05% 30g Bottle - Store Brand,Dermatology,3,255.87,38.38,102.24,C00131,Medina,E089,Mobile,Completed,0,217.49
ORD001772,2025-04-21 01:51:35,P0028,Redoxon Vitamin C 1000mg Pack,Vitamins,1,30.19,0.0,13.82,C00219,Mecca,E103,Web,Completed,0,30.19
ORD001773,2025-03-09 21:47:31,P0078,Duphaston 10mg Box,Women's Health,5,410.75,20.54,165.9,C00352,Dammam,E052,Mobile,Completed,1,390.21
ORD001774,2025-07-21 00:28:18,P0276,Earol Ear Drops Pack - Store Brand - Store Brand - Store Brand,Ear Care,2,12.64,1.9,7.5,C00610,Jeddah,E112,Mobile,Completed,1,10.74
ORD001775,2024-05-31 14:31:56,P0107,Refresh Tears Eye Drops Box - Store Brand - Store Brand,Eye Care,4,89.2,8.92,48.68,C00336,Medina,E019,Mobile,Completed,1,80.28
ORD001776,2025-07-30 13:37:54,P0240,Pampers Baby Dry Box - Store Brand,Baby Care,5,433.85,21.69,187.1,C00477,Riyadh,E019,Web,Completed,0,412.16
ORD001777,2025-04-15 16:05:44,P0341,Clobetasol Cream 0.05% 30g Pack - Store Brand - Store Brand - Store Brand - Store Brand - Store Brand,Dermatology,4,125.4,6.27,24.24,C00171,Mecca,E023,Retail,Completed,0,119.13
ORD001778,2024-11-06 15:51:06,P0236,Band-Aid Assorted Bottle - Store Brand - Store Brand - Store Brand,First Aid,3,9.51,1.43,6.57,C00006,Medina,E052,Mobile,Returned,0,8.08
ORD001779,2025-02-02 17:32:49,P0344,Redoxon Vitamin C 1000mg Pack - Store Brand - Store Brand - Store Brand - Store Brand,Vitamins,2,15.16,0.0,4.48,C01189,Riyadh,E072,Web,Completed,0,15.16
ORD001780,2025-03-13 01:43:43,P0167,Pampers Baby Dry Pack - Store Brand,Baby Care,3,246.69,0.0,101.1,C00597,Medina,E083,Web,Completed,0,246.69
ORD001781,2025-06-02 05:20:34,P0002,Panadol Extra Bottle,Pain Relief,5,61.1,3.06,20.45,C01147,Dammam,E067,Mobile,Completed,0,58.04
ORD001782,2025-08-09 23:39:37,P0242,Johnson's Baby Oil 200ml Bottle - Store Brand - Store Brand - Store Brand,Baby Care,1,18.1,0.91,4.43,C00017,Medina,E085,Retail,Completed,0,17.19
ORD001783,2024-03-25 08:31:07,P0390,Femibion Prenatal Pack - Store Brand,Vitamins,4,450.2,67.53,163.16,C00810,Mecca,E114,Mobile,Cancelled,1,382.67
ORD001784,2024-12-13 02:16:54,P0293,Band-Aid Assorted Pack - Store Brand - Store Brand,First Aid,1,6.7,0.34,2.92,C00281,Medina,E052,Mobile,Completed,0,6.36
ORD001785,2025-02-23 04:18:29,P0094,Aspirin 100mg Pack - Store Brand,Pain Relief,3,16.32,0.0,6.57,C01174,Dammam,E101,Mobile,Completed,0,16.32
ORD001786,2025-02-02 00:52:43,P0228,Redoxon Vitamin C 1000mg Pack - Store Brand,Vitamins,2,43.74,2.19,20.8,C00914,Riyadh,E002,Mobile,Completed,0,41.55
ORD001787,2025-08-26 22:27:09,P0039,Neutrogena Hydro Boost Box,Skincare,4,507.8,25.39,172.84,C00830,Medina,E099,Web,Completed,0,482.41
ORD001788,2024-06-24 07:40:34,P0235,Pampers Baby Dry Box - Store Brand - Store Brand,Baby Care,1,63.28,3.16,25.29,C01076,Riyadh,E100,Web,Completed,0,60.12
ORD001789,2025-06-22 09:06:53,P0072,Johnson's Baby Oil 200ml Box,Baby Care,3,111.9,11.19,43.23,C00451,Khobar,E109,Mobile,Completed,0,100.71
ORD001790,2024-04-14 20:18:44,P0381,Multivitamin Gummies Kids Box - Store Brand,Vitamins,4,166.28,8.31,63.4,C00649,Riyadh,E062,Mobile,Completed,1,157.97
ORD001791,2025-07-02 07:22:27,P0275,Clobetasol Cream 0.05% 30g Pack - Store Brand - Store Brand - Store Brand,Dermatology,1,55.03,8.25,12.21,C00974,Medina,E009,Retail,Completed,1,46.78
ORD001792,2025-04-18 08:36:44,P0209,Omega-3 Fish Oil Pack - Store Brand - Store Brand,Vitamins,1,49.4,0.0,25.24,C00520,Mecca,E086,Web,Completed,0,49.4
ORD001793,2024-04-29 04:28:11,P0032,Omega-3 Fish Oil Bottle,Vitamins,5,386.1,57.92,199.85,C00493,Dammam,E068,Web,Completed,0,328.18
ORD001794,2024-11-05 13:48:30,P0249,Duphaston 10mg Pack - Store Brand - Store Brand,Women's Health,2,79.9,0.0,27.44,C00858,Jeddah,E110,Mobile,Completed,1,79.9
ORD001795,2024-08-07 14:17:39,P0253,Duphaston 10mg Pack - Store Brand - Store Brand,Women's Health,4,150.56,7.53,59.24,C00764,Mecca,E112,Mobile,Completed,1,143.03
ORD001796,2025-07-22 22:57:32,P0324,Aspirin 100mg Pack - Store Brand - Store Brand - Store Brand - Store Brand,Pain Relief,1,2.93,0.29,0.72,C00695,Jeddah,E029,Mobile,Completed,1,2.64
ORD001797,2025-02-28 05:33:03,P0295,Otrivin Nasal Spray Bottle - Store Brand - Store Brand,Cold & Flu,2,22.48,2.25,11.68,C01048,Dammam,E051,Web,Completed,1,20.23
ORD001798,2024-07-09 12:00:48,P0292,Band-Aid Assorted Bottle - Store Brand - Store Brand - Store Brand,First Aid,3,15.81,2.37,5.91,C00303,Medina,E086,Web,Completed,0,13.44
ORD001799,2025-05-28 09:51:23,P0365,Otrivin Nasal Spray Box - Store Brand,Cold & Flu,3,56.97,8.55,21.24,C01037,Dammam,E093,Mobile,Completed,1,48.42
ORD001800,2024-04-29 00:20:57,P0351,Band-Aid Assorted Bottle - Store Brand,First Aid,5,36.5,0.0,23.85,C00298,Dammam,E099,Mobile,Completed,0,36.5
ORD001801,2024-05-14 03:09:56,P0372,Aspirin 100mg Bottle - Store Brand - Store Brand - Store Brand,Pain Relief,5,15.35,0.77,6.55,C00984,Medina,E026,Web,Completed,0,14.58
ORD001802,2024-11-22 00:21:48,P0103,Otrivin Nasal Spray Box - Store Brand,Cold & Flu,1,17.43,0.87,7.62,C00908,Khobar,E026,Web,Returned,0,16.56
ORD001803,2025-03-20 20:21:10,P0374,Johnson's Baby Oil 200ml Box - Store Brand - Store Brand,Baby Care,2,49.18,0.0,14.38,C00284,Riyadh,E060,Web,Completed,0,49.18
ORD001804,2025-08-31 14:41:37,P0091,Multivitamin Gummies Kids Pack,Vitamins,1,61.0,3.05,24.57,C00808,Mecca,E001,Web,Completed,1,57.95
ORD001805,2024-09-23 19:23:09,P0388,Band-Aid Assorted Box - Store Brand - Store Brand,First Aid,4,26.64,2.66,13.4,C00911,Riyadh,E017,Web,Completed,0,23.98
ORD001806,2025-01-09 00:02:38,P0070,Johnson's Baby Oil 200ml Pack,Baby Care,1,39.18,1.96,15.6,C00327,Khobar,E058,Web,Completed,0,37.22
ORD001807,2024-11-16 11:58:27,P0207,Aspirin 100mg Bottle - Store Brand - Store Brand,Pain Relief,1,3.66,0.0,1.42,C00590,Mecca,E093,Retail,Completed,0,3.66
ORD001808,2024-04-29 02:02:12,P0261,Band-Aid Assorted Pack - Store Brand,First Aid,1,8.42,1.26,3.53,C01065,Khobar,E038,Mobile,Returned,0,7.16
ORD001809,2025-02-20 20:38:53,P0014,Brufen 400mg Bottle,Pain Relief,1,22.69,0.0,8.06,C00817,Jeddah,E031,Web,Completed,0,22.69
ORD001810,2025-01-26 09:12:31,P0244,Multivitamin Gummies Kids Bottle - Store Brand,Vitamins,2,101.38,0.0,36.16,C00214,Riyadh,E119,Web,Completed,1,101.38
ORD001811,2025-08-23 06:10:51,P0161,Gaviscon 200ml Bottle - Store Brand,Gastrointestinal,2,76.06,3.8,29.24,C00127,Jeddah,E010,Web,Completed,0,72.26
ORD001812,2025-04-08 18:52:34,P0365,Otrivin Nasal Spray Box - Store Brand,Cold & Flu,4,75.96,3.8,28.32,C00866,Medina,E014,Mobile,Completed,1,72.16
ORD001813,2024-08-03 06:28:10,P0012,Voltaren Emulgel 50g Box,Pain Relief,2,98.04,9.8,41.06,C00121,Jeddah,E095,Mobile,Completed,1,88.24
ORD001814,2024-09-20 14:47:54,P0290,NeoCitran Hot Drink Pack - Store Brand - Store Brand - Store Brand,Cold & Flu,3,26.01,1.3,13.44,C00541,Medina,E112,Mobile,Completed,0,24.71
ORD001815,2025-04-27 05:08:31,P0290,NeoCitran Hot Drink Pack - Store Brand - Store Brand - Store Brand,Cold & Flu,1,8.67,0.87,4.48,C01086,Riyadh,E053,Web,Completed,1,7.8
ORD001816,2024-04-09 18:28:59,P0163,Colgate Total Box - Store Brand,Oral Care,2,27.48,4.12,10.02,C00761,Mecca,E052,Mobile,Cancelled,1,23.36
ORD001817,2025-03-29 11:48:08,P0190,Band-Aid Assorted Box - Store Brand - Store Brand - Store Brand,First Aid,3,16.02,2.4,7.11,C00532,Jeddah,E111,Retail,Completed,1,13.62
ORD001818,2025-04-29 12:38:18,P0033,Omega-3 Fish Oil Box,Vitamins,3,301.98,15.1,115.47,C01128,Khobar,E111,Mobile,Completed,0,286.88
ORD001819,2025-01-09 02:34:26,P0214,Omega-3 Fish Oil Pack - Store Brand - Store Brand,Vitamins,2,114.52,0.0,45.06,C00112,Medina,E085,Mobile,Completed,0,114.52
ORD001820,2024-12-02 15:34:18,P0143,Mometasone Furoate 0.1% 15g Pack - Store Brand - Store Brand,Dermatology,3,159.81,0.0,83.49,C00702,Medina,E051,Mobile,Completed,0,159.81
ORD001821,2024-12-08 05:03:06,P0127,Pampers Baby Dry Box - Store Brand,Baby Care,2,198.58,29.79,81.24,C00333,Dammam,E120,Web,Completed,0,168.79
ORD001822,2024-05-18 13:29:50,P0138,Centrum Multivitamins Bottle - Store Brand,Vitamins,2,192.06,9.6,50.76,C01113,Riyadh,E010,Retail,Completed,1,182.46
ORD001823,2025-03-12 17:13:57,P0371,Clobetasol Cream 0.05% 30g Box - Store Brand - Store Brand - Store Brand,Dermatology,3,109.8,0.0,58.8,C00936,Dammam,E072,Mobile,Completed,0,109.8
ORD001824,2024-09-21 16:03:05,P0035,Cetaphil Gentle Cleanser Bottle,Skincare,2,179.46,17.95,69.86,C00759,Jeddah,E101,Mobile,Completed,0,161.51
ORD001825,2024-06-29 12:21:08,P0364,Duphaston 10mg Pack - Store Brand - Store Brand - Store Brand - Store Brand,Women's Health,4,66.88,0.0,34.2,C00310,Jeddah,E109,Web,Completed,0,66.88
ORD001826,2025-08-19 09:40:04,P0388,Band-Aid Assorted Box - Store Brand - Store Brand,First Aid,4,26.64,4.0,13.4,C00120,Dammam,E093,Mobile,Completed,0,22.64
ORD001827,2025-08-08 13:45:11,P0275,Clobetasol Cream 0.05% 30g Pack - Store Brand - Store Brand - Store Brand,Dermatology,1,55.03,5.5,12.21,C00016,Riyadh,E109,Mobile,Completed,0,49.53
ORD001828,2025-08-07 17:14:58,P0297,Centrum Multivitamins Bottle - Store Brand - Store Brand - Store Brand,Vitamins,1,40.5,4.05,19.54,C00687,Khobar,E058,Mobile,Completed,0,36.45
ORD001829,2025-08-13 14:13:03,P0353,Duphaston 10mg Pack - Store Brand - Store Brand,Women's Health,2,80.46,8.05,27.24,C00694,Dammam,E119,Web,Completed,1,72.41
ORD001830,2025-03-05 14:43:42,P0142,Pampers Baby Dry Pack - Store Brand - Store Brand,Baby Care,1,58.9,2.94,33.46,C00746,Khobar,E070,Mobile,Completed,0,55.96
ORD001831,2025-07-14 02:32:40,P0337,NeoCitran Hot Drink Pack - Store Brand - Store Brand - Store Brand,Cold & Flu,2,17.5,2.62,9.1,C00177,Jeddah,E100,Web,Completed,1,14.88
ORD001832,2025-04-11 08:49:12,P0132,Neutrogena Hydro Boost Pack - Store Brand,Skincare,2,189.64,28.45,68.54,C00869,Medina,E050,Mobile,Completed,1,161.19
ORD001833,2025-04-19 20:08:45,P0104,Refresh Tears Eye Drops Box - Store Brand,Eye Care,2,60.64,3.03,28.88,C00960,Khobar,E108,Mobile,Completed,0,57.61
ORD001834,2025-04-10 14:20:41,P0262,Otrivin Nasal Spray Box - Store Brand - Store Brand - Store Brand,Cold & Flu,5,50.3,0.0,19.55,C00982,Mecca,E102,Mobile,Completed,0,50.3
ORD001835,2025-01-26 13:34:20,P0399,Earol Ear Drops Pack - Store Brand - Store Brand - Store Brand - Store Brand - Store Brand,Ear Care,2,7.66,0.38,2.88,C00649,Riyadh,E048,Web,Completed,0,7.28
ORD001836,2025-08-20 09:05:29,P0378,Mometasone Furoate 0.1% 15g Box - Store Brand - Store Brand,Dermatology,4,245.28,24.53,103.68,C01051,Medina,E097,Retail,Completed,0,220.75
ORD001837,2025-09-06 11:59:23,P0273,Aspirin 100mg Bottle - Store Brand - Store Brand - Store Brand,Pain Relief,2,5.14,0.0,2.1,C00980,Medina,E004,Mobile,Completed,0,5.14
ORD001838,2024-12-14 02:21:42,P0152,NeoCitran Hot Drink Pack - Store Brand - Store Brand,Cold & Flu,4,41.76,4.18,26.32,C01105,Dammam,E033,Web,Completed,1,37.58
ORD001839,2025-06-27 00:39:33,P0070,Johnson's Baby Oil 200ml Pack,Baby Care,1,39.18,1.96,15.6,C00339,Mecca,E046,Mobile,Completed,0,37.22
ORD001840,2025-07-31 18:02:42,P0117,Redoxon Vitamin C 1000mg Pack - Store Brand,Vitamins,1,24.22,1.21,8.73,C00821,Medina,E088,Mobile,Completed,0,23.01
ORD001841,2025-01-20 23:11:59,P0117,Redoxon Vitamin C 1000mg Pack - Store Brand,Vitamins,4,96.88,4.84,34.92,C00330,Jeddah,E111,Retail,Completed,0,92.04
ORD001842,2024-12-12 04:46:33,P0256,Imodium 2mg Box - Store Brand - Store Brand - Store Brand - Store Brand,Gastrointestinal,2,14.34,1.43,9.52,C00706,Medina,E011,Mobile,Completed,0,12.91
ORD001843,2025-05-10 23:50:18,P0037,Neutrogena Hydro Boost Pack,Skincare,3,376.98,56.55,133.5,C01073,Mecca,E023,Retail,Completed,0,320.43
ORD001844,2025-06-12 22:17:44,P0265,NeoCitran Hot Drink Pack - Store Brand - Store Brand - Store Brand,Cold & Flu,1,11.11,0.56,5.02,C00440,Riyadh,E112,Mobile,Completed,0,10.55
ORD001845,2024-06-10 08:46:49,P0157,Mometasone Furoate 0.1% 15g Box - Store Brand,Dermatology,1,92.73,0.0,31.76,C00331,Medina,E072,Mobile,Completed,0,92.73
ORD001846,2025-08-06 14:13:15,P0048,Savlon Antiseptic 100ml Box,First Aid,2,36.68,3.67,13.02,C00246,Khobar,E050,Retail,Completed,0,33.01
ORD001847,2025-07-09 16:18:25,P0367,Pampers Baby Dry Pack - Store Brand - Store Brand,Baby Care,1,55.6,8.34,22.07,C01045,Medina,E099,Mobile,Completed,0,47.26
ORD001848,2024-03-28 20:57:56,P0076,Duphaston 10mg Pack,Women's Health,1,79.79,0.0,27.91,C00045,Khobar,E113,Mobile,Completed,0,79.79
ORD001849,2024-06-18 21:23:27,P0060,Refresh Tears Eye Drops Box,Eye Care,4,182.12,27.32,71.36,C00352,Dammam,E022,Web,Completed,0,154.8
ORD001850,2025-06-18 00:05:05,P0142,Pampers Baby Dry Pack - Store Brand - Store Brand,Baby Care,1,58.9,0.0,33.46,C01150,Riyadh,E012,Mobile,Completed,0,58.9
ORD001851,2024-05-30 11:33:01,P0157,Mometasone Furoate 0.1% 15g Box - Store Brand,Dermatology,1,92.73,13.91,31.76,C01156,Jeddah,E014,Web,Completed,0,78.82
ORD001852,2024-09-07 04:53:15,P0264,Redoxon Vitamin C 1000mg Pack - Store Brand,Vitamins,3,54.6,5.46,34.56,C00689,Medina,E080,Retail,Completed,1,49.14
ORD001853,2025-05-04 09:05:55,P0265,NeoCitran Hot Drink Pack - Store Brand - Store Brand - Store Brand,Cold & Flu,1,11.11,1.67,5.02,C00566,Mecca,E058,Retail,Completed,0,9.44
ORD001854,2024-07-17 05:36:23,P0023,Otrivin Nasal Spray Bottle,Cold & Flu,3,69.75,0.0,32.91,C01104,Medina,E037,Retail,Completed,0,69.75
ORD001855,2024-12-22 19:40:02,P0265,NeoCitran Hot Drink Pack - Store Brand - Store Brand - Store Brand,Cold & Flu,1,11.11,1.67,5.02,C00097,Medina,E079,Mobile,Cancelled,1,9.44
ORD001856,2025-06-02 02:05:53,P0002,Panadol Extra Bottle,Pain Relief,1,12.22,0.61,4.09,C00501,Dammam,E097,Web,Completed,0,11.61
ORD001857,2024-09-21 12:09:02,P0058,Refresh Tears Eye Drops Pack,Eye Care,4,170.04,17.0,71.08,C00788,Riyadh,E052,Web,Completed,0,153.04
ORD001858,2025-05-29 22:03:35,P0195,Johnson's Baby Oil 200ml Bottle - Store Brand - Store Brand,Baby Care,4,88.0,13.2,29.44,C00994,Mecca,E054,Web,Completed,1,74.8
ORD001859,2025-03-07 07:44:55,P0102,Otrivin Nasal Spray Box - Store Brand,Cold & Flu,2,33.94,3.39,15.92,C00041,Mecca,E039,Retail,Completed,0,30.55
ORD001860,2025-04-23 06:13:16,P0164,Duphaston 10mg Box - Store Brand,Women's Health,1,63.2,6.32,26.75,C00425,Riyadh,E070,Mobile,Completed,1,56.88
ORD001861,2024-12-30 11:17:21,P0062,Earol Ear Drops Bottle,Ear Care,3,77.64,7.76,31.41,C00866,Medina,E101,Mobile,Completed,0,69.88
ORD001862,2025-04-16 21:47:14,P0239,Omega-3 Fish Oil Pack - Store Brand - Store Brand - Store Brand,Vitamins,1,31.8,0.0,15.39,C01093,Dammam,E011,Mobile,Completed,0,31.8
ORD001863,2024-04-11 16:39:32,P0022,Otrivin Nasal Spray Pack,Cold & Flu,1,30.0,0.0,11.92,C00359,Riyadh,E113,Web,Completed,0,30.0
ORD001864,2025-01-06 07:13:06,P0193,Mometasone Furoate 0.1% 15g Pack - Store Brand - Store Brand,Dermatology,2,83.82,4.19,59.56,C00924,Khobar,E010,Retail,Completed,0,79.63
ORD001865,2024-12-01 03:55:52,P0146,Aspirin 100mg Bottle - Store Brand,Pain Relief,4,21.08,0.0,10.48,C00512,Dammam,E027,Web,Completed,0,21.08
ORD001866,2025-05-02 06:03:39,P0400,Neutrogena Hydro Boost Box - Store Brand,Skincare,1,104.48,15.67,35.1,C00736,Khobar,E072,Mobile,Completed,0,88.81
ORD001867,2024-11-13 12:28:10,P0379,Nivea Body Lotion 400ml Bottle - Store Brand - Store Brand - Store Brand,Personal Care,1,9.62,1.44,6.43,C00387,Riyadh,E050,Mobile,Cancelled,1,8.18
ORD001868,2024-07-12 20:57:06,P0270,Redoxon Vitamin C 1000mg Pack - Store Brand - Store Brand,Vitamins,2,35.0,1.75,14.82,C00162,Dammam,E055,Web,Completed,1,33.25
ORD001869,2024-11-05 06:58:42,P0109,Band-Aid Assorted Bottle - Store Brand,First Aid,2,18.3,0.92,8.02,C01012,Mecca,E096,Web,Completed,0,17.38
ORD001870,2025-01-03 10:49:06,P0106,Symbicort Inhaler Bottle - Store Brand,Respiratory,1,284.2,0.0,134.64,C00691,Mecca,E068,Web,Completed,0,284.2
ORD001871,2024-07-04 20:04:38,P0265,NeoCitran Hot Drink Pack - Store Brand - Store Brand - Store Brand,Cold & Flu,1,11.11,0.0,5.02,C00737,Medina,E017,Web,Completed,0,11.11
ORD001872,2025-07-22 21:44:02,P0127,Pampers Baby Dry Box - Store Brand,Baby Care,1,99.29,0.0,40.62,C00941,Riyadh,E008,Web,Completed,0,99.29
ORD001873,2025-04-30 13:07:07,P0217,Femibion Prenatal Box - Store Brand - Store Brand,Vitamins,1,97.87,9.79,32.74,C00728,Medina,E063,Web,Completed,1,88.08
ORD001874,2024-12-15 22:38:47,P0381,Multivitamin Gummies Kids Box - Store Brand,Vitamins,1,41.57,2.08,15.85,C01020,Jeddah,E099,Web,Completed,0,39.49
ORD001875,2025-08-21 14:40:44,P0084,Ventolin Inhaler Box,Respiratory,2,468.22,23.41,205.82,C01091,Riyadh,E116,Web,Completed,0,444.81
ORD001876,2024-12-30 01:33:06,P0250,Redoxon Vitamin C 1000mg Bottle - Store Brand,Vitamins,2,43.82,4.38,17.86,C00062,Khobar,E062,Web,Completed,0,39.44
ORD001877,2024-11-30 17:46:55,P0064,Gaviscon 200ml Pack,Gastrointestinal,1,53.15,0.0,16.96,C00490,Jeddah,E066,Mobile,Completed,1,53.15
ORD001878,2025-01-13 23:56:20,P0234,Earol Ear Drops Pack - Store Brand - Store Brand,Ear Care,4,30.16,1.51,21.72,C00116,Dammam,E094,Web,Completed,0,28.65
ORD001879,2025-02-27 08:48:09,P0122,Band-Aid Assorted Bottle - Store Brand,First Aid,5,42.0,6.3,21.0,C00586,Jeddah,E023,Web,Completed,0,35.7
ORD001880,2025-03-01 23:28:15,P0137,Femibion Prenatal Bottle - Store Brand,Vitamins,3,371.1,18.56,137.19,C00319,Jeddah,E119,Mobile,Completed,0,352.54
ORD001881,2024-04-14 16:48:58,P0112,Voltaren Emulgel 50g Bottle - Store Brand,Pain Relief,1,36.64,1.83,15.49,C00289,Mecca,E020,Mobile,Completed,0,34.81
ORD001882,2025-02-05 22:22:16,P0313,Clobetasol Cream 0.05% 30g Pack - Store Brand - Store Brand,Dermatology,4,259.48,0.0,64.24,C00956,Khobar,E094,Web,Completed,0,259.48
ORD001883,2025-08-02 08:22:38,P0038,Neutrogena Hydro Boost Bottle,Skincare,1,116.37,5.82,46.35,C00166,Khobar,E031,Retail,Completed,0,110.55
ORD001884,2024-09-28 21:27:11,P0219,Brufen 400mg Pack - Store Brand,Pain Relief,3,52.29,2.61,21.93,C00468,Medina,E041,Mobile,Completed,1,49.68
ORD001885,2024-06-25 20:24:40,P0033,Omega-3 Fish Oil Box,Vitamins,2,201.32,30.2,76.98,C01164,Riyadh,E095,Mobile,Completed,0,171.12
ORD001886,2025-01-22 06:49:26,P0270,Redoxon Vitamin C 1000mg Pack - Store Brand - Store Brand,Vitamins,1,17.5,0.0,7.41,C00905,Khobar,E074,Web,Completed,1,17.5
ORD001887,2025-07-10 17:04:52,P0173,Cetaphil Gentle Cleanser Box - Store Brand,Skincare,3,183.96,0.0,68.25,C00157,Mecca,E024,Retail,Completed,1,183.96
ORD001888,2024-03-25 01:21:27,P0014,Brufen 400mg Bottle,Pain Relief,1,22.69,1.13,8.06,C00916,Jeddah,E057,Web,Completed,0,21.56
ORD001889,2025-08-22 19:49:09,P0156,Clobetasol Cream 0.05% 30g Pack - Store Brand - Store Brand,Dermatology,4,267.6,40.14,65.96,C00359,Riyadh,E098,Mobile,Completed,0,227.46
ORD001890,2024-09-05 08:55:07,P0396,Mometasone Furoate 0.1% 15g Box - Store Brand - Store Brand,Dermatology,2,133.86,13.39,39.84,C00549,Medina,E018,Mobile,Completed,0,120.47
ORD001891,2024-07-02 11:04:56,P0285,Voltaren Emulgel 50g Bottle - Store Brand - Store Brand - Store Brand,Pain Relief,1,18.88,0.0,9.9,C01163,Mecca,E018,Mobile,Completed,0,18.88
ORD001892,2025-05-22 14:19:33,P0066,Gaviscon 200ml Box,Gastrointestinal,1,53.76,0.0,17.11,C01176,Dammam,E114,Web,Completed,1,53.76
ORD001893,2025-07-07 02:43:05,P0193,Mometasone Furoate 0.1% 15g Pack - Store Brand - Store Brand,Dermatology,4,167.64,25.15,119.12,C00674,Jeddah,E067,Mobile,Completed,1,142.49
ORD001894,2024-12-19 06:54:46,P0204,Panadol Advance Bottle - Store Brand,Pain Relief,3,40.86,4.09,18.51,C00733,Dammam,E086,Mobile,Completed,1,36.77
ORD001895,2024-05-09 06:09:08,P0346,Refresh Tears Eye Drops Bottle - Store Brand,Eye Care,3,94.08,0.0,33.66,C00692,Riyadh,E026,Web,Returned,0,94.08
ORD001896,2025-01-18 05:19:00,P0024,Otrivin Nasal Spray Box,Cold & Flu,2,49.0,4.9,22.9,C00020,Riyadh,E015,Web,Completed,0,44.1
ORD001897,2024-09-02 02:53:24,P0020,NeoCitran Hot Drink Bottle,Cold & Flu,4,80.76,0.0,43.12,C00652,Jeddah,E003,Mobile,Completed,0,80.76
ORD001898,2025-06-21 19:28:30,P0192,Clobetasol Cream 0.05% 30g Pack - Store Brand,Dermatology,3,213.93,0.0,96.75,C00034,Jeddah,E012,Web,Completed,0,213.93
ORD001899,2024-05-06 00:00:03,P0213,Voltaren Emulgel 50g Box - Store Brand - Store Brand,Pain Relief,2,46.36,2.32,18.14,C00900,Medina,E117,Web,Completed,1,44.04
ORD001900,2024-05-26 03:54:54,P0237,Clobetasol Cream 0.05% 30g Box - Store Brand - Store Brand,Dermatology,1,57.4,8.61,21.52,C00134,Mecca,E012,Mobile,Completed,1,48.79
ORD001901,2024-04-29 13:47:46,P0307,Duphaston 10mg Pack - Store Brand - Store Brand - Store Brand,Women's Health,2,47.9,2.4,20.56,C00354,Khobar,E015,Web,Completed,1,45.5
ORD001902,2025-02-04 12:16:50,P0378,Mometasone Furoate 0.1% 15g Box - Store Brand - Store Brand,Dermatology,2,122.64,6.13,51.84,C00717,Medina,E007,Web,Completed,0,116.51
ORD001903,2024-06-21 00:24:45,P0079,Femibion Prenatal Pack,Vitamins,1,151.81,22.77,59.02,C01104,Medina,E014,Web,Completed,0,129.04
ORD001904,2025-07-15 14:25:50,P0206,Femibion Prenatal Bottle - Store Brand,Vitamins,3,350.13,52.52,132.06,C00012,Riyadh,E018,Mobile,Completed,1,297.61
ORD001905,2024-10-02 02:51:52,P0346,Refresh Tears Eye Drops Bottle - Store Brand,Eye Care,1,31.36,1.57,11.22,C00981,Khobar,E005,Web,Completed,1,29.79
ORD001906,2024-12-09 23:13:17,P0071,Johnson's Baby Oil 200ml Bottle,Baby Care,1,36.81,0.0,15.63,C00308,Riyadh,E085,Web,Completed,0,36.81
ORD001907,2025-05-01 15:15:22,P0001,Panadol Extra Pack,Pain Relief,1,12.87,1.29,5.16,C00719,Khobar,E023,Web,Completed,1,11.58
ORD001908,2025-07-21 16:35:13,P0344,Redoxon Vitamin C 1000mg Pack - Store Brand - Store Brand - Store Brand - Store Brand,Vitamins,2,15.16,1.52,4.48,C00803,Medina,E111,Web,Completed,0,13.64
ORD001909,2024-07-17 13:50:17,P0146,Aspirin 100mg Bottle - Store Brand,Pain Relief,2,10.54,1.58,5.24,C00557,Jeddah,E017,Web,Completed,0,8.96
ORD001910,2025-01-01 19:32:18,P0117,Redoxon Vitamin C 1000mg Pack - Store Brand,Vitamins,5,121.1,12.11,43.65,C00419,Dammam,E093,Web,Completed,0,108.99
ORD001911,2024-09-05 16:01:14,P0349,Redoxon Vitamin C 1000mg Bottle - Store Brand - Store Brand,Vitamins,3,40.17,4.02,22.08,C00517,Khobar,E017,Mobile,Completed,0,36.15
ORD001912,2024-06-06 10:35:31,P0385,Otrivin Nasal Spray Box - Store Brand - Store Brand,Cold & Flu,1,13.26,1.99,5.75,C00243,Riyadh,E016,Web,Completed,0,11.27
ORD001913,2025-05-23 22:18:18,P0123,Imodium 2mg Box - Store Brand - Store Brand,Gastrointestinal,1,16.26,1.63,6.66,C00465,Jeddah,E050,Web,Returned,0,14.63
ORD001914,2024-04-12 23:21:01,P0126,Clobetasol Cream 0.05% 30g Box - Store Brand,Dermatology,1,71.37,0.0,33.7,C00767,Medina,E114,Mobile,Completed,0,71.37
ORD001915,2025-04-01 05:37:43,P0180,Ventolin Inhaler Box - Store Brand - Store Brand,Respiratory,5,781.8,117.27,220.9,C00591,Medina,E016,Web,Completed,0,664.53
ORD001916,2025-05-30 00:19:50,P0316,Clobetasol Cream 0.05% 30g Bottle - Store Brand,Dermatology,2,170.58,0.0,68.16,C00119,Riyadh,E022,Mobile,Completed,0,170.58
ORD001917,2025-02-20 21:48:24,P0079,Femibion Prenatal Pack,Vitamins,2,303.62,0.0,118.04,C00724,Mecca,E053,Web,Completed,0,303.62
ORD001918,2025-05-09 10:41:07,P0385,Otrivin Nasal Spray Box - Store Brand - Store Brand,Cold & Flu,3,39.78,0.0,17.25,C00102,Dammam,E044,Web,Returned,0,39.78
ORD001919,2025-09-05 14:17:47,P0242,Johnson's Baby Oil 200ml Bottle - Store Brand - Store Brand - Store Brand,Baby Care,2,36.2,0.0,8.86,C00114,Jeddah,E029,Mobile,Completed,0,36.2
ORD001920,2024-10-02 21:56:44,P0306,Mometasone Furoate 0.1% 15g Pack - Store Brand - Store Brand - Store Brand,Dermatology,1,38.09,0.0,22.58,C00038,Medina,E079,Web,Completed,1,38.09
ORD001921,2025-06-04 08:57:13,P0089,Colgate Total Bottle,Oral Care,4,75.76,11.36,29.76,C00498,Mecca,E048,Web,Completed,0,64.4
ORD001922,2025-01-05 01:06:05,P0118,Mometasone Furoate 0.1% 15g Pack - Store Brand,Dermatology,2,131.82,13.18,73.02,C00091,Jeddah,E048,Web,Completed,0,118.64
ORD001923,2024-10-04 03:28:10,P0172,Imodium 2mg Pack - Store Brand - Store Brand,Gastrointestinal,2,34.72,0.0,10.52,C00364,Jeddah,E018,Mobile,Completed,1,34.72
ORD001924,2024-03-25 02:10:36,P0169,Ventolin Inhaler Box - Store Brand,Respiratory,1,190.89,0.0,68.46,C00240,Riyadh,E099,Web,Completed,0,190.89
ORD001925,2024-04-22 01:14:05,P0366,Omega-3 Fish Oil Box - Store Brand - Store Brand,Vitamins,1,41.97,6.3,20.81,C00740,Dammam,E071,Web,Completed,0,35.67
ORD001926,2024-05-31 20:36:34,P0083,Ventolin Inhaler Bottle,Respiratory,2,445.56,66.83,197.04,C00334,Dammam,E067,Web,Completed,0,378.73
ORD001927,2025-08-25 12:34:42,P0353,Duphaston 10mg Pack - Store Brand - Store Brand,Women's Health,1,40.23,0.0,13.62,C00080,Medina,E019,Mobile,Completed,0,40.23
ORD001928,2024-12-14 03:59:35,P0023,Otrivin Nasal Spray Bottle,Cold & Flu,3,69.75,10.46,32.91,C00740,Dammam,E011,Web,Completed,1,59.29
ORD001929,2024-06-09 22:26:52,P0317,Duphaston 10mg Pack - Store Brand - Store Brand - Store Brand,Women's Health,1,27.15,4.07,10.87,C00329,Mecca,E092,Web,Completed,0,23.08
ORD001930,2024-11-01 10:50:11,P0340,Aspirin 100mg Bottle - Store Brand - Store Brand,Pain Relief,1,3.54,0.35,1.82,C01143,Jeddah,E063,Web,Completed,0,3.19
ORD001931,2024-06-19 16:11:58,P0359,Multivitamin Gummies Kids Bottle - Store Brand,Vitamins,3,147.42,0.0,47.82,C00473,Dammam,E003,Mobile,Completed,0,147.42
ORD001932,2025-03-05 00:34:24,P0066,Gaviscon 200ml Box,Gastrointestinal,2,107.52,16.13,34.22,C00505,Jeddah,E077,Web,Completed,0,91.39
ORD001933,2025-06-01 21:51:10,P0064,Gaviscon 200ml Pack,Gastrointestinal,1,53.15,2.66,16.96,C00159,Mecca,E086,Mobile,Completed,1,50.49
ORD001934,2024-07-22 14:11:38,P0034,Cetaphil Gentle Cleanser Pack,Skincare,4,320.68,48.1,114.76,C00043,Riyadh,E119,Web,Completed,1,272.58
ORD001935,2025-02-25 05:57:18,P0017,Vicks VapoRub 50g Bottle,Cold & Flu,4,61.0,0.0,22.88,C00705,Dammam,E046,Mobile,Completed,0,61.0
ORD001936,2025-03-26 21:57:11,P0277,Redoxon Vitamin C 1000mg Pack - Store Brand,Vitamins,1,24.28,0.0,11.21,C00723,Dammam,E035,Web,Completed,0,24.28
ORD001937,2024-12-04 13:04:41,P0128,Centrum Multivitamins Bottle - Store Brand - Store Brand,Vitamins,2,121.2,0.0,46.48,C01012,Mecca,E097,Web,Completed,1,121.2
ORD001938,2025-06-23 01:56:58,P0306,Mometasone Furoate 0.1% 15g Pack - Store Brand - Store Brand - Store Brand,Dermatology,2,76.18,11.43,45.16,C00117,Dammam,E016,Retail,Completed,0,64.75
ORD001939,2025-06-20 18:57:48,P0110,Imodium 2mg Box - Store Brand,Gastrointestinal,1,24.3,0.0,9.32,C01171,Khobar,E106,Mobile,Completed,0,24.3
ORD001940,2025-06-11 22:31:52,P0035,Cetaphil Gentle Cleanser Bottle,Skincare,1,89.73,4.49,34.93,C00268,Riyadh,E086,Retail,Completed,0,85.24
ORD001941,2024-04-24 19:43:11,P0312,Femibion Prenatal Bottle - Store Brand - Store Brand,Vitamins,1,97.42,0.0,29.28,C00047,Khobar,E104,Mobile,Completed,1,97.42
ORD001942,2025-01-23 18:35:08,P0267,Voltaren Emulgel 50g Bottle - Store Brand - Store Brand - Store Brand,Pain Relief,3,45.27,6.79,24.12,C00143,Dammam,E082,Web,Completed,1,38.48
ORD001943,2025-06-24 11:33:26,P0119,Centrum Multivitamins Bottle - Store Brand,Vitamins,2,193.48,0.0,58.48,C00968,Khobar,E105,Web,Completed,0,193.48
ORD001944,2024-06-10 05:41:56,P0348,Clobetasol Cream 0.05% 30g Pack - Store Brand - Store Brand,Dermatology,2,103.9,15.58,46.9,C00885,Riyadh,E013,Web,Completed,0,88.32
ORD001945,2025-04-03 16:42:07,P0197,Johnson's Baby Oil 200ml Bottle - Store Brand - Store Brand - Store Brand,Baby Care,2,34.9,3.49,10.96,C00818,Mecca,E032,Web,Completed,0,31.41
ORD001946,2025-02-25 07:32:13,P0207,Aspirin 100mg Bottle - Store Brand - Store Brand,Pain Relief,1,3.66,0.37,1.42,C01108,Medina,E075,Mobile,Completed,1,3.29
ORD001947,2024-04-03 08:32:21,P0396,Mometasone Furoate 0.1% 15g Box - Store Brand - Store Brand,Dermatology,1,66.93,6.69,19.92,C00026,Jeddah,E022,Retail,Completed,0,60.24
ORD001948,2024-04-12 09:38:42,P0305,Multivitamin Gummies Kids Bottle - Store Brand,Vitamins,1,44.68,0.0,16.67,C00412,Medina,E066,Web,Completed,0,44.68
ORD001949,2024-06-13 01:28:28,P0384,Band-Aid Assorted Box - Store Brand - Store Brand,First Aid,1,7.0,0.0,3.04,C01181,Jeddah,E108,Web,Completed,0,7.0
ORD001950,2025-07-25 22:40:17,P0394,Femibion Prenatal Pack - Store Brand - Store Brand,Vitamins,4,271.28,27.13,151.96,C00318,Khobar,E013,Mobile,Completed,0,244.15
ORD001951,2024-09-21 15:53:38,P0293,Band-Aid Assorted Pack - Store Brand - Store Brand,First Aid,1,6.7,1.0,2.92,C00303,Medina,E116,Web,Completed,1,5.7
ORD001952,2024-04-09 09:03:34,P0269,Aspirin 100mg Bottle - Store Brand - Store Brand - Store Brand,Pain Relief,3,8.82,0.88,2.64,C00603,Khobar,E119,Mobile,Completed,0,7.94
ORD001953,2025-05-21 12:56:56,P0100,Band-Aid Assorted Box - Store Brand,First Aid,5,49.0,4.9,23.5,C00485,Medina,E039,Mobile,Completed,0,44.1
ORD001954,2025-03-08 11:55:42,P0372,Aspirin 100mg Bottle - Store Brand - Store Brand - Store Brand,Pain Relief,5,15.35,1.54,6.55,C00637,Medina,E067,Mobile,Returned,1,13.81
ORD001955,2025-04-20 15:34:45,P0339,Imodium 2mg Box - Store Brand - Store Brand,Gastrointestinal,1,18.61,0.0,6.36,C00107,Riyadh,E070,Web,Completed,0,18.61
ORD001956,2025-05-16 11:20:53,P0362,Band-Aid Assorted Bottle - Store Brand - Store Brand - Store Brand,First Aid,1,4.42,0.66,1.91,C00942,Medina,E041,Web,Completed,0,3.76
ORD001957,2024-08-16 16:51:59,P0326,Band-Aid Assorted Box - Store Brand - Store Brand,First Aid,1,6.6,0.0,3.03,C00683,Mecca,E039,Mobile,Completed,0,6.6
ORD001958,2024-07-23 13:25:50,P0231,Nivea Body Lotion 400ml Box - Store Brand,Personal Care,2,50.2,7.53,23.38,C01103,Dammam,E087,Mobile,Completed,0,42.67
ORD001959,2025-07-01 22:13:35,P0078,Duphaston 10mg Box,Women's Health,3,246.45,12.32,99.54,C01142,Riyadh,E060,Mobile,Completed,1,234.13
ORD001960,2025-08-21 03:58:51,P0389,Clobetasol Cream 0.05% 30g Bottle - Store Brand - Store Brand,Dermatology,2,130.46,13.05,52.72,C01178,Medina,E006,Mobile,Completed,0,117.41
ORD001961,2024-10-09 20:51:37,P0370,Johnson's Baby Oil 200ml Pack - Store Brand,Baby Care,4,123.28,0.0,49.88,C00353,Khobar,E102,Mobile,Completed,1,123.28
ORD001962,2024-04-26 03:51:45,P0162,Johnson's Baby Oil 200ml Bottle - Store Brand,Baby Care,2,51.98,2.6,21.7,C01008,Jeddah,E023,Web,Completed,0,49.38
ORD001963,2024-12-06 20:32:21,P0028,Redoxon Vitamin C 1000mg Pack,Vitamins,3,90.57,9.06,41.46,C00930,Mecca,E014,Mobile,Completed,1,81.51
ORD001964,2024-08-11 02:51:08,P0075,Pampers Baby Dry Box,Baby Care,1,125.75,0.0,48.65,C00572,Medina,E114,Mobile,Completed,0,125.75
ORD001965,2025-07-09 15:12:22,P0351,Band-Aid Assorted Bottle - Store Brand,First Aid,1,7.3,0.36,4.77,C00432,Medina,E093,Web,Completed,0,6.94
ORD001966,2024-10-15 07:13:26,P0362,Band-Aid Assorted Bottle - Store Brand - Store Brand - Store Brand,First Aid,2,8.84,0.88,3.82,C00947,Dammam,E020,Web,Completed,0,7.96
ORD001967,2024-06-10 08:34:28,P0184,Mometasone Furoate 0.1% 15g Box - Store Brand,Dermatology,1,83.84,4.19,32.45,C00102,Dammam,E120,Web,Completed,1,79.65
ORD001968,2024-10-22 17:40:08,P0208,Voltaren Emulgel 50g Box - Store Brand,Pain Relief,2,66.14,3.31,27.62,C00071,Dammam,E001,Mobile,Completed,0,62.83
ORD001969,2024-10-15 12:19:22,P0282,Symbicort Inhaler Bottle - Store Brand - Store Brand - Store Brand - Store Brand,Respiratory,2,195.08,9.75,118.48,C00109,Riyadh,E079,Web,Completed,0,185.33
ORD001970,2025-01-23 22:05:45,P0058,Refresh Tears Eye Drops Pack,Eye Care,2,85.02,12.75,35.54,C00989,Mecca,E078,Mobile,Completed,0,72.27
ORD001971,2024-05-31 05:43:05,P0146,Aspirin 100mg Bottle - Store Brand,Pain Relief,1,5.27,0.26,2.62,C00178,Medina,E107,Web,Completed,0,5.01
ORD001972,2024-12-25 20:08:15,P0374,Johnson's Baby Oil 200ml Box - Store Brand - Store Brand,Baby Care,3,73.77,3.69,21.57,C00621,Medina,E106,Retail,Completed,0,70.08
ORD001973,2024-09-19 16:08:16,P0174,Duphaston 10mg Pack - Store Brand,Women's Health,1,53.05,7.96,19.67,C00797,Mecca,E115,Web,Completed,0,45.09
ORD001974,2024-04-25 23:34:07,P0354,Band-Aid Assorted Bottle - Store Brand - Store Brand,First Aid,4,20.6,2.06,11.96,C00619,Dammam,E072,Mobile,Completed,0,18.54
ORD001975,2024-07-29 13:45:33,P0088,Colgate Total Pack,Oral Care,1,18.99,1.9,9.34,C00319,Jeddah,E097,Web,Completed,0,17.09
ORD001976,2025-07-14 15:31:58,P0303,Band-Aid Assorted Box - Store Brand - Store Brand,First Aid,1,7.04,0.7,3.81,C00265,Medina,E084,Web,Completed,0,6.34
ORD001977,2024-10-21 11:31:24,P0052,Clobetasol Cream 0.05% 30g Pack,Dermatology,1,104.0,15.6,38.09,C00533,Mecca,E052,Mobile,Completed,1,88.4
ORD001978,2024-05-12 17:09:15,P0130,Symbicort Inhaler Bottle - Store Brand - Store Brand,Respiratory,3,567.87,28.39,308.46,C00600,Dammam,E090,Web,Completed,0,539.48
ORD001979,2025-05-21 14:33:22,P0101,Cetaphil Gentle Cleanser Pack - Store Brand,Skincare,2,99.86,0.0,42.24,C00875,Medina,E111,Web,Completed,0,99.86
ORD001980,2024-06-06 05:33:35,P0136,Panadol Advance Box - Store Brand,Pain Relief,1,11.22,1.68,6.07,C00279,Mecca,E035,Web,Completed,0,9.54
ORD001981,2024-09-14 21:01:56,P0198,Nivea Body Lotion 400ml Bottle - Store Brand,Personal Care,4,95.0,4.75,49.4,C00693,Medina,E118,Web,Completed,0,90.25
ORD001982,2025-05-20 23:50:29,P0089,Colgate Total Bottle,Oral Care,2,37.88,1.89,14.88,C00523,Mecca,E090,Retail,Completed,1,35.99
ORD001983,2024-11-20 00:11:14,P0298,Aspirin 100mg Bottle - Store Brand - Store Brand,Pain Relief,5,19.3,2.9,7.3,C00573,Riyadh,E073,Web,Completed,0,16.4
ORD001984,2024-12-02 05:03:30,P0388,Band-Aid Assorted Box - Store Brand - Store Brand,First Aid,1,6.66,0.67,3.35,C00230,Medina,E041,Mobile,Completed,0,5.99
ORD001985,2025-07-12 15:23:28,P0077,Duphaston 10mg Bottle,Women's Health,1,78.29,3.91,34.78,C00623,Dammam,E008,Mobile,Completed,0,74.38
ORD001986,2024-09-30 08:24:42,P0020,NeoCitran Hot Drink Bottle,Cold & Flu,3,60.57,9.09,32.34,C00866,Medina,E114,Mobile,Completed,0,51.48
ORD001987,2025-03-26 12:12:42,P0269,Aspirin 100mg Bottle - Store Brand - Store Brand - Store Brand,Pain Relief,1,2.94,0.0,0.88,C00110,Dammam,E030,Mobile,Completed,1,2.94
ORD001988,2024-08-30 20:38:46,P0100,Band-Aid Assorted Box - Store Brand,First Aid,2,19.6,0.98,9.4,C00597,Medina,E053,Retail,Completed,0,18.62
ORD001989,2025-04-26 17:21:03,P0207,Aspirin 100mg Bottle - Store Brand - Store Brand,Pain Relief,2,7.32,0.73,2.84,C00725,Khobar,E048,Mobile,Completed,0,6.59
ORD001990,2024-04-30 03:30:09,P0329,Mometasone Furoate 0.1% 15g Pack - Store Brand - Store Brand - Store Brand,Dermatology,1,39.37,3.94,17.6,C00509,Riyadh,E104,Web,Completed,0,35.43
ORD001991,2024-08-08 22:41:57,P0100,Band-Aid Assorted Box - Store Brand,First Aid,1,9.8,1.47,4.7,C00158,Jeddah,E049,Mobile,Completed,1,8.33
ORD001992,2025-02-21 00:00:30,P0145,Refresh Tears Eye Drops Box - Store Brand - Store Brand,Eye Care,2,38.44,0.0,23.48,C00900,Medina,E042,Mobile,Completed,0,38.44
ORD001993,2024-11-19 07:54:01,P0348,Clobetasol Cream 0.05% 30g Pack - Store Brand - Store Brand,Dermatology,1,51.95,5.2,23.45,C00901,Dammam,E063,Mobile,Completed,0,46.75
ORD001994,2025-06-09 15:22:37,P0055,Mometasone Furoate 0.1% 15g Pack,Dermatology,2,212.74,21.27,94.74,C00919,Mecca,E099,Web,Completed,0,191.47
ORD001995,2025-02-16 04:38:44,P0059,Refresh Tears Eye Drops Bottle,Eye Care,1,45.02,4.5,15.26,C00367,Medina,E034,Mobile,Completed,0,40.52
ORD001996,2025-07-28 01:09:55,P0097,Femibion Prenatal Box - Store Brand,Vitamins,1,119.48,17.92,49.31,C00943,Mecca,E044,Mobile,Completed,1,101.56
ORD001997,2025-07-27 08:12:51,P0084,Ventolin Inhaler Box,Respiratory,1,234.11,23.41,102.91,C00389,Riyadh,E030,Retail,Completed,1,210.7
ORD001998,2024-07-25 10:47:17,P0319,Redoxon Vitamin C 1000mg Pack - Store Brand - Store Brand - Store Brand,Vitamins,4,45.88,0.0,14.72,C00828,Dammam,E023,Web,Completed,1,45.88
ORD001999,2025-02-18 13:08:19,P0131,Band-Aid Assorted Bottle - Store Brand - Store Brand,First Aid,5,25.6,3.84,14.05,C01023,Medina,E089,Mobile,Completed,0,21.76
ORD002000,2024-11-23 10:00:45,P0093,Multivitamin Gummies Kids Box,Vitamins,2,108.3,16.24,42.74,C01069,Jeddah,E004,Web,Completed,0,92.06
ORD002001,2024-06-02 15:50:51,P0095,Earol Ear Drops Box - Store Brand,Ear Care,1,13.57,1.36,6.49,C01132,Jeddah,E069,Mobile,Completed,0,12.21
ORD002002,2024-03-27 17:19:11,P0230,Clobetasol Cream 0.05% 30g Pack - Store Brand,Dermatology,3,215.13,0.0,80.28,C00588,Jeddah,E014,Web,Completed,1,215.13
ORD002003,2025-03-31 17:28:22,P0265,NeoCitran Hot Drink Pack - Store Brand - Store Brand - Store Brand,Cold & Flu,3,33.33,1.67,15.06,C01138,Mecca,E026,Retail,Completed,0,31.66
ORD002004,2025-03-02 21:39:16,P0199,Otrivin Nasal Spray Bottle - Store Brand,Cold & Flu,5,73.5,0.0,38.85,C01181,Jeddah,E120,Mobile,Completed,1,73.5
ORD002005,2024-10-13 08:12:06,P0388,Band-Aid Assorted Box - Store Brand - Store Brand,First Aid,4,26.64,4.0,13.4,C00642,Dammam,E010,Web,Completed,0,22.64
ORD002006,2024-05-03 12:01:25,P0108,Duphaston 10mg Pack - Store Brand,Women's Health,1,52.41,5.24,17.17,C00331,Medina,E030,Mobile,Completed,0,47.17
ORD002007,2024-09-16 01:01:39,P0282,Symbicort Inhaler Bottle - Store Brand - Store Brand - Store Brand - Store Brand,Respiratory,2,195.08,29.26,118.48,C00318,Khobar,E111,Mobile,Completed,0,165.82
ORD002008,2025-07-29 14:54:29,P0057,Mometasone Furoate 0.1% 15g Box,Dermatology,1,121.72,12.17,41.28,C00624,Mecca,E066,Web,Completed,0,109.55
ORD002009,2025-04-18 00:28:22,P0128,Centrum Multivitamins Bottle - Store Brand - Store Brand,Vitamins,1,60.6,6.06,23.24,C00603,Khobar,E047,Mobile,Returned,0,54.54
ORD002010,2024-04-28 14:10:14,P0012,Voltaren Emulgel 50g Box,Pain Relief,1,49.02,7.35,20.53,C00323,Jeddah,E033,Web,Completed,1,41.67
ORD002011,2024-12-10 22:04:34,P0259,NeoCitran Hot Drink Pack - Store Brand - Store Brand,Cold & Flu,3,41.04,2.05,18.54,C00548,Khobar,E109,Retail,Completed,0,38.99
ORD002012,2024-07-20 17:04:12,P0372,Aspirin 100mg Bottle - Store Brand - Store Brand - Store Brand,Pain Relief,5,15.35,2.3,6.55,C00879,Dammam,E037,Mobile,Completed,1,13.05
ORD002013,2025-09-03 19:51:27,P0071,Johnson's Baby Oil 200ml Bottle,Baby Care,5,184.05,0.0,78.15,C00242,Medina,E058,Web,Completed,0,184.05
ORD002014,2024-09-27 15:09:41,P0359,Multivitamin Gummies Kids Bottle - Store Brand,Vitamins,3,147.42,7.37,47.82,C00659,Khobar,E063,Web,Completed,1,140.05
ORD002015,2025-09-06 02:07:14,P0079,Femibion Prenatal Pack,Vitamins,1,151.81,0.0,59.02,C01169,Mecca,E115,Web,Completed,0,151.81
ORD002016,2024-05-14 05:16:50,P0297,Centrum Multivitamins Bottle - Store Brand - Store Brand - Store Brand,Vitamins,2,81.0,12.15,39.08,C00019,Riyadh,E032,Mobile,Completed,0,68.85
ORD002017,2024-04-17 18:08:36,P0360,Otrivin Nasal Spray Bottle - Store Brand - Store Brand - Store Brand,Cold & Flu,1,9.05,0.45,4.83,C00474,Dammam,E042,Mobile,Completed,0,8.6
ORD002018,2024-10-16 04:06:51,P0023,Otrivin Nasal Spray Bottle,Cold & Flu,2,46.5,2.33,21.94,C00991,Dammam,E043,Mobile,Completed,0,44.17
ORD002019,2024-04-19 17:56:08,P0177,Mometasone Furoate 0.1% 15g Box - Store Brand,Dermatology,4,375.68,0.0,125.44,C00145,Riyadh,E066,Web,Completed,1,375.68
ORD002020,2025-03-26 06:25:45,P0223,Clobetasol Cream 0.05% 30g Pack - Store Brand - Store Brand - Store Brand,Dermatology,2,102.52,0.0,23.36,C00834,Jeddah,E108,Web,Cancelled,0,102.52
ORD002021,2024-10-06 08:03:50,P0312,Femibion Prenatal Bottle - Store Brand - Store Brand,Vitamins,1,97.42,9.74,29.28,C00371,Dammam,E034,Web,Completed,0,87.68
ORD002022,2025-05-12 13:51:58,P0015,Brufen 400mg Box,Pain Relief,4,85.08,0.0,33.44,C00068,Riyadh,E061,Mobile,Completed,0,85.08
ORD002023,2024-04-04 01:29:10,P0075,Pampers Baby Dry Box,Baby Care,2,251.5,25.15,97.3,C00020,Riyadh,E031,Mobile,Completed,1,226.35
ORD002024,2025-04-17 03:31:47,P0348,Clobetasol Cream 0.05% 30g Pack - Store Brand - Store Brand,Dermatology,2,103.9,10.39,46.9,C00521,Dammam,E112,Mobile,Completed,1,93.51
ORD002025,2025-06-21 09:09:14,P0200,Imodium 2mg Box - Store Brand - Store Brand,Gastrointestinal,2,34.06,1.7,15.68,C01160,Riyadh,E114,Retail,Completed,0,32.36
ORD002026,2024-11-15 16:54:01,P0060,Refresh Tears Eye Drops Box,Eye Care,5,227.65,22.76,89.2,C00065,Mecca,E062,Mobile,Completed,1,204.89
ORD002027,2024-06-12 06:08:32,P0175,Band-Aid Assorted Box - Store Brand - Store Brand,First Aid,1,7.68,1.15,3.51,C00790,Riyadh,E088,Web,Completed,0,6.53
ORD002028,2024-05-31 12:25:35,P0140,Ventolin Inhaler Bottle - Store Brand,Respiratory,4,594.68,89.2,277.52,C01086,Riyadh,E091,Web,Completed,0,505.48
ORD002029,2025-05-29 09:45:55,P0223,Clobetasol Cream 0.05% 30g Pack - Store Brand - Store Brand - Store Brand,Dermatology,2,102.52,15.38,23.36,C00612,Mecca,E021,Mobile,Completed,0,87.14
ORD002030,2024-07-18 05:07:13,P0013,Brufen 400mg Pack,Pain Relief,5,113.85,17.08,47.85,C01139,Dammam,E004,Web,Completed,0,96.77
ORD002031,2024-08-03 21:03:47,P0220,Panadol Advance Box - Store Brand,Pain Relief,2,20.06,0.0,9.56,C00054,Riyadh,E092,Mobile,Returned,0,20.06
ORD002032,2024-07-14 03:23:55,P0358,Pampers Baby Dry Pack - Store Brand - Store Brand - Store Brand,Baby Care,1,33.81,0.0,13.28,C00771,Riyadh,E002,Web,Completed,0,33.81
ORD002033,2024-04-04 14:40:54,P0185,Femibion Prenatal Pack - Store Brand,Vitamins,1,107.04,16.06,48.5,C00490,Jeddah,E060,Web,Completed,0,90.98
ORD002034,2025-04-21 11:37:20,P0114,Otrivin Nasal Spray Box - Store Brand - Store Brand,Cold & Flu,4,51.8,7.77,25.76,C01111,Mecca,E092,Web,Completed,0,44.03
ORD002035,2024-11-07 11:14:23,P0376,Earol Ear Drops Pack - Store Brand - Store Brand - Store Brand - Store Brand,Ear Care,1,4.66,0.7,2.33,C00739,Jeddah,E102,Web,Completed,0,3.96
ORD002036,2025-05-26 12:31:17,P0331,Omega-3 Fish Oil Pack - Store Brand - Store Brand - Store Brand - Store Brand,Vitamins,1,24.72,2.47,9.83,C00423,Riyadh,E084,Web,Returned,0,22.25
ORD002037,2025-04-01 19:20:15,P0086,Symbicort Inhaler Bottle,Respiratory,1,455.32,22.77,175.53,C00244,Jeddah,E025,Web,Completed,0,432.55
ORD002038,2025-08-30 06:02:36,P0398,Johnson's Baby Oil 200ml Box - Store Brand,Baby Care,3,92.07,0.0,28.05,C00382,Jeddah,E001,Web,Completed,0,92.07
ORD002039,2025-03-12 23:10:00,P0236,Band-Aid Assorted Bottle - Store Brand - Store Brand - Store Brand,First Aid,4,12.68,1.9,8.76,C01138,Mecca,E118,Web,Completed,0,10.78
ORD002040,2024-12-03 20:09:21,P0172,Imodium 2mg Pack - Store Brand - Store Brand,Gastrointestinal,5,86.8,13.02,26.3,C01048,Dammam,E057,Mobile,Completed,0,73.78
ORD002041,2025-02-24 13:13:49,P0125,Duphaston 10mg Pack - Store Brand,Women's Health,2,116.6,17.49,39.34,C00206,Medina,E055,Web,Completed,1,99.11
ORD002042,2025-01-05 02:36:04,P0381,Multivitamin Gummies Kids Box - Store Brand,Vitamins,1,41.57,0.0,15.85,C00654,Jeddah,E091,Web,Completed,0,41.57
ORD002043,2024-10-28 03:41:53,P0168,Vicks VapoRub 50g Bottle - Store Brand,Cold & Flu,1,10.43,1.56,3.83,C00887,Mecca,E070,Web,Completed,0,8.87
ORD002044,2025-07-16 11:02:39,P0331,Omega-3 Fish Oil Pack - Store Brand - Store Brand - Store Brand - Store Brand,Vitamins,2,49.44,0.0,19.66,C00983,Dammam,E048,Mobile,Completed,1,49.44
ORD002045,2025-02-11 22:50:40,P0382,Redoxon Vitamin C 1000mg Pack - Store Brand,Vitamins,2,49.08,4.91,23.02,C00749,Medina,E071,Web,Completed,1,44.17
ORD002046,2024-07-24 16:55:11,P0073,Pampers Baby Dry Pack,Baby Care,1,121.89,18.28,53.75,C01132,Jeddah,E101,Web,Completed,1,103.61
ORD002047,2025-05-30 09:40:56,P0327,Neutrogena Hydro Boost Box - Store Brand,Skincare,2,164.2,0.0,55.6,C00622,Riyadh,E061,Mobile,Completed,1,164.2
ORD002048,2025-07-13 03:50:45,P0133,Otrivin Nasal Spray Box - Store Brand - Store Brand,Cold & Flu,1,10.63,0.0,6.27,C01054,Jeddah,E048,Mobile,Completed,0,10.63
ORD002049,2025-03-10 05:44:24,P0380,Clobetasol Cream 0.05% 30g Bottle - Store Brand - Store Brand,Dermatology,4,275.88,41.38,88.4,C00646,Mecca,E115,Web,Completed,0,234.5
ORD002050,2024-06-29 05:27:26,P0014,Brufen 400mg Bottle,Pain Relief,1,22.69,0.0,8.06,C00213,Dammam,E017,Web,Completed,0,22.69
ORD002051,2025-03-11 00:42:49,P0241,Imodium 2mg Box - Store Brand - Store Brand,Gastrointestinal,4,76.28,3.81,23.24,C00129,Khobar,E049,Web,Returned,0,72.47
ORD002052,2025-06-09 23:23:01,P0082,Ventolin Inhaler Pack,Respiratory,1,202.9,10.15,83.69,C00817,Jeddah,E010,Mobile,Completed,0,192.75
ORD002053,2024-06-22 10:47:57,P0104,Refresh Tears Eye Drops Box - Store Brand,Eye Care,2,60.64,9.1,28.88,C00396,Jeddah,E038,Mobile,Completed,0,51.54
ORD002054,2025-04-06 05:24:18,P0228,Redoxon Vitamin C 1000mg Pack - Store Brand,Vitamins,1,21.87,1.09,10.4,C00860,Mecca,E101,Web,Completed,0,20.78
ORD002055,2024-10-26 16:59:40,P0231,Nivea Body Lotion 400ml Box - Store Brand,Personal Care,1,25.1,3.76,11.69,C00533,Mecca,E018,Web,Completed,0,21.34
ORD002056,2025-07-04 10:56:17,P0250,Redoxon Vitamin C 1000mg Bottle - Store Brand,Vitamins,5,109.55,10.96,44.65,C00101,Medina,E066,Mobile,Completed,0,98.59
ORD002057,2025-01-01 14:12:35,P0377,Duphaston 10mg Pack - Store Brand - Store Brand,Women's Health,1,41.25,2.06,14.18,C00870,Riyadh,E014,Mobile,Completed,0,39.19
ORD002058,2025-01-06 13:38:46,P0099,Voltaren Emulgel 50g Bottle - Store Brand,Pain Relief,2,75.34,0.0,23.94,C00337,Jeddah,E041,Web,Completed,0,75.34
ORD002059,2025-06-14 21:32:10,P0026,Centrum Multivitamins Bottle,Vitamins,1,113.9,11.39,38.63,C00542,Riyadh,E064,Mobile,Completed,0,102.51
ORD002060,2024-04-30 15:14:02,P0132,Neutrogena Hydro Boost Pack - Store Brand,Skincare,1,94.82,14.22,34.27,C01085,Mecca,E029,Retail,Completed,1,80.6
ORD002061,2024-10-22 15:39:04,P0312,Femibion Prenatal Bottle - Store Brand - Store Brand,Vitamins,5,487.1,73.06,146.4,C01063,Medina,E022,Web,Completed,1,414.04
ORD002062,2024-08-07 22:25:26,P0279,Cetaphil Gentle Cleanser Box - Store Brand - Store Brand,Skincare,2,93.78,9.38,26.44,C01165,Mecca,E114,Mobile,Completed,0,84.4
ORD002063,2024-05-07 08:06:13,P0288,Duphaston 10mg Pack - Store Brand - Store Brand,Women's Health,1,33.26,1.66,13.84,C00511,Jeddah,E021,Mobile,Completed,0,31.6
ORD002064,2024-05-31 22:38:14,P0071,Johnson's Baby Oil 200ml Bottle,Baby Care,1,36.81,5.52,15.63,C00873,Jeddah,E010,Web,Returned,0,31.29
ORD002065,2024-03-27 19:42:01,P0374,Johnson's Baby Oil 200ml Box - Store Brand - Store Brand,Baby Care,2,49.18,0.0,14.38,C00275,Medina,E101,Web,Completed,0,49.18
ORD002066,2024-06-02 00:18:47,P0017,Vicks VapoRub 50g Bottle,Cold & Flu,1,15.25,1.52,5.72,C00350,Khobar,E001,Mobile,Completed,0,13.73
ORD002067,2025-08-15 05:26:46,P0267,Voltaren Emulgel 50g Bottle - Store Brand - Store Brand - Store Brand,Pain Relief,1,15.09,0.75,8.04,C00633,Khobar,E055,Web,Completed,0,14.34
ORD002068,2024-09-15 14:31:45,P0383,Symbicort Inhaler Bottle - Store Brand - Store Brand - Store Brand - Store Brand - Store Brand,Respiratory,5,348.85,52.33,218.4,C01106,Mecca,E007,Mobile,Completed,0,296.52
ORD002069,2024-04-17 11:12:25,P0377,Duphaston 10mg Pack - Store Brand - Store Brand,Women's Health,2,82.5,12.38,28.36,C00182,Medina,E076,Web,Completed,1,70.12
ORD002070,2024-10-08 03:22:09,P0310,Aspirin 100mg Pack - Store Brand,Pain Relief,4,22.76,0.0,7.2,C00965,Jeddah,E113,Mobile,Completed,0,22.76
ORD002071,2024-11-05 13:49:37,P0271,Imodium 2mg Box - Store Brand - Store Brand - Store Brand - Store Brand - Store Brand,Gastrointestinal,1,5.1,0.26,3.0,C00731,Riyadh,E103,Mobile,Completed,0,4.84
ORD002072,2025-02-06 01:48:54,P0362,Band-Aid Assorted Bottle - Store Brand - Store Brand - Store Brand,First Aid,1,4.42,0.44,1.91,C00930,Mecca,E036,Retail,Completed,1,3.98
ORD002073,2024-05-30 09:22:44,P0275,Clobetasol Cream 0.05% 30g Pack - Store Brand - Store Brand - Store Brand,Dermatology,5,275.15,13.76,61.05,C00703,Mecca,E061,Web,Completed,0,261.39
ORD002074,2024-09-04 13:54:29,P0311,Pampers Baby Dry Box - Store Brand,Baby Care,4,308.48,0.0,119.52,C00702,Medina,E005,Web,Completed,0,308.48
ORD002075,2025-06-02 02:00:00,P0186,Mometasone Furoate 0.1% 15g Pack - Store Brand - Store Brand,Dermatology,3,132.0,19.8,77.13,C00671,Dammam,E029,Mobile,Completed,0,112.2
ORD002076,2024-09-04 16:06:52,P0035,Cetaphil Gentle Cleanser Bottle,Skincare,5,448.65,44.86,174.65,C00450,Khobar,E057,Web,Completed,0,403.79
ORD002077,2024-12-10 00:44:55,P0075,Pampers Baby Dry Box,Baby Care,4,503.0,25.15,194.6,C00391,Jeddah,E054,Mobile,Completed,0,477.85
ORD002078,2025-05-20 19:16:28,P0140,Ventolin Inhaler Bottle - Store Brand,Respiratory,2,297.34,44.6,138.76,C00300,Mecca,E058,Web,Completed,0,252.74
ORD002079,2024-11-10 15:44:39,P0182,Nivea Body Lotion 400ml Bottle - Store Brand - Store Brand,Personal Care,5,80.1,4.0,39.2,C00471,Riyadh,E071,Web,Completed,0,76.1
ORD002080,2025-01-14 03:53:47,P0182,Nivea Body Lotion 400ml Bottle - Store Brand - Store Brand,Personal Care,5,80.1,8.01,39.2,C00586,Jeddah,E052,Retail,Completed,0,72.09
ORD002081,2024-12-07 09:19:10,P0171,Earol Ear Drops Bottle - Store Brand,Ear Care,1,21.35,3.2,8.39,C00183,Medina,E119,Web,Completed,0,18.15
ORD002082,2025-03-06 16:56:49,P0247,Otrivin Nasal Spray Box - Store Brand - Store Brand,Cold & Flu,2,29.3,2.93,10.18,C00210,Mecca,E011,Web,Completed,0,26.37
ORD002083,2025-06-04 11:36:54,P0221,Otrivin Nasal Spray Box - Store Brand - Store Brand - Store Brand,Cold & Flu,1,9.0,0.0,4.75,C01161,Khobar,E077,Web,Returned,0,9.0
ORD002084,2024-06-14 04:29:05,P0400,Neutrogena Hydro Boost Box - Store Brand,Skincare,1,104.48,10.45,35.1,C00512,Dammam,E094,Web,Cancelled,0,94.03
ORD002085,2024-09-20 09:19:37,P0062,Earol Ear Drops Bottle,Ear Care,1,25.88,0.0,10.47,C00327,Khobar,E013,Web,Completed,1,25.88
ORD002086,2024-06-04 13:36:14,P0030,Redoxon Vitamin C 1000mg Box,Vitamins,2,64.66,0.0,27.4,C00215,Dammam,E019,Web,Completed,1,64.66
ORD002087,2025-09-03 16:13:25,P0013,Brufen 400mg Pack,Pain Relief,1,22.77,1.14,9.57,C01146,Khobar,E022,Mobile,Completed,0,21.63
ORD002088,2024-09-20 13:44:31,P0375,Otrivin Nasal Spray Pack - Store Brand,Cold & Flu,1,18.04,1.8,8.93,C00254,Medina,E090,Retail,Completed,0,16.24
ORD002089,2024-05-26 04:45:26,P0074,Pampers Baby Dry Bottle,Baby Care,3,428.67,21.43,167.82,C00535,Dammam,E057,Retail,Completed,0,407.24
ORD002090,2024-05-08 04:48:02,P0005,Panadol Advance Bottle,Pain Relief,1,17.71,2.66,8.16,C01007,Medina,E098,Mobile,Completed,0,15.05
ORD002091,2024-11-26 03:18:01,P0157,Mometasone Furoate 0.1% 15g Box - Store Brand,Dermatology,1,92.73,4.64,31.76,C00354,Khobar,E111,Mobile,Completed,0,88.09
ORD002092,2025-08-13 11:17:59,P0345,Otrivin Nasal Spray Box - Store Brand - Store Brand - Store Brand,Cold & Flu,3,26.4,2.64,11.49,C01083,Medina,E057,Mobile,Completed,0,23.76
ORD002093,2025-02-26 05:18:35,P0035,Cetaphil Gentle Cleanser Bottle,Skincare,1,89.73,13.46,34.93,C00103,Dammam,E013,Mobile,Completed,0,76.27
ORD002094,2025-03-18 03:09:37,P0221,Otrivin Nasal Spray Box - Store Brand - Store Brand - Store Brand,Cold & Flu,2,18.0,0.0,9.5,C00529,Mecca,E120,Web,Completed,0,18.0
ORD002095,2025-08-05 02:39:43,P0218,Femibion Prenatal Bottle - Store Brand - Store Brand,Vitamins,1,93.49,4.67,34.23,C00039,Riyadh,E086,Mobile,Completed,0,88.82
ORD002096,2025-01-21 23:09:18,P0282,Symbicort Inhaler Bottle - Store Brand - Store Brand - Store Brand - Store Brand,Respiratory,1,97.54,4.88,59.24,C00461,Riyadh,E039,Mobile,Completed,0,92.66
ORD002097,2024-03-25 07:15:01,P0331,Omega-3 Fish Oil Pack - Store Brand - Store Brand - Store Brand - Store Brand,Vitamins,1,24.72,1.24,9.83,C01130,Jeddah,E005,Retail,Completed,0,23.48
ORD002098,2024-05-11 23:55:39,P0384,Band-Aid Assorted Box - Store Brand - Store Brand,First Aid,1,7.0,0.7,3.04,C00240,Riyadh,E081,Mobile,Completed,0,6.3
ORD002099,2025-08-12 21:35:45,P0253,Duphaston 10mg Pack - Store Brand - Store Brand,Women's Health,1,37.64,1.88,14.81,C00864,Jeddah,E070,Web,Completed,0,35.76
ORD002100,2025-01-07 07:22:54,P0206,Femibion Prenatal Bottle - Store Brand,Vitamins,3,350.13,35.01,132.06,C00871,Dammam,E019,Web,Completed,0,315.12
ORD002101,2024-05-08 01:08:38,P0248,Voltaren Emulgel 50g Bottle - Store Brand - Store Brand,Pain Relief,2,58.2,8.73,17.22,C00745,Dammam,E073,Retail,Completed,0,49.47
ORD002102,2025-01-25 22:28:09,P0164,Duphaston 10mg Box - Store Brand,Women's Health,2,126.4,0.0,53.5,C00935,Jeddah,E010,Mobile,Completed,1,126.4
ORD002103,2024-10-13 01:35:50,P0012,Voltaren Emulgel 50g Box,Pain Relief,1,49.02,2.45,20.53,C00272,Riyadh,E062,Mobile,Completed,0,46.57
ORD002104,2024-09-08 03:24:29,P0256,Imodium 2mg Box - Store Brand - Store Brand - Store Brand - Store Brand,Gastrointestinal,3,21.51,2.15,14.28,C00310,Jeddah,E040,Mobile,Returned,0,19.36
ORD002105,2024-09-13 18:04:46,P0036,Cetaphil Gentle Cleanser Box,Skincare,1,78.58,11.79,29.78,C01122,Medina,E063,Web,Completed,0,66.79
ORD002106,2024-12-07 12:42:29,P0209,Omega-3 Fish Oil Pack - Store Brand - Store Brand,Vitamins,1,49.4,2.47,25.24,C00115,Khobar,E021,Mobile,Completed,0,46.93
ORD002107,2025-04-10 01:43:36,P0282,Symbicort Inhaler Bottle - Store Brand - Store Brand - Store Brand - Store Brand,Respiratory,1,97.54,14.63,59.24,C00216,Khobar,E041,Web,Completed,0,82.91
ORD002108,2024-10-31 00:14:01,P0301,Gaviscon 200ml Bottle - Store Brand - Store Brand,Gastrointestinal,1,29.59,2.96,12.19,C00838,Dammam,E024,Mobile,Completed,0,26.63
ORD002109,2024-09-08 22:37:50,P0081,Femibion Prenatal Box,Vitamins,3,477.9,47.79,227.61,C00278,Jeddah,E043,Retail,Completed,0,430.11
ORD002110,2025-06-09 17:22:53,P0396,Mometasone Furoate 0.1% 15g Box - Store Brand - Store Brand,Dermatology,1,66.93,10.04,19.92,C01098,Dammam,E108,Mobile,Completed,0,56.89
ORD002111,2025-07-30 21:38:32,P0198,Nivea Body Lotion 400ml Bottle - Store Brand,Personal Care,3,71.25,10.69,37.05,C01169,Mecca,E066,Web,Completed,0,60.56
ORD002112,2024-05-30 14:53:13,P0120,Refresh Tears Eye Drops Box - Store Brand - Store Brand - Store Brand,Eye Care,1,16.7,2.5,8.27,C00457,Mecca,E029,Mobile,Completed,0,14.2
ORD002113,2024-10-27 16:27:50,P0222,Band-Aid Assorted Bottle - Store Brand - Store Brand,First Aid,4,26.04,2.6,10.96,C00634,Medina,E119,Retail,Completed,1,23.44
ORD002114,2024-11-29 01:34:46,P0107,Refresh Tears Eye Drops Box - Store Brand - Store Brand,Eye Care,4,89.2,4.46,48.68,C00913,Medina,E012,Web,Completed,1,84.74
ORD002115,2024-11-20 01:28:30,P0239,Omega-3 Fish Oil Pack - Store Brand - Store Brand - Store Brand,Vitamins,1,31.8,0.0,15.39,C00953,Jeddah,E030,Retail,Completed,0,31.8
ORD002116,2024-03-29 13:09:58,P0171,Earol Ear Drops Bottle - Store Brand,Ear Care,4,85.4,4.27,33.56,C00853,Dammam,E059,Web,Completed,0,81.13
ORD002117,2024-10-07 16:20:56,P0275,Clobetasol Cream 0.05% 30g Pack - Store Brand - Store Brand - Store Brand,Dermatology,2,110.06,16.51,24.42,C00131,Medina,E114,Web,Completed,0,93.55
ORD002118,2025-03-03 13:06:52,P0360,Otrivin Nasal Spray Bottle - Store Brand - Store Brand - Store Brand,Cold & Flu,1,9.05,0.91,4.83,C00140,Mecca,E108,Web,Completed,0,8.14
ORD002119,2024-08-10 12:04:30,P0395,Omega-3 Fish Oil Pack - Store Brand - Store Brand - Store Brand - Store Brand,Vitamins,1,24.24,1.21,10.94,C00233,Riyadh,E013,Mobile,Completed,0,23.03
ORD002120,2024-05-14 10:00:30,P0138,Centrum Multivitamins Bottle - Store Brand,Vitamins,1,96.03,0.0,25.38,C00751,Dammam,E067,Mobile,Completed,0,96.03
ORD002121,2025-09-07 02:35:12,P0238,Duphaston 10mg Pack - Store Brand,Women's Health,1,53.14,0.0,17.1,C00072,Medina,E056,Web,Completed,1,53.14
ORD002122,2024-09-03 04:42:02,P0104,Refresh Tears Eye Drops Box - Store Brand,Eye Care,2,60.64,6.06,28.88,C00574,Mecca,E071,Mobile,Completed,0,54.58
ORD002123,2025-06-07 21:42:42,P0363,Earol Ear Drops Pack - Store Brand,Ear Care,3,44.04,6.61,21.69,C00575,Mecca,E022,Mobile,Completed,0,37.43
ORD002124,2024-05-01 01:43:36,P0160,Sensodyne Repair & Protect Box - Store Brand,Oral Care,3,71.34,7.13,22.92,C00880,Khobar,E118,Web,Completed,0,64.21
ORD002125,2024-05-14 03:21:50,P0078,Duphaston 10mg Box,Women's Health,2,164.3,24.64,66.36,C00912,Jeddah,E078,Retail,Completed,1,139.66
ORD002126,2024-08-03 20:36:41,P0168,Vicks VapoRub 50g Bottle - Store Brand,Cold & Flu,4,41.72,4.17,15.32,C00310,Jeddah,E043,Retail,Completed,0,37.55
ORD002127,2025-08-15 13:15:43,P0096,Mometasone Furoate 0.1% 15g Pack - Store Brand,Dermatology,1,66.15,3.31,38.18,C00517,Khobar,E022,Mobile,Completed,0,62.84
ORD002128,2024-05-03 21:24:09,P0209,Omega-3 Fish Oil Pack - Store Brand - Store Brand,Vitamins,1,49.4,2.47,25.24,C00895,Medina,E079,Web,Completed,0,46.93
ORD002129,2024-07-06 00:52:07,P0106,Symbicort Inhaler Bottle - Store Brand,Respiratory,3,852.6,42.63,403.92,C00643,Mecca,E008,Web,Completed,1,809.97
ORD002130,2024-10-25 11:43:55,P0286,Femibion Prenatal Box - Store Brand - Store Brand,Vitamins,3,225.87,11.29,120.27,C00763,Mecca,E119,Mobile,Completed,0,214.58
ORD002131,2024-05-13 06:18:14,P0171,Earol Ear Drops Bottle - Store Brand,Ear Care,2,42.7,4.27,16.78,C01010,Mecca,E074,Mobile,Completed,0,38.43
ORD002132,2025-08-27 19:13:51,P0156,Clobetasol Cream 0.05% 30g Pack - Store Brand - Store Brand,Dermatology,1,66.9,0.0,16.49,C00449,Khobar,E017,Web,Completed,0,66.9
ORD002133,2024-10-24 02:52:08,P0011,Voltaren Emulgel 50g Bottle,Pain Relief,5,262.2,13.11,95.2,C00823,Mecca,E029,Retail,Completed,1,249.09
ORD002134,2025-04-13 19:08:40,P0099,Voltaren Emulgel 50g Bottle - Store Brand,Pain Relief,1,37.67,1.88,11.97,C00425,Riyadh,E090,Retail,Completed,0,35.79
ORD002135,2024-04-24 03:32:14,P0017,Vicks VapoRub 50g Bottle,Cold & Flu,4,61.0,3.05,22.88,C00539,Riyadh,E065,Web,Completed,0,57.95
ORD002136,2025-02-02 05:13:23,P0157,Mometasone Furoate 0.1% 15g Box - Store Brand,Dermatology,1,92.73,4.64,31.76,C00071,Dammam,E001,Mobile,Completed,0,88.09
ORD002137,2025-06-28 00:26:35,P0112,Voltaren Emulgel 50g Bottle - Store Brand,Pain Relief,1,36.64,5.5,15.49,C00245,Dammam,E059,Web,Completed,0,31.14
ORD002138,2025-07-10 15:04:31,P0120,Refresh Tears Eye Drops Box - Store Brand - Store Brand - Store Brand,Eye Care,2,33.4,1.67,16.54,C00629,Dammam,E099,Web,Completed,0,31.73
ORD002139,2025-06-30 14:46:59,P0186,Mometasone Furoate 0.1% 15g Pack - Store Brand - Store Brand,Dermatology,1,44.0,0.0,25.71,C00730,Jeddah,E061,Web,Completed,0,44.0
ORD002140,2024-07-24 13:29:06,P0273,Aspirin 100mg Bottle - Store Brand - Store Brand - Store Brand,Pain Relief,2,5.14,0.26,2.1,C00120,Dammam,E016,Retail,Completed,0,4.88
ORD002141,2025-05-17 08:10:32,P0017,Vicks VapoRub 50g Bottle,Cold & Flu,4,61.0,0.0,22.88,C00705,Dammam,E080,Web,Completed,0,61.0
ORD002142,2024-08-27 15:53:26,P0213,Voltaren Emulgel 50g Box - Store Brand - Store Brand,Pain Relief,5,115.9,17.39,45.35,C00602,Khobar,E063,Web,Completed,1,98.51
ORD002143,2025-05-29 17:50:12,P0141,Otrivin Nasal Spray Bottle - Store Brand,Cold & Flu,4,60.16,9.02,28.64,C01005,Riyadh,E108,Retail,Completed,0,51.14
ORD002144,2025-01-14 13:57:21,P0099,Voltaren Emulgel 50g Bottle - Store Brand,Pain Relief,1,37.67,5.65,11.97,C00682,Mecca,E120,Web,Completed,1,32.02
ORD002145,2024-12-29 04:21:50,P0187,Omega-3 Fish Oil Pack - Store Brand,Vitamins,1,67.67,6.77,34.52,C00608,Riyadh,E075,Web,Completed,0,60.9
ORD002146,2024-11-11 09:01:54,P0033,Omega-3 Fish Oil Box,Vitamins,3,301.98,45.3,115.47,C01190,Medina,E056,Web,Completed,0,256.68
ORD002147,2025-07-05 14:54:42,P0278,Pampers Baby Dry Pack - Store Brand - Store Brand - Store Brand,Baby Care,3,123.18,6.16,48.66,C00509,Riyadh,E073,Web,Completed,1,117.02
ORD002148,2024-07-30 21:28:36,P0233,Earol Ear Drops Pack - Store Brand,Ear Care,2,24.04,1.2,14.6,C00725,Khobar,E109,Web,Completed,0,22.84
ORD002149,2024-05-30 16:15:19,P0388,Band-Aid Assorted Box - Store Brand - Store Brand,First Aid,1,6.66,0.33,3.35,C00669,Dammam,E033,Web,Completed,0,6.33
ORD002150,2024-12-14 18:58:28,P0007,Aspirin 100mg Pack,Pain Relief,5,38.95,3.9,14.85,C00786,Mecca,E035,Mobile,Completed,0,35.05
ORD002151,2025-05-11 14:01:07,P0315,Pampers Baby Dry Pack - Store Brand - Store Brand - Store Brand - Store Brand,Baby Care,3,74.91,0.0,39.09,C00082,Riyadh,E095,Mobile,Completed,0,74.91
ORD002152,2024-11-19 15:13:22,P0129,Pampers Baby Dry Bottle - Store Brand,Baby Care,4,466.88,0.0,183.48,C00114,Jeddah,E085,Mobile,Completed,0,466.88
ORD002153,2024-09-10 07:35:19,P0349,Redoxon Vitamin C 1000mg Bottle - Store Brand - Store Brand,Vitamins,1,13.39,1.34,7.36,C01168,Mecca,E104,Web,Completed,0,12.05
ORD002154,2025-03-15 23:39:46,P0193,Mometasone Furoate 0.1% 15g Pack - Store Brand - Store Brand,Dermatology,5,209.55,10.48,148.9,C00193,Khobar,E114,Web,Completed,0,199.07
ORD002155,2024-09-13 15:55:38,P0011,Voltaren Emulgel 50g Bottle,Pain Relief,1,52.44,2.62,19.04,C00033,Khobar,E105,Web,Completed,0,49.82
ORD002156,2024-05-23 02:03:12,P0250,Redoxon Vitamin C 1000mg Bottle - Store Brand,Vitamins,3,65.73,6.57,26.79,C01009,Mecca,E109,Mobile,Completed,0,59.16
ORD002157,2025-01-07 08:32:30,P0025,Centrum Multivitamins Pack,Vitamins,5,558.2,55.82,183.35,C00546,Dammam,E048,Retail,Completed,1,502.38
ORD002158,2025-09-09 18:35:30,P0176,Clobetasol Cream 0.05% 30g Pack - Store Brand - Store Brand,Dermatology,2,135.32,13.53,34.6,C00197,Khobar,E064,Web,Completed,0,121.79
ORD002159,2025-07-29 18:04:25,P0082,Ventolin Inhaler Pack,Respiratory,1,202.9,10.15,83.69,C01083,Medina,E047,Retail,Completed,1,192.75
ORD002160,2024-10-19 08:20:31,P0090,Colgate Total Box,Oral Care,1,19.23,2.88,7.66,C00443,Riyadh,E104,Web,Completed,0,16.35
ORD002161,2024-06-29 04:52:43,P0053,Clobetasol Cream 0.05% 30g Bottle,Dermatology,1,113.11,11.31,44.32,C00561,Dammam,E037,Web,Completed,0,101.8
ORD002162,2025-06-10 18:53:55,P0095,Earol Ear Drops Box - Store Brand,Ear Care,1,13.57,1.36,6.49,C00291,Medina,E066,Web,Completed,1,12.21
ORD002163,2025-06-28 20:27:34,P0361,Omega-3 Fish Oil Pack - Store Brand - Store Brand - Store Brand,Vitamins,1,34.43,3.44,19.12,C01068,Dammam,E074,Web,Completed,1,30.99
ORD002164,2024-08-11 02:49:34,P0152,NeoCitran Hot Drink Pack - Store Brand - Store Brand,Cold & Flu,1,10.44,0.52,6.58,C00166,Khobar,E002,Web,Cancelled,0,9.92
ORD002165,2024-09-25 01:39:57,P0141,Otrivin Nasal Spray Bottle - Store Brand,Cold & Flu,1,15.04,0.0,7.16,C00968,Khobar,E035,Web,Completed,0,15.04
ORD002166,2024-05-02 20:30:45,P0074,Pampers Baby Dry Bottle,Baby Care,5,714.45,71.45,279.7,C00178,Medina,E084,Mobile,Completed,0,643.0
ORD002167,2025-02-08 15:54:40,P0109,Band-Aid Assorted Bottle - Store Brand,First Aid,4,36.6,3.66,16.04,C00683,Mecca,E100,Web,Completed,0,32.94
ORD002168,2025-03-09 16:08:54,P0180,Ventolin Inhaler Box - Store Brand - Store Brand,Respiratory,2,312.72,15.64,88.36,C00892,Khobar,E085,Mobile,Completed,0,297.08
ORD002169,2024-04-15 06:15:31,P0064,Gaviscon 200ml Pack,Gastrointestinal,2,106.3,0.0,33.92,C00247,Riyadh,E064,Retail,Completed,0,106.3
ORD002170,2024-07-11 07:58:27,P0194,Savlon Antiseptic 100ml Bottle - Store Brand,First Aid,5,72.4,0.0,29.9,C01184,Khobar,E048,Mobile,Completed,0,72.4
ORD002171,2024-11-25 05:27:16,P0158,Imodium 2mg Box - Store Brand,Gastrointestinal,1,24.02,2.4,8.14,C00249,Mecca,E105,Retail,Completed,0,21.62
ORD002172,2025-02-22 05:56:18,P0370,Johnson's Baby Oil 200ml Pack - Store Brand,Baby Care,4,123.28,18.49,49.88,C00619,Dammam,E034,Web,Completed,1,104.79
ORD002173,2024-04-29 17:23:36,P0223,Clobetasol Cream 0.05% 30g Pack - Store Brand - Store Brand - Store Brand,Dermatology,1,51.26,2.56,11.68,C00660,Mecca,E083,Retail,Completed,0,48.7
ORD002174,2025-09-11 01:45:38,P0126,Clobetasol Cream 0.05% 30g Box - Store Brand,Dermatology,2,142.74,14.27,67.4,C00124,Riyadh,E113,Mobile,Completed,1,128.47
ORD002175,2025-03-17 10:26:54,P0016,Vicks VapoRub 50g Pack,Cold & Flu,2,35.22,5.28,12.6,C00097,Medina,E052,Mobile,Completed,0,29.94
ORD002176,2025-03-21 11:58:13,P0214,Omega-3 Fish Oil Pack - Store Brand - Store Brand,Vitamins,1,57.26,5.73,22.53,C00456,Dammam,E117,Web,Completed,0,51.53
ORD002177,2024-07-19 10:03:58,P0305,Multivitamin Gummies Kids Bottle - Store Brand,Vitamins,4,178.72,0.0,66.68,C00447,Medina,E004,Retail,Completed,0,178.72
ORD002178,2024-04-20 05:10:10,P0204,Panadol Advance Bottle - Store Brand,Pain Relief,1,13.62,0.68,6.17,C00691,Mecca,E062,Retail,Completed,0,12.94
ORD002179,2024-05-13 00:13:09,P0335,Neutrogena Hydro Boost Bottle - Store Brand,Skincare,1,92.63,9.26,31.49,C00409,Riyadh,E060,Mobile,Returned,0,83.37
ORD002180,2025-02-16 09:42:02,P0020,NeoCitran Hot Drink Bottle,Cold & Flu,1,20.19,2.02,10.78,C00412,Medina,E030,Retail,Completed,0,18.17
ORD002181,2024-09-07 23:55:01,P0043,Sensodyne Repair & Protect Pack,Oral Care,3,83.76,0.0,29.91,C00236,Khobar,E064,Retail,Completed,0,83.76
ORD002182,2024-06-25 10:28:03,P0379,Nivea Body Lotion 400ml Bottle - Store Brand - Store Brand - Store Brand,Personal Care,1,9.62,0.96,6.43,C00204,Khobar,E045,Mobile,Completed,1,8.66
ORD002183,2024-08-06 16:19:01,P0004,Panadol Advance Pack,Pain Relief,4,69.44,0.0,26.76,C00014,Dammam,E077,Mobile,Completed,1,69.44
ORD002184,2024-09-30 03:28:01,P0052,Clobetasol Cream 0.05% 30g Pack,Dermatology,1,104.0,10.4,38.09,C01121,Jeddah,E079,Web,Completed,0,93.6
ORD002185,2024-09-21 05:05:32,P0132,Neutrogena Hydro Boost Pack - Store Brand,Skincare,1,94.82,4.74,34.27,C00649,Riyadh,E082,Mobile,Completed,0,90.08
ORD002186,2025-07-14 09:21:43,P0111,Pampers Baby Dry Bottle - Store Brand,Baby Care,1,117.23,5.86,40.22,C00158,Jeddah,E001,Web,Completed,0,111.37
ORD002187,2024-12-22 23:00:35,P0106,Symbicort Inhaler Bottle - Store Brand,Respiratory,1,284.2,14.21,134.64,C00687,Khobar,E055,Web,Completed,0,269.99
ORD002188,2025-03-22 16:09:12,P0017,Vicks VapoRub 50g Bottle,Cold & Flu,1,15.25,0.0,5.72,C00171,Mecca,E071,Retail,Completed,0,15.25
ORD002189,2025-01-19 04:24:38,P0016,Vicks VapoRub 50g Pack,Cold & Flu,2,35.22,0.0,12.6,C00743,Jeddah,E098,Mobile,Completed,0,35.22
ORD002190,2025-01-13 00:04:54,P0048,Savlon Antiseptic 100ml Box,First Aid,1,18.34,0.0,6.51,C00638,Mecca,E063,Web,Completed,0,18.34
ORD002191,2025-08-05 19:18:21,P0195,Johnson's Baby Oil 200ml Bottle - Store Brand - Store Brand,Baby Care,4,88.0,4.4,29.44,C00486,Jeddah,E115,Retail,Completed,0,83.6
ORD002192,2024-05-31 14:16:09,P0123,Imodium 2mg Box - Store Brand - Store Brand,Gastrointestinal,5,81.3,12.19,33.3,C00258,Riyadh,E086,Mobile,Completed,0,69.11
ORD002193,2025-05-11 20:11:49,P0047,Savlon Antiseptic 100ml Bottle,First Aid,4,72.88,10.93,33.12,C00589,Jeddah,E062,Web,Completed,0,61.95
ORD002194,2024-07-02 17:42:53,P0332,Femibion Prenatal Pack - Store Brand,Vitamins,1,126.33,6.32,44.22,C00666,Riyadh,E089,Retail,Completed,0,120.01
ORD002195,2025-04-21 19:43:59,P0387,Aspirin 100mg Pack - Store Brand - Store Brand - Store Brand,Pain Relief,1,2.82,0.0,1.02,C00751,Dammam,E097,Mobile,Completed,0,2.82
ORD002196,2024-12-16 19:08:01,P0352,Earol Ear Drops Pack - Store Brand - Store Brand - Store Brand - Store Brand,Ear Care,2,9.26,0.46,5.68,C00127,Jeddah,E092,Mobile,Cancelled,0,8.8
ORD002197,2024-08-08 17:18:20,P0040,Nivea Body Lotion 400ml Pack,Personal Care,3,123.42,12.34,40.35,C00620,Riyadh,E052,Web,Completed,0,111.08
ORD002198,2024-09-02 21:45:27,P0359,Multivitamin Gummies Kids Bottle - Store Brand,Vitamins,1,49.14,0.0,15.94,C00069,Riyadh,E116,Web,Completed,1,49.14
ORD002199,2024-09-28 23:42:26,P0306,Mometasone Furoate 0.1% 15g Pack - Store Brand - Store Brand - Store Brand,Dermatology,1,38.09,0.0,22.58,C00134,Mecca,E069,Web,Completed,1,38.09
ORD002200,2024-10-23 04:09:16,P0077,Duphaston 10mg Bottle,Women's Health,1,78.29,3.91,34.78,C00428,Riyadh,E001,Web,Completed,0,74.38
ORD002201,2024-06-25 17:57:09,P0268,Duphaston 10mg Pack - Store Brand - Store Brand - Store Brand,Women's Health,3,76.14,7.61,34.68,C00832,Medina,E020,Web,Completed,0,68.53
ORD002202,2025-01-16 07:00:20,P0194,Savlon Antiseptic 100ml Bottle - Store Brand,First Aid,1,14.48,0.0,5.98,C00283,Khobar,E066,Mobile,Completed,0,14.48
ORD002203,2025-06-09 09:47:32,P0063,Earol Ear Drops Box,Ear Care,4,85.04,12.76,37.64,C00718,Dammam,E085,Web,Completed,0,72.28
ORD002204,2025-03-27 19:12:49,P0303,Band-Aid Assorted Box - Store Brand - Store Brand,First Aid,1,7.04,0.7,3.81,C00025,Khobar,E033,Mobile,Completed,0,6.34
ORD002205,2025-01-03 00:37:24,P0232,Clobetasol Cream 0.05% 30g Box - Store Brand,Dermatology,1,86.45,8.65,32.72,C00723,Dammam,E010,Web,Completed,0,77.8
ORD002206,2024-12-04 05:55:49,P0253,Duphaston 10mg Pack - Store Brand - Store Brand,Women's Health,2,75.28,0.0,29.62,C00515,Mecca,E073,Retail,Completed,1,75.28
ORD002207,2025-06-26 02:51:06,P0358,Pampers Baby Dry Pack - Store Brand - Store Brand - Store Brand,Baby Care,5,169.05,16.9,66.4,C00252,Riyadh,E058,Mobile,Completed,0,152.15
ORD002208,2024-05-08 17:25:20,P0377,Duphaston 10mg Pack - Store Brand - Store Brand,Women's Health,2,82.5,0.0,28.36,C00533,Mecca,E104,Web,Completed,1,82.5
ORD002209,2024-07-23 22:05:38,P0277,Redoxon Vitamin C 1000mg Pack - Store Brand,Vitamins,3,72.84,0.0,33.63,C00761,Mecca,E080,Retail,Completed,0,72.84
ORD002210,2025-08-18 20:58:11,P0177,Mometasone Furoate 0.1% 15g Box - Store Brand,Dermatology,1,93.92,9.39,31.36,C00858,Jeddah,E010,Retail,Completed,1,84.53
ORD002211,2025-07-17 18:33:23,P0353,Duphaston 10mg Pack - Store Brand - Store Brand,Women's Health,2,80.46,12.07,27.24,C00019,Riyadh,E052,Web,Returned,1,68.39
ORD002212,2024-09-06 10:41:08,P0004,Panadol Advance Pack,Pain Relief,1,17.36,2.6,6.69,C00370,Khobar,E063,Retail,Completed,0,14.76
ORD002213,2024-07-03 09:08:24,P0266,Symbicort Inhaler Pack - Store Brand,Respiratory,2,482.26,72.34,261.9,C00940,Medina,E087,Mobile,Completed,0,409.92
ORD002214,2025-06-13 23:07:29,P0134,Symbicort Inhaler Pack - Store Brand,Respiratory,5,1505.6,225.84,554.6,C00900,Medina,E084,Mobile,Completed,0,1279.76
ORD002215,2025-07-26 01:17:30,P0147,Clobetasol Cream 0.05% 30g Pack - Store Brand,Dermatology,3,252.48,25.25,75.69,C00510,Dammam,E026,Web,Completed,1,227.23
ORD002216,2024-12-03 08:48:59,P0062,Earol Ear Drops Bottle,Ear Care,1,25.88,0.0,10.47,C00592,Medina,E066,Mobile,Completed,0,25.88
ORD002217,2024-08-11 02:10:35,P0280,Clobetasol Cream 0.05% 30g Box - Store Brand - Store Brand,Dermatology,1,54.33,2.72,25.84,C00174,Mecca,E006,Web,Completed,0,51.61
ORD002218,2024-04-10 05:40:24,P0337,NeoCitran Hot Drink Pack - Store Brand - Store Brand - Store Brand,Cold & Flu,3,26.25,3.94,13.65,C00048,Medina,E104,Web,Cancelled,1,22.31
ORD002219,2024-10-29 15:06:51,P0200,Imodium 2mg Box - Store Brand - Store Brand,Gastrointestinal,2,34.06,0.0,15.68,C00393,Jeddah,E001,Web,Returned,1,34.06
ORD002220,2025-01-24 06:34:20,P0073,Pampers Baby Dry Pack,Baby Care,1,121.89,18.28,53.75,C00878,Mecca,E064,Web,Completed,1,103.61
ORD002221,2024-11-18 08:55:23,P0125,Duphaston 10mg Pack - Store Brand,Women's Health,4,233.2,0.0,78.68,C01110,Mecca,E054,Mobile,Completed,0,233.2
ORD002222,2025-02-17 08:12:55,P0278,Pampers Baby Dry Pack - Store Brand - Store Brand - Store Brand,Baby Care,3,123.18,0.0,48.66,C00480,Khobar,E033,Retail,Completed,1,123.18
ORD002223,2024-09-28 16:39:27,P0034,Cetaphil Gentle Cleanser Pack,Skincare,1,80.17,4.01,28.69,C00876,Jeddah,E061,Web,Completed,1,76.16
ORD002224,2024-10-20 13:08:41,P0227,Panadol Extra Box - Store Brand - Store Brand,Pain Relief,2,12.0,0.6,3.4,C00271,Dammam,E060,Web,Completed,0,11.4
ORD002225,2024-07-07 15:41:49,P0201,Voltaren Emulgel 50g Bottle - Store Brand - Store Brand,Pain Relief,2,45.3,6.79,17.56,C00078,Riyadh,E029,Web,Completed,0,38.51
ORD002226,2025-06-27 00:05:29,P0347,Refresh Tears Eye Drops Box - Store Brand - Store Brand - Store Brand,Eye Care,2,23.3,0.0,17.12,C00755,Dammam,E023,Web,Completed,0,23.3
ORD002227,2025-03-17 08:05:21,P0016,Vicks VapoRub 50g Pack,Cold & Flu,2,35.22,1.76,12.6,C00989,Mecca,E055,Web,Cancelled,0,33.46
ORD002228,2025-07-12 22:33:26,P0130,Symbicort Inhaler Bottle - Store Brand - Store Brand,Respiratory,1,189.29,18.93,102.82,C00113,Dammam,E079,Web,Returned,1,170.36
ORD002229,2025-08-15 15:10:26,P0153,Aspirin 100mg Bottle - Store Brand - Store Brand,Pain Relief,2,7.98,0.8,3.16,C00563,Jeddah,E043,Mobile,Completed,0,7.18
ORD002230,2024-09-10 22:34:01,P0278,Pampers Baby Dry Pack - Store Brand - Store Brand - Store Brand,Baby Care,1,41.06,4.11,16.22,C00400,Mecca,E101,Web,Completed,0,36.95
ORD002231,2025-01-24 04:18:40,P0147,Clobetasol Cream 0.05% 30g Pack - Store Brand,Dermatology,2,168.32,8.42,50.46,C00488,Khobar,E097,Mobile,Completed,0,159.9
ORD002232,2024-10-23 04:18:28,P0302,Voltaren Emulgel 50g Bottle - Store Brand - Store Brand,Pain Relief,2,47.64,4.76,23.42,C00554,Jeddah,E029,Mobile,Completed,1,42.88
ORD002233,2024-10-13 20:43:52,P0278,Pampers Baby Dry Pack - Store Brand - Store Brand - Store Brand,Baby Care,1,41.06,2.05,16.22,C00205,Mecca,E019,Web,Completed,1,39.01
ORD002234,2024-06-30 15:00:08,P0247,Otrivin Nasal Spray Box - Store Brand - Store Brand,Cold & Flu,2,29.3,4.39,10.18,C00784,Mecca,E093,Retail,Cancelled,0,24.91
ORD002235,2024-06-08 10:53:23,P0343,Imodium 2mg Box - Store Brand - Store Brand - Store Brand - Store Brand,Gastrointestinal,1,7.49,0.0,4.36,C00755,Dammam,E002,Retail,Completed,1,7.49
ORD002236,2024-07-01 05:38:13,P0059,Refresh Tears Eye Drops Bottle,Eye Care,1,45.02,2.25,15.26,C00816,Riyadh,E015,Retail,Completed,1,42.77
ORD002237,2024-12-01 19:40:45,P0070,Johnson's Baby Oil 200ml Pack,Baby Care,1,39.18,3.92,15.6,C00330,Jeddah,E025,Web,Completed,1,35.26
ORD002238,2025-01-04 18:41:21,P0230,Clobetasol Cream 0.05% 30g Pack - Store Brand,Dermatology,1,71.71,3.59,26.76,C00632,Riyadh,E110,Mobile,Completed,0,68.12
ORD002239,2024-04-25 07:09:43,P0199,Otrivin Nasal Spray Bottle - Store Brand,Cold & Flu,1,14.7,2.2,7.77,C00928,Riyadh,E109,Web,Returned,0,12.5
ORD002240,2025-07-10 11:57:56,P0247,Otrivin Nasal Spray Box - Store Brand - Store Brand,Cold & Flu,1,14.65,0.0,5.09,C00718,Dammam,E106,Web,Completed,0,14.65
ORD002241,2024-06-13 19:05:19,P0321,Gaviscon 200ml Bottle - Store Brand - Store Brand,Gastrointestinal,1,32.0,0.0,8.97,C00342,Riyadh,E027,Mobile,Completed,1,32.0
ORD002242,2024-12-24 16:01:30,P0158,Imodium 2mg Box - Store Brand,Gastrointestinal,2,48.04,7.21,16.28,C00160,Medina,E025,Web,Completed,1,40.83
ORD002243,2024-03-24 18:26:12,P0131,Band-Aid Assorted Bottle - Store Brand - Store Brand,First Aid,2,10.24,1.54,5.62,C00363,Dammam,E104,Web,Completed,0,8.7
ORD002244,2024-05-15 09:28:51,P0037,Neutrogena Hydro Boost Pack,Skincare,1,125.66,12.57,44.5,C00814,Khobar,E071,Web,Completed,0,113.09
ORD002245,2025-01-24 23:27:10,P0365,Otrivin Nasal Spray Box - Store Brand,Cold & Flu,1,18.99,0.0,7.08,C00518,Dammam,E010,Web,Completed,0,18.99
ORD002246,2024-04-29 07:06:45,P0286,Femibion Prenatal Box - Store Brand - Store Brand,Vitamins,4,301.16,30.12,160.36,C00771,Riyadh,E114,Web,Completed,0,271.04
ORD002247,2025-08-25 22:54:23,P0152,NeoCitran Hot Drink Pack - Store Brand - Store Brand,Cold & Flu,3,31.32,0.0,19.74,C00099,Jeddah,E110,Web,Completed,0,31.32
ORD002248,2024-08-12 04:41:44,P0110,Imodium 2mg Box - Store Brand,Gastrointestinal,1,24.3,1.22,9.32,C00939,Mecca,E084,Web,Completed,1,23.08
ORD002249,2025-06-16 00:53:46,P0270,Redoxon Vitamin C 1000mg Pack - Store Brand - Store Brand,Vitamins,2,35.0,5.25,14.82,C01111,Mecca,E101,Mobile,Completed,0,29.75
ORD002250,2025-05-25 20:25:21,P0285,Voltaren Emulgel 50g Bottle - Store Brand - Store Brand - Store Brand,Pain Relief,3,56.64,5.66,29.7,C00527,Mecca,E091,Mobile,Completed,0,50.98
ORD002251,2025-01-13 05:36:06,P0345,Otrivin Nasal Spray Box - Store Brand - Store Brand - Store Brand,Cold & Flu,3,26.4,0.0,11.49,C01188,Khobar,E020,Retail,Completed,1,26.4
ORD002252,2025-02-26 07:02:01,P0031,Omega-3 Fish Oil Pack,Vitamins,4,377.16,0.0,169.08,C00832,Medina,E060,Web,Cancelled,0,377.16
ORD002253,2024-08-31 09:39:13,P0377,Duphaston 10mg Pack - Store Brand - Store Brand,Women's Health,4,165.0,0.0,56.72,C00374,Khobar,E020,Web,Completed,0,165.0
ORD002254,2024-04-28 10:07:04,P0300,Nivea Body Lotion 400ml Bottle - Store Brand - Store Brand - Store Brand,Personal Care,1,10.21,1.02,7.72,C00621,Medina,E055,Web,Completed,0,9.19
ORD002255,2024-07-24 20:13:39,P0115,NeoCitran Hot Drink Pack - Store Brand,Cold & Flu,1,16.2,0.81,8.05,C00980,Medina,E067,Retail,Completed,0,15.39
ORD002256,2024-03-30 04:58:19,P0107,Refresh Tears Eye Drops Box - Store Brand - Store Brand,Eye Care,1,22.3,1.12,12.17,C00509,Riyadh,E043,Web,Cancelled,0,21.18
ORD002257,2024-08-28 17:44:54,P0314,Omega-3 Fish Oil Bottle - Store Brand,Vitamins,4,238.64,11.93,107.72,C00876,Jeddah,E003,Web,Completed,1,226.71
ORD002258,2025-02-28 11:35:04,P0267,Voltaren Emulgel 50g Bottle - Store Brand - Store Brand - Store Brand,Pain Relief,1,15.09,0.0,8.04,C01098,Dammam,E086,Retail,Completed,0,15.09
ORD002259,2024-03-31 06:49:31,P0195,Johnson's Baby Oil 200ml Bottle - Store Brand - Store Brand,Baby Care,2,44.0,6.6,14.72,C01190,Medina,E019,Mobile,Completed,0,37.4
ORD002260,2024-11-22 18:47:28,P0303,Band-Aid Assorted Box - Store Brand - Store Brand,First Aid,1,7.04,0.0,3.81,C00216,Khobar,E023,Web,Completed,0,7.04
ORD002261,2024-05-22 17:46:58,P0183,Band-Aid Assorted Box - Store Brand - Store Brand - Store Brand,First Aid,5,31.7,1.58,13.4,C00165,Medina,E117,Web,Completed,0,30.12
ORD002262,2025-04-05 17:26:47,P0114,Otrivin Nasal Spray Box - Store Brand - Store Brand,Cold & Flu,1,12.95,0.0,6.44,C00750,Dammam,E028,Web,Completed,0,12.95
ORD002263,2024-04-28 05:10:43,P0198,Nivea Body Lotion 400ml Bottle - Store Brand,Personal Care,1,23.75,2.38,12.35,C01145,Riyadh,E059,Web,Returned,0,21.37
ORD002264,2024-06-01 13:07:52,P0276,Earol Ear Drops Pack - Store Brand - Store Brand - Store Brand,Ear Care,2,12.64,0.63,7.5,C00122,Jeddah,E021,Mobile,Completed,0,12.01
ORD002265,2025-01-06 22:03:44,P0052,Clobetasol Cream 0.05% 30g Pack,Dermatology,1,104.0,15.6,38.09,C01079,Dammam,E118,Mobile,Completed,1,88.4
ORD002266,2024-06-09 21:01:41,P0338,Aspirin 100mg Bottle - Store Brand - Store Brand - Store Brand,Pain Relief,4,9.12,1.37,3.72,C00993,Mecca,E083,Mobile,Completed,0,7.75
ORD002267,2025-02-07 11:16:32,P0159,Panadol Extra Box - Store Brand,Pain Relief,1,9.53,0.48,2.71,C00573,Riyadh,E119,Web,Completed,0,9.05
ORD002268,2025-05-13 22:21:10,P0217,Femibion Prenatal Box - Store Brand - Store Brand,Vitamins,4,391.48,58.72,130.96,C00129,Khobar,E020,Mobile,Completed,0,332.76
ORD002269,2024-12-11 15:35:02,P0033,Omega-3 Fish Oil Box,Vitamins,2,201.32,0.0,76.98,C01091,Riyadh,E024,Web,Completed,0,201.32
ORD002270,2025-01-16 05:20:20,P0174,Duphaston 10mg Pack - Store Brand,Women's Health,1,53.05,5.3,19.67,C00772,Medina,E092,Web,Completed,0,47.75
ORD002271,2024-10-01 03:13:10,P0373,Femibion Prenatal Pack - Store Brand - Store Brand,Vitamins,2,175.16,8.76,74.06,C00854,Riyadh,E058,Mobile,Returned,0,166.4
ORD002272,2024-06-08 10:20:38,P0363,Earol Ear Drops Pack - Store Brand,Ear Care,1,14.68,0.0,7.23,C00732,Riyadh,E007,Web,Completed,0,14.68
ORD002273,2024-09-22 01:07:47,P0065,Gaviscon 200ml Bottle,Gastrointestinal,3,151.68,22.75,52.47,C00441,Mecca,E104,Retail,Completed,0,128.93
ORD002274,2025-03-10 22:09:00,P0302,Voltaren Emulgel 50g Bottle - Store Brand - Store Brand,Pain Relief,4,95.28,14.29,46.84,C00242,Medina,E038,Mobile,Completed,0,80.99
ORD002275,2025-06-30 15:42:06,P0081,Femibion Prenatal Box,Vitamins,1,159.3,0.0,75.87,C00250,Khobar,E076,Retail,Completed,0,159.3
ORD002276,2024-08-08 09:11:20,P0227,Panadol Extra Box - Store Brand - Store Brand,Pain Relief,2,12.0,0.0,3.4,C01075,Khobar,E064,Web,Completed,1,12.0
ORD002277,2025-01-18 04:33:30,P0006,Panadol Advance Box,Pain Relief,3,49.17,2.46,22.8,C01160,Riyadh,E029,Mobile,Completed,0,46.71
ORD002278,2024-12-28 03:29:31,P0346,Refresh Tears Eye Drops Bottle - Store Brand,Eye Care,4,125.44,6.27,44.88,C00678,Medina,E019,Web,Completed,0,119.17
ORD002279,2025-09-06 02:25:22,P0363,Earol Ear Drops Pack - Store Brand,Ear Care,4,58.72,8.81,28.92,C00442,Mecca,E109,Retail,Completed,0,49.91
ORD002280,2025-09-11 17:42:02,P0055,Mometasone Furoate 0.1% 15g Pack,Dermatology,2,212.74,10.64,94.74,C00882,Jeddah,E026,Retail,Completed,1,202.1
ORD002281,2024-04-06 08:31:02,P0190,Band-Aid Assorted Box - Store Brand - Store Brand - Store Brand,First Aid,1,5.34,0.8,2.37,C00317,Dammam,E066,Mobile,Returned,0,4.54
ORD002282,2024-10-19 10:20:53,P0031,Omega-3 Fish Oil Pack,Vitamins,2,188.58,9.43,84.54,C00289,Mecca,E002,Retail,Completed,1,179.15
ORD002283,2025-04-21 03:29:18,P0059,Refresh Tears Eye Drops Bottle,Eye Care,3,135.06,0.0,45.78,C00899,Jeddah,E079,Mobile,Completed,1,135.06
ORD002284,2025-04-12 20:55:38,P0394,Femibion Prenatal Pack - Store Brand - Store Brand,Vitamins,1,67.82,3.39,37.99,C01080,Mecca,E051,Web,Completed,0,64.43
ORD002285,2025-06-30 05:47:32,P0157,Mometasone Furoate 0.1% 15g Box - Store Brand,Dermatology,3,278.19,41.73,95.28,C01023,Medina,E030,Web,Completed,1,236.46
ORD002286,2025-03-26 06:19:47,P0347,Refresh Tears Eye Drops Box - Store Brand - Store Brand - Store Brand,Eye Care,1,11.65,0.58,8.56,C00936,Dammam,E021,Retail,Completed,0,11.07
ORD002287,2025-02-10 22:03:35,P0375,Otrivin Nasal Spray Pack - Store Brand,Cold & Flu,1,18.04,2.71,8.93,C00035,Medina,E045,Mobile,Completed,0,15.33
ORD002288,2024-04-13 13:02:53,P0087,Symbicort Inhaler Box,Respiratory,3,1145.73,57.29,596.1,C01160,Riyadh,E020,Mobile,Completed,0,1088.44
ORD002289,2025-02-04 19:45:35,P0307,Duphaston 10mg Pack - Store Brand - Store Brand - Store Brand,Women's Health,1,23.95,1.2,10.28,C00559,Medina,E076,Web,Completed,1,22.75
ORD002290,2024-09-19 15:03:56,P0220,Panadol Advance Box - Store Brand,Pain Relief,2,20.06,3.01,9.56,C00502,Dammam,E086,Mobile,Completed,1,17.05
ORD002291,2024-08-03 20:16:48,P0127,Pampers Baby Dry Box - Store Brand,Baby Care,4,397.16,39.72,162.48,C00619,Dammam,E086,Mobile,Completed,1,357.44
ORD002292,2025-01-09 18:43:28,P0134,Symbicort Inhaler Pack - Store Brand,Respiratory,1,301.12,30.11,110.92,C00057,Khobar,E080,Mobile,Completed,0,271.01
ORD002293,2024-06-06 09:14:58,P0227,Panadol Extra Box - Store Brand - Store Brand,Pain Relief,1,6.0,0.0,1.7,C00929,Mecca,E029,Mobile,Completed,0,6.0
ORD002294,2024-04-25 20:11:09,P0136,Panadol Advance Box - Store Brand,Pain Relief,1,11.22,0.56,6.07,C00305,Mecca,E091,Retail,Completed,0,10.66
ORD002295,2024-08-07 06:40:12,P0195,Johnson's Baby Oil 200ml Bottle - Store Brand - Store Brand,Baby Care,4,88.0,0.0,29.44,C00648,Dammam,E107,Web,Completed,0,88.0
ORD002296,2025-04-24 03:43:22,P0257,Refresh Tears Eye Drops Pack - Store Brand,Eye Care,3,104.82,0.0,37.86,C00011,Dammam,E092,Web,Completed,1,104.82
ORD002297,2025-05-19 01:42:05,P0085,Symbicort Inhaler Pack,Respiratory,2,779.46,116.92,362.28,C01053,Riyadh,E052,Web,Completed,0,662.54
ORD002298,2025-05-09 06:47:28,P0168,Vicks VapoRub 50g Bottle - Store Brand,Cold & Flu,1,10.43,0.0,3.83,C01177,Riyadh,E050,Web,Completed,0,10.43
ORD002299,2025-08-28 06:17:12,P0383,Symbicort Inhaler Bottle - Store Brand - Store Brand - Store Brand - Store Brand - Store Brand,Respiratory,1,69.77,10.47,43.68,C00028,Khobar,E023,Mobile,Completed,1,59.3
ORD002300,2025-03-01 11:16:36,P0248,Voltaren Emulgel 50g Bottle - Store Brand - Store Brand,Pain Relief,2,58.2,8.73,17.22,C00526,Mecca,E032,Mobile,Completed,1,49.47
ORD002301,2025-07-31 08:48:41,P0334,Earol Ear Drops Pack - Store Brand - Store Brand - Store Brand - Store Brand,Ear Care,2,9.0,1.35,6.42,C00629,Dammam,E096,Web,Completed,1,7.65
ORD002302,2024-07-01 09:35:48,P0232,Clobetasol Cream 0.05% 30g Box - Store Brand,Dermatology,1,86.45,4.32,32.72,C00210,Mecca,E015,Mobile,Completed,1,82.13
ORD002303,2024-07-13 11:05:08,P0207,Aspirin 100mg Bottle - Store Brand - Store Brand,Pain Relief,1,3.66,0.18,1.42,C00534,Medina,E024,Web,Completed,0,3.48
ORD002304,2024-10-29 19:23:46,P0370,Johnson's Baby Oil 200ml Pack - Store Brand,Baby Care,1,30.82,3.08,12.47,C00503,Mecca,E069,Web,Returned,0,27.74
ORD002305,2025-04-04 03:26:32,P0227,Panadol Extra Box - Store Brand - Store Brand,Pain Relief,5,30.0,0.0,8.5,C00736,Khobar,E012,Web,Completed,0,30.0
ORD002306,2025-02-01 12:19:14,P0370,Johnson's Baby Oil 200ml Pack - Store Brand,Baby Care,2,61.64,6.16,24.94,C00474,Dammam,E074,Mobile,Completed,0,55.48
ORD002307,2025-04-25 23:04:21,P0302,Voltaren Emulgel 50g Bottle - Store Brand - Store Brand,Pain Relief,3,71.46,0.0,35.13,C00553,Jeddah,E095,Mobile,Completed,1,71.46
ORD002308,2025-02-13 22:31:39,P0091,Multivitamin Gummies Kids Pack,Vitamins,2,122.0,6.1,49.14,C00015,Medina,E091,Web,Completed,0,115.9
ORD002309,2024-07-26 05:58:46,P0320,Brufen 400mg Box - Store Brand - Store Brand,Pain Relief,2,17.82,0.89,9.38,C00210,Mecca,E070,Web,Completed,0,16.93
ORD002310,2024-11-27 21:23:28,P0071,Johnson's Baby Oil 200ml Bottle,Baby Care,2,73.62,7.36,31.26,C01012,Mecca,E104,Web,Completed,0,66.26
ORD002311,2025-05-24 00:53:01,P0161,Gaviscon 200ml Bottle - Store Brand,Gastrointestinal,3,114.09,11.41,43.86,C00519,Dammam,E071,Mobile,Returned,0,102.68
ORD002312,2025-08-17 14:15:20,P0107,Refresh Tears Eye Drops Box - Store Brand - Store Brand,Eye Care,3,66.9,0.0,36.51,C01155,Medina,E008,Web,Completed,1,66.9
ORD002313,2024-07-28 08:41:32,P0232,Clobetasol Cream 0.05% 30g Box - Store Brand,Dermatology,4,345.8,51.87,130.88,C00694,Dammam,E120,Web,Completed,0,293.93
ORD002314,2025-04-16 13:46:50,P0069,Imodium 2mg Box,Gastrointestinal,2,62.96,9.44,22.34,C00310,Jeddah,E087,Mobile,Returned,0,53.52
ORD002315,2025-04-02 15:10:41,P0152,NeoCitran Hot Drink Pack - Store Brand - Store Brand,Cold & Flu,2,20.88,0.0,13.16,C00663,Medina,E065,Web,Completed,1,20.88
ORD002316,2024-08-07 11:23:05,P0385,Otrivin Nasal Spray Box - Store Brand - Store Brand,Cold & Flu,1,13.26,0.0,5.75,C00861,Dammam,E032,Web,Completed,0,13.26
ORD002317,2024-03-23 14:32:34,P0140,Ventolin Inhaler Bottle - Store Brand,Respiratory,5,743.35,37.17,346.9,C00622,Riyadh,E020,Mobile,Completed,0,706.18
ORD002318,2024-09-14 04:54:05,P0045,Sensodyne Repair & Protect Box,Oral Care,3,95.1,4.76,38.07,C00631,Medina,E013,Mobile,Completed,0,90.34
ORD002319,2024-12-19 07:11:12,P0363,Earol Ear Drops Pack - Store Brand,Ear Care,4,58.72,8.81,28.92,C01053,Riyadh,E095,Mobile,Completed,1,49.91
ORD002320,2024-11-30 16:31:31,P0053,Clobetasol Cream 0.05% 30g Bottle,Dermatology,3,339.33,0.0,132.96,C00923,Khobar,E052,Retail,Completed,1,339.33
ORD002321,2024-06-04 17:39:10,P0251,Johnson's Baby Oil 200ml Bottle - Store Brand - Store Brand - Store Brand - Store Brand,Baby Care,3,44.04,6.61,8.31,C00763,Mecca,E097,Mobile,Completed,0,37.43
ORD002322,2024-03-27 20:12:10,P0212,Mometasone Furoate 0.1% 15g Pack - Store Brand - Store Brand - Store Brand,Dermatology,2,54.24,0.0,49.86,C00582,Riyadh,E110,Mobile,Completed,0,54.24
ORD002323,2025-07-18 10:41:40,P0298,Aspirin 100mg Bottle - Store Brand - Store Brand,Pain Relief,1,3.86,0.58,1.46,C00748,Dammam,E053,Web,Completed,0,3.28
ORD002324,2024-12-21 15:24:10,P0012,Voltaren Emulgel 50g Box,Pain Relief,5,245.1,36.76,102.65,C00912,Jeddah,E075,Retail,Completed,0,208.34
ORD002325,2024-12-19 18:40:04,P0048,Savlon Antiseptic 100ml Box,First Aid,3,55.02,2.75,19.53,C00278,Jeddah,E095,Mobile,Cancelled,0,52.27
ORD002326,2025-01-20 12:05:14,P0097,Femibion Prenatal Box - Store Brand,Vitamins,1,119.48,17.92,49.31,C01079,Dammam,E069,Web,Completed,0,101.56
ORD002327,2025-06-12 09:17:33,P0220,Panadol Advance Box - Store Brand,Pain Relief,4,40.12,2.01,19.12,C00625,Dammam,E042,Web,Completed,0,38.11
ORD002328,2024-12-14 17:13:15,P0394,Femibion Prenatal Pack - Store Brand - Store Brand,Vitamins,1,67.82,6.78,37.99,C00198,Mecca,E086,Web,Completed,1,61.04
ORD002329,2024-11-09 07:47:21,P0172,Imodium 2mg Pack - Store Brand - Store Brand,Gastrointestinal,4,69.44,0.0,21.04,C00762,Riyadh,E057,Web,Completed,1,69.44
ORD002330,2025-02-14 13:29:49,P0397,Omega-3 Fish Oil Pack - Store Brand - Store Brand - Store Brand - Store Brand - Store Brand,Vitamins,2,37.16,3.72,15.94,C01135,Medina,E009,Mobile,Completed,1,33.44
ORD002331,2025-04-03 05:42:01,P0022,Otrivin Nasal Spray Pack,Cold & Flu,1,30.0,0.0,11.92,C00298,Dammam,E071,Mobile,Completed,1,30.0
ORD002332,2024-10-06 23:07:00,P0163,Colgate Total Box - Store Brand,Oral Care,2,27.48,2.75,10.02,C00021,Mecca,E052,Web,Returned,0,24.73
ORD002333,2025-07-08 10:05:03,P0333,Gaviscon 200ml Bottle - Store Brand - Store Brand - Store Brand,Gastrointestinal,4,96.48,9.65,27.48,C00622,Riyadh,E015,Web,Completed,1,86.83
ORD002334,2025-04-30 01:52:37,P0167,Pampers Baby Dry Pack - Store Brand,Baby Care,5,411.15,41.12,168.5,C00437,Medina,E027,Web,Completed,0,370.03
ORD002335,2025-01-12 18:15:33,P0389,Clobetasol Cream 0.05% 30g Bottle - Store Brand - Store Brand,Dermatology,1,65.23,0.0,26.36,C00295,Dammam,E034,Web,Completed,0,65.23
ORD002336,2025-08-19 20:15:06,P0007,Aspirin 100mg Pack,Pain Relief,2,15.58,2.34,5.94,C00048,Medina,E113,Web,Returned,0,13.24
ORD002337,2024-04-16 08:34:06,P0078,Duphaston 10mg Box,Women's Health,1,82.15,4.11,33.18,C00374,Khobar,E059,Web,Completed,0,78.04
ORD002338,2024-04-06 00:14:59,P0085,Symbicort Inhaler Pack,Respiratory,4,1558.92,77.95,724.56,C01119,Jeddah,E035,Mobile,Completed,0,1480.97
ORD002339,2024-09-10 23:10:48,P0044,Sensodyne Repair & Protect Bottle,Oral Care,1,30.13,1.51,12.93,C01130,Jeddah,E112,Mobile,Completed,1,28.62
ORD002340,2024-11-14 23:07:14,P0107,Refresh Tears Eye Drops Box - Store Brand - Store Brand,Eye Care,3,66.9,3.35,36.51,C00735,Medina,E080,Mobile,Completed,0,63.55
ORD002341,2025-05-26 18:06:29,P0055,Mometasone Furoate 0.1% 15g Pack,Dermatology,1,106.37,5.32,47.37,C00872,Dammam,E002,Web,Returned,0,101.05
ORD002342,2024-04-01 20:27:57,P0089,Colgate Total Bottle,Oral Care,1,18.94,0.95,7.44,C00177,Jeddah,E006,Mobile,Completed,1,17.99
ORD002343,2024-06-10 01:21:26,P0049,Band-Aid Assorted Pack,First Aid,2,23.78,2.38,9.04,C00826,Mecca,E083,Web,Completed,0,21.4
ORD002344,2025-01-17 20:57:19,P0253,Duphaston 10mg Pack - Store Brand - Store Brand,Women's Health,1,37.64,3.76,14.81,C00468,Medina,E099,Mobile,Completed,0,33.88
ORD002345,2025-02-21 12:11:06,P0165,Otrivin Nasal Spray Box - Store Brand - Store Brand,Cold & Flu,2,25.32,0.0,9.58,C01014,Jeddah,E065,Mobile,Completed,0,25.32
ORD002346,2025-08-12 15:45:05,P0397,Omega-3 Fish Oil Pack - Store Brand - Store Brand - Store Brand - Store Brand - Store Brand,Vitamins,1,18.58,2.79,7.97,C00304,Dammam,E021,Web,Completed,0,15.79
ORD002347,2024-04-16 05:25:03,P0173,Cetaphil Gentle Cleanser Box - Store Brand,Skincare,1,61.32,3.07,22.75,C00595,Jeddah,E055,Web,Completed,0,58.25
ORD002348,2024-09-18 08:01:27,P0056,Mometasone Furoate 0.1% 15g Bottle,Dermatology,1,104.79,10.48,43.65,C01006,Dammam,E039,Retail,Completed,0,94.31
ORD002349,2025-01-22 12:39:21,P0366,Omega-3 Fish Oil Box - Store Brand - Store Brand,Vitamins,2,83.94,8.39,41.62,C00582,Riyadh,E055,Mobile,Returned,0,75.55
ORD002350,2024-07-28 23:59:21,P0305,Multivitamin Gummies Kids Bottle - Store Brand,Vitamins,1,44.68,0.0,16.67,C00584,Mecca,E049,Web,Completed,0,44.68
ORD002351,2024-11-29 07:43:29,P0202,Symbicort Inhaler Bottle - Store Brand - Store Brand - Store Brand - Store Brand - Store Brand,Respiratory,4,273.48,41.02,155.72,C00924,Khobar,E112,Web,Completed,1,232.46
ORD002352,2024-08-08 10:15:48,P0279,Cetaphil Gentle Cleanser Box - Store Brand - Store Brand,Skincare,1,46.89,2.34,13.22,C01005,Riyadh,E016,Mobile,Completed,0,44.55
ORD002353,2025-07-29 08:16:35,P0292,Band-Aid Assorted Bottle - Store Brand - Store Brand - Store Brand,First Aid,2,10.54,1.05,3.94,C00361,Dammam,E057,Mobile,Completed,0,9.49
ORD002354,2025-03-31 02:33:32,P0117,Redoxon Vitamin C 1000mg Pack - Store Brand,Vitamins,4,96.88,9.69,34.92,C00476,Riyadh,E070,Web,Completed,0,87.19
ORD002355,2025-06-29 21:29:53,P0065,Gaviscon 200ml Bottle,Gastrointestinal,1,50.56,7.58,17.49,C00378,Dammam,E042,Web,Completed,0,42.98
ORD002356,2025-05-12 00:46:03,P0266,Symbicort Inhaler Pack - Store Brand,Respiratory,1,241.13,0.0,130.95,C01145,Riyadh,E063,Mobile,Returned,0,241.13
ORD002357,2024-12-06 15:08:01,P0132,Neutrogena Hydro Boost Pack - Store Brand,Skincare,3,284.46,14.22,102.81,C00623,Dammam,E014,Web,Completed,0,270.24
ORD002358,2024-03-25 13:13:03,P0061,Earol Ear Drops Pack,Ear Care,3,60.03,9.0,28.53,C00612,Mecca,E017,Mobile,Returned,0,51.03
ORD002359,2025-03-24 19:35:05,P0022,Otrivin Nasal Spray Pack,Cold & Flu,1,30.0,1.5,11.92,C00577,Mecca,E082,Retail,Completed,1,28.5
ORD002360,2024-10-19 05:27:38,P0347,Refresh Tears Eye Drops Box - Store Brand - Store Brand - Store Brand,Eye Care,2,23.3,1.16,17.12,C00633,Khobar,E080,Web,Completed,0,22.14
ORD002361,2025-05-27 09:14:17,P0305,Multivitamin Gummies Kids Bottle - Store Brand,Vitamins,1,44.68,2.23,16.67,C00441,Mecca,E075,Mobile,Completed,0,42.45
ORD002362,2024-07-09 15:58:35,P0317,Duphaston 10mg Pack - Store Brand - Store Brand - Store Brand,Women's Health,3,81.45,8.15,32.61,C00841,Dammam,E013,Web,Returned,0,73.3
ORD002363,2025-04-06 23:35:42,P0368,Sensodyne Repair & Protect Box - Store Brand - Store Brand - Store Brand,Oral Care,1,12.43,0.0,3.91,C01112,Jeddah,E058,Web,Completed,0,12.43
ORD002364,2025-05-07 22:15:23,P0322,Pampers Baby Dry Bottle - Store Brand - Store Brand,Baby Care,4,303.84,0.0,149.96,C00799,Medina,E047,Web,Completed,1,303.84
ORD002365,2025-03-10 16:26:06,P0273,Aspirin 100mg Bottle - Store Brand - Store Brand - Store Brand,Pain Relief,1,2.57,0.39,1.05,C00940,Medina,E030,Mobile,Completed,0,2.18
ORD002366,2024-07-10 14:24:05,P0084,Ventolin Inhaler Box,Respiratory,1,234.11,23.41,102.91,C00120,Dammam,E015,Mobile,Completed,0,210.7
ORD002367,2024-12-24 19:09:29,P0187,Omega-3 Fish Oil Pack - Store Brand,Vitamins,2,135.34,20.3,69.04,C00122,Jeddah,E026,Web,Completed,0,115.04
ORD002368,2024-04-20 10:23:53,P0009,Aspirin 100mg Box,Pain Relief,1,7.35,1.1,2.95,C01008,Jeddah,E066,Mobile,Completed,0,6.25
ORD002369,2025-05-08 12:23:21,P0189,Aspirin 100mg Pack - Store Brand - Store Brand - Store Brand,Pain Relief,1,3.71,0.0,0.98,C00319,Jeddah,E112,Mobile,Completed,0,3.71
ORD002370,2025-08-05 10:03:08,P0167,Pampers Baby Dry Pack - Store Brand,Baby Care,2,164.46,8.22,67.4,C00755,Dammam,E055,Retail,Completed,0,156.24
ORD002371,2025-05-29 11:03:28,P0132,Neutrogena Hydro Boost Pack - Store Brand,Skincare,1,94.82,4.74,34.27,C00745,Dammam,E062,Mobile,Completed,0,90.08
ORD002372,2025-05-27 22:26:16,P0306,Mometasone Furoate 0.1% 15g Pack - Store Brand - Store Brand - Store Brand,Dermatology,2,76.18,7.62,45.16,C00357,Jeddah,E088,Web,Completed,1,68.56
ORD002373,2025-09-11 01:55:10,P0334,Earol Ear Drops Pack - Store Brand - Store Brand - Store Brand - Store Brand,Ear Care,1,4.5,0.45,3.21,C00256,Dammam,E107,Mobile,Returned,0,4.05
ORD002374,2025-04-01 20:08:25,P0186,Mometasone Furoate 0.1% 15g Pack - Store Brand - Store Brand,Dermatology,4,176.0,0.0,102.84,C00495,Jeddah,E013,Mobile,Completed,0,176.0
ORD002375,2025-02-15 23:08:01,P0377,Duphaston 10mg Pack - Store Brand - Store Brand,Women's Health,3,123.75,6.19,42.54,C00194,Mecca,E038,Web,Completed,0,117.56
ORD002376,2025-03-30 04:00:44,P0122,Band-Aid Assorted Bottle - Store Brand,First Aid,2,16.8,2.52,8.4,C00384,Dammam,E120,Web,Completed,0,14.28
ORD002377,2024-11-19 01:22:03,P0104,Refresh Tears Eye Drops Box - Store Brand,Eye Care,1,30.32,4.55,14.44,C01086,Riyadh,E018,Mobile,Completed,1,25.77
ORD002378,2025-07-24 14:36:53,P0030,Redoxon Vitamin C 1000mg Box,Vitamins,3,96.99,9.7,41.1,C00833,Khobar,E116,Web,Completed,0,87.29
ORD002379,2025-09-09 12:20:34,P0090,Colgate Total Box,Oral Care,1,19.23,0.0,7.66,C00491,Riyadh,E069,Mobile,Completed,0,19.23
ORD002380,2025-06-14 11:29:58,P0339,Imodium 2mg Box - Store Brand - Store Brand,Gastrointestinal,1,18.61,0.93,6.36,C00832,Medina,E107,Retail,Completed,0,17.68
ORD002381,2024-06-04 21:53:54,P0076,Duphaston 10mg Pack,Women's Health,3,239.37,35.91,83.73,C00312,Medina,E085,Mobile,Completed,0,203.46
ORD002382,2025-08-10 06:23:58,P0046,Savlon Antiseptic 100ml Pack,First Aid,1,20.85,2.09,8.32,C00184,Mecca,E095,Retail,Completed,0,18.76
ORD002383,2025-07-16 22:57:50,P0232,Clobetasol Cream 0.05% 30g Box - Store Brand,Dermatology,3,259.35,38.9,98.16,C00945,Jeddah,E075,Web,Completed,0,220.45
ORD002384,2025-04-07 18:41:52,P0089,Colgate Total Bottle,Oral Care,1,18.94,1.89,7.44,C00234,Khobar,E097,Mobile,Returned,0,17.05
ORD002385,2025-06-26 01:11:13,P0120,Refresh Tears Eye Drops Box - Store Brand - Store Brand - Store Brand,Eye Care,1,16.7,0.84,8.27,C00599,Riyadh,E010,Web,Completed,0,15.86
ORD002386,2024-07-07 21:23:51,P0380,Clobetasol Cream 0.05% 30g Bottle - Store Brand - Store Brand,Dermatology,1,68.97,3.45,22.1,C01018,Jeddah,E082,Mobile,Completed,0,65.52
ORD002387,2025-03-16 21:49:42,P0230,Clobetasol Cream 0.05% 30g Pack - Store Brand,Dermatology,1,71.71,7.17,26.76,C00749,Medina,E097,Mobile,Completed,0,64.54
ORD002388,2024-12-03 07:14:48,P0023,Otrivin Nasal Spray Bottle,Cold & Flu,4,93.0,9.3,43.88,C00300,Mecca,E102,Retail,Completed,0,83.7
ORD002389,2025-05-03 06:01:19,P0209,Omega-3 Fish Oil Pack - Store Brand - Store Brand,Vitamins,5,247.0,0.0,126.2,C01009,Mecca,E011,Web,Completed,0,247.0
ORD002390,2024-09-02 00:26:28,P0219,Brufen 400mg Pack - Store Brand,Pain Relief,2,34.86,3.49,14.62,C00524,Dammam,E097,Web,Completed,0,31.37
ORD002391,2025-06-15 00:13:40,P0072,Johnson's Baby Oil 200ml Box,Baby Care,1,37.3,5.6,14.41,C00139,Jeddah,E107,Mobile,Completed,0,31.7
ORD002392,2025-06-13 16:49:35,P0368,Sensodyne Repair & Protect Box - Store Brand - Store Brand - Store Brand,Oral Care,1,12.43,0.0,3.91,C00445,Dammam,E095,Mobile,Completed,0,12.43
ORD002393,2024-06-12 19:24:55,P0364,Duphaston 10mg Pack - Store Brand - Store Brand - Store Brand - Store Brand,Women's Health,2,33.44,0.0,17.1,C00985,Jeddah,E048,Web,Completed,1,33.44
ORD002394,2025-02-14 11:45:54,P0178,Band-Aid Assorted Bottle - Store Brand - Store Brand,First Aid,2,13.88,0.69,6.46,C00105,Mecca,E106,Mobile,Completed,0,13.19
ORD002395,2025-04-18 21:32:06,P0262,Otrivin Nasal Spray Box - Store Brand - Store Brand - Store Brand,Cold & Flu,2,20.12,0.0,7.82,C00174,Mecca,E097,Mobile,Returned,0,20.12
ORD002396,2025-08-24 13:07:05,P0124,Voltaren Emulgel 50g Bottle - Store Brand - Store Brand,Pain Relief,1,22.1,1.11,12.01,C00231,Riyadh,E087,Web,Completed,0,20.99
ORD002397,2024-06-25 14:53:35,P0213,Voltaren Emulgel 50g Box - Store Brand - Store Brand,Pain Relief,2,46.36,0.0,18.14,C00828,Dammam,E002,Web,Completed,0,46.36
ORD002398,2025-06-11 10:09:38,P0172,Imodium 2mg Pack - Store Brand - Store Brand,Gastrointestinal,5,86.8,8.68,26.3,C00891,Khobar,E018,Mobile,Completed,0,78.12
ORD002399,2024-09-27 23:36:28,P0157,Mometasone Furoate 0.1% 15g Box - Store Brand,Dermatology,3,278.19,0.0,95.28,C00908,Khobar,E074,Web,Completed,0,278.19
ORD002400,2025-04-17 02:35:02,P0363,Earol Ear Drops Pack - Store Brand,Ear Care,3,44.04,0.0,21.69,C00572,Medina,E037,Web,Completed,0,44.04
ORD002401,2024-09-03 18:31:18,P0358,Pampers Baby Dry Pack - Store Brand - Store Brand - Store Brand,Baby Care,3,101.43,5.07,39.84,C00350,Khobar,E052,Web,Completed,1,96.36
ORD002402,2024-08-29 16:41:05,P0324,Aspirin 100mg Pack - Store Brand - Store Brand - Store Brand - Store Brand,Pain Relief,1,2.93,0.44,0.72,C00231,Riyadh,E018,Retail,Completed,0,2.49
ORD002403,2025-04-22 19:56:35,P0377,Duphaston 10mg Pack - Store Brand - Store Brand,Women's Health,3,123.75,18.56,42.54,C01036,Riyadh,E073,Web,Completed,0,105.19
ORD002404,2024-03-28 11:52:12,P0252,Earol Ear Drops Pack - Store Brand - Store Brand - Store Brand,Ear Care,2,11.28,1.13,8.7,C00297,Khobar,E112,Retail,Completed,1,10.15
ORD002405,2024-06-01 03:26:56,P0093,Multivitamin Gummies Kids Box,Vitamins,1,54.15,5.42,21.37,C00066,Riyadh,E058,Mobile,Completed,0,48.73
ORD002406,2025-01-16 15:42:53,P0089,Colgate Total Bottle,Oral Care,4,75.76,3.79,29.76,C00956,Khobar,E075,Web,Completed,0,71.97
ORD002407,2024-06-20 19:52:08,P0352,Earol Ear Drops Pack - Store Brand - Store Brand - Store Brand - Store Brand,Ear Care,1,4.63,0.46,2.84,C00397,Khobar,E032,Web,Completed,0,4.17
ORD002408,2025-08-17 14:59:56,P0204,Panadol Advance Bottle - Store Brand,Pain Relief,1,13.62,0.68,6.17,C00263,Jeddah,E061,Web,Completed,0,12.94
ORD002409,2025-05-20 01:14:03,P0025,Centrum Multivitamins Pack,Vitamins,2,223.28,33.49,73.34,C00306,Dammam,E053,Web,Completed,0,189.79
ORD002410,2024-08-07 12:25:46,P0177,Mometasone Furoate 0.1% 15g Box - Store Brand,Dermatology,2,187.84,28.18,62.72,C01095,Medina,E104,Web,Completed,1,159.66
ORD002411,2024-05-21 10:07:13,P0311,Pampers Baby Dry Box - Store Brand,Baby Care,1,77.12,0.0,29.88,C00867,Mecca,E080,Retail,Completed,0,77.12
ORD002412,2025-07-28 21:09:40,P0359,Multivitamin Gummies Kids Bottle - Store Brand,Vitamins,4,196.56,19.66,63.76,C01121,Jeddah,E069,Retail,Completed,0,176.9
ORD002413,2025-02-04 02:38:50,P0004,Panadol Advance Pack,Pain Relief,4,69.44,0.0,26.76,C00515,Mecca,E048,Retail,Completed,0,69.44
ORD002414,2024-07-06 02:42:27,P0079,Femibion Prenatal Pack,Vitamins,2,303.62,15.18,118.04,C00530,Mecca,E002,Web,Completed,0,288.44
ORD002415,2025-02-13 22:00:43,P0294,Colgate Total Bottle - Store Brand,Oral Care,1,14.82,0.0,4.7,C00969,Khobar,E034,Mobile,Completed,1,14.82
ORD002416,2024-06-21 02:44:56,P0245,Imodium 2mg Box - Store Brand,Gastrointestinal,2,51.6,2.58,13.92,C00501,Dammam,E076,Web,Completed,0,49.02
ORD002417,2025-06-12 20:26:46,P0010,Voltaren Emulgel 50g Pack,Pain Relief,2,84.7,0.0,34.56,C00667,Jeddah,E054,Web,Completed,0,84.7
ORD002418,2025-06-08 10:37:32,P0010,Voltaren Emulgel 50g Pack,Pain Relief,1,42.35,4.24,17.28,C00739,Jeddah,E079,Mobile,Completed,0,38.11
ORD002419,2024-12-20 06:59:56,P0120,Refresh Tears Eye Drops Box - Store Brand - Store Brand - Store Brand,Eye Care,1,16.7,0.84,8.27,C00587,Medina,E107,Mobile,Completed,1,15.86
ORD002420,2024-07-06 10:27:35,P0369,Vicks VapoRub 50g Pack - Store Brand,Cold & Flu,4,50.6,0.0,18.48,C00596,Medina,E059,Web,Completed,1,50.6
ORD002421,2025-05-26 08:06:30,P0051,Band-Aid Assorted Box,First Aid,5,68.25,0.0,28.5,C00329,Mecca,E101,Web,Completed,0,68.25
ORD002422,2024-04-19 05:50:06,P0214,Omega-3 Fish Oil Pack - Store Brand - Store Brand,Vitamins,1,57.26,2.86,22.53,C01111,Mecca,E076,Mobile,Completed,0,54.4
ORD002423,2025-04-20 23:12:22,P0123,Imodium 2mg Box - Store Brand - Store Brand,Gastrointestinal,2,32.52,4.88,13.32,C00308,Riyadh,E057,Mobile,Completed,0,27.64
ORD002424,2024-09-20 18:00:11,P0176,Clobetasol Cream 0.05% 30g Pack - Store Brand - Store Brand,Dermatology,1,67.66,6.77,17.3,C00130,Dammam,E098,Web,Completed,0,60.89
ORD002425,2024-06-04 04:59:55,P0372,Aspirin 100mg Bottle - Store Brand - Store Brand - Store Brand,Pain Relief,1,3.07,0.0,1.31,C00841,Dammam,E078,Web,Completed,0,3.07
ORD002426,2024-08-19 21:03:16,P0396,Mometasone Furoate 0.1% 15g Box - Store Brand - Store Brand,Dermatology,2,133.86,20.08,39.84,C00362,Dammam,E003,Web,Completed,0,113.78
ORD002427,2024-12-18 19:07:46,P0043,Sensodyne Repair & Protect Pack,Oral Care,1,27.92,1.4,9.97,C01164,Riyadh,E006,Retail,Completed,0,26.52
ORD002428,2024-09-19 16:02:31,P0283,Mometasone Furoate 0.1% 15g Pack - Store Brand,Dermatology,4,260.16,0.0,121.48,C00297,Khobar,E093,Mobile,Completed,0,260.16
ORD002429,2024-03-28 15:45:18,P0030,Redoxon Vitamin C 1000mg Box,Vitamins,1,32.33,3.23,13.7,C01060,Riyadh,E009,Web,Completed,1,29.1
ORD002430,2025-09-09 11:50:43,P0302,Voltaren Emulgel 50g Bottle - Store Brand - Store Brand,Pain Relief,2,47.64,4.76,23.42,C01159,Jeddah,E013,Mobile,Completed,0,42.88
ORD002431,2024-09-25 12:51:49,P0013,Brufen 400mg Pack,Pain Relief,4,91.08,0.0,38.28,C00023,Jeddah,E008,Mobile,Completed,0,91.08
ORD002432,2024-06-07 16:50:23,P0147,Clobetasol Cream 0.05% 30g Pack - Store Brand,Dermatology,5,420.8,21.04,126.15,C00436,Medina,E019,Mobile,Completed,1,399.76
ORD002433,2024-04-13 20:12:44,P0121,Aspirin 100mg Pack - Store Brand - Store Brand,Pain Relief,2,9.02,1.35,2.7,C00072,Medina,E020,Mobile,Cancelled,1,7.67
ORD002434,2024-08-28 22:52:24,P0015,Brufen 400mg Box,Pain Relief,1,21.27,2.13,8.36,C00011,Dammam,E011,Retail,Completed,0,19.14
ORD002435,2024-08-14 01:37:55,P0157,Mometasone Furoate 0.1% 15g Box - Store Brand,Dermatology,1,92.73,9.27,31.76,C00618,Khobar,E107,Retail,Completed,0,83.46
ORD002436,2024-08-03 20:51:20,P0330,Nivea Body Lotion 400ml Bottle - Store Brand - Store Brand - Store Brand - Store Brand,Personal Care,2,16.58,0.0,9.28,C00077,Khobar,E069,Mobile,Completed,0,16.58
ORD002437,2024-11-15 05:47:05,P0203,Ventolin Inhaler Bottle - Store Brand,Respiratory,1,175.82,26.37,72.19,C00206,Medina,E013,Mobile,Completed,1,149.45
ORD002438,2024-04-01 06:55:46,P0329,Mometasone Furoate 0.1% 15g Pack - Store Brand - Store Brand - Store Brand,Dermatology,1,39.37,5.91,17.6,C00975,Mecca,E058,Mobile,Completed,0,33.46
ORD002439,2024-04-19 06:27:09,P0299,Mometasone Furoate 0.1% 15g Pack - Store Brand - Store Brand - Store Brand - Store Brand,Dermatology,1,20.36,2.04,20.48,C00121,Jeddah,E100,Mobile,Completed,1,18.32
ORD002440,2024-07-06 05:55:59,P0188,Symbicort Inhaler Bottle - Store Brand - Store Brand - Store Brand - Store Brand,Respiratory,1,98.62,9.86,64.51,C00950,Riyadh,E026,Web,Completed,0,88.76
ORD002441,2024-03-30 17:13:17,P0162,Johnson's Baby Oil 200ml Bottle - Store Brand,Baby Care,1,25.99,3.9,10.85,C01126,Riyadh,E078,Web,Completed,1,22.09
ORD002442,2024-09-28 00:27:35,P0322,Pampers Baby Dry Bottle - Store Brand - Store Brand,Baby Care,1,75.96,0.0,37.49,C01017,Riyadh,E004,Mobile,Completed,1,75.96
ORD002443,2024-05-31 11:11:14,P0338,Aspirin 100mg Bottle - Store Brand - Store Brand - Store Brand,Pain Relief,1,2.28,0.0,0.93,C00043,Riyadh,E084,Web,Completed,0,2.28
ORD002444,2024-08-28 13:41:50,P0180,Ventolin Inhaler Box - Store Brand - Store Brand,Respiratory,2,312.72,46.91,88.36,C00031,Medina,E073,Web,Completed,0,265.81
ORD002445,2025-08-13 18:56:08,P0175,Band-Aid Assorted Box - Store Brand - Store Brand,First Aid,1,7.68,0.38,3.51,C00951,Khobar,E024,Web,Completed,0,7.3
ORD002446,2024-11-23 13:53:31,P0035,Cetaphil Gentle Cleanser Bottle,Skincare,4,358.92,35.89,139.72,C00306,Dammam,E096,Web,Completed,1,323.03
ORD002447,2024-06-17 03:40:48,P0104,Refresh Tears Eye Drops Box - Store Brand,Eye Care,2,60.64,0.0,28.88,C00093,Khobar,E061,Mobile,Completed,0,60.64
ORD002448,2024-09-29 04:06:44,P0077,Duphaston 10mg Bottle,Women's Health,2,156.58,7.83,69.56,C00282,Khobar,E106,Web,Completed,0,148.75
ORD002449,2024-08-12 15:03:05,P0183,Band-Aid Assorted Box - Store Brand - Store Brand - Store Brand,First Aid,1,6.34,0.0,2.68,C00728,Medina,E083,Web,Completed,0,6.34
ORD002450,2024-09-05 17:03:29,P0227,Panadol Extra Box - Store Brand - Store Brand,Pain Relief,4,24.0,2.4,6.8,C00005,Riyadh,E097,Web,Returned,0,21.6
ORD002451,2025-06-19 01:30:47,P0107,Refresh Tears Eye Drops Box - Store Brand - Store Brand,Eye Care,1,22.3,3.34,12.17,C00944,Mecca,E103,Mobile,Completed,1,18.96
ORD002452,2025-07-15 05:24:37,P0078,Duphaston 10mg Box,Women's Health,1,82.15,4.11,33.18,C00450,Khobar,E054,Mobile,Completed,0,78.04
ORD002453,2024-09-13 11:00:52,P0301,Gaviscon 200ml Bottle - Store Brand - Store Brand,Gastrointestinal,5,147.95,22.19,60.95,C00654,Jeddah,E053,Web,Completed,0,125.76
ORD002454,2025-05-29 18:02:52,P0256,Imodium 2mg Box - Store Brand - Store Brand - Store Brand - Store Brand,Gastrointestinal,1,7.17,0.36,4.76,C00528,Khobar,E035,Retail,Completed,0,6.81
ORD002455,2025-06-19 20:14:57,P0341,Clobetasol Cream 0.05% 30g Pack - Store Brand - Store Brand - Store Brand - Store Brand - Store Brand,Dermatology,2,62.7,0.0,12.12,C01189,Riyadh,E049,Web,Completed,0,62.7
ORD002456,2024-11-26 06:18:45,P0313,Clobetasol Cream 0.05% 30g Pack - Store Brand - Store Brand,Dermatology,5,324.35,0.0,80.3,C01042,Mecca,E022,Mobile,Completed,1,324.35
ORD002457,2024-10-30 18:01:14,P0012,Voltaren Emulgel 50g Box,Pain Relief,3,147.06,22.06,61.59,C00179,Jeddah,E033,Web,Completed,1,125.0
ORD002458,2024-06-29 12:52:02,P0308,Omega-3 Fish Oil Pack - Store Brand - Store Brand - Store Brand,Vitamins,1,44.01,6.6,18.55,C00053,Riyadh,E008,Retail,Completed,0,37.41
ORD002459,2024-11-20 06:37:58,P0151,Aspirin 100mg Bottle - Store Brand,Pain Relief,2,10.82,0.0,4.62,C00354,Khobar,E066,Mobile,Completed,0,10.82
ORD002460,2025-06-04 11:19:05,P0335,Neutrogena Hydro Boost Bottle - Store Brand,Skincare,1,92.63,0.0,31.49,C00067,Medina,E063,Web,Completed,0,92.63
ORD002461,2024-05-28 13:49:08,P0206,Femibion Prenatal Bottle - Store Brand,Vitamins,2,233.42,0.0,88.04,C00781,Mecca,E007,Web,Completed,0,233.42
ORD002462,2025-01-22 06:00:34,P0366,Omega-3 Fish Oil Box - Store Brand - Store Brand,Vitamins,2,83.94,4.2,41.62,C00580,Riyadh,E107,Web,Completed,0,79.74
ORD002463,2024-10-25 08:46:29,P0200,Imodium 2mg Box - Store Brand - Store Brand,Gastrointestinal,2,34.06,5.11,15.68,C00514,Riyadh,E035,Web,Returned,0,28.95
ORD002464,2024-06-22 01:17:19,P0007,Aspirin 100mg Pack,Pain Relief,1,7.79,1.17,2.97,C00305,Mecca,E041,Web,Completed,0,6.62
ORD002465,2024-07-31 14:12:41,P0153,Aspirin 100mg Bottle - Store Brand - Store Brand,Pain Relief,1,3.99,0.2,1.58,C01168,Mecca,E026,Mobile,Completed,0,3.79
ORD002466,2024-04-03 06:22:59,P0146,Aspirin 100mg Bottle - Store Brand,Pain Relief,1,5.27,0.53,2.62,C00297,Khobar,E001,Retail,Completed,0,4.74
ORD002467,2024-05-09 07:36:56,P0255,Clobetasol Cream 0.05% 30g Pack - Store Brand - Store Brand - Store Brand,Dermatology,1,55.48,8.32,13.53,C00825,Mecca,E032,Mobile,Completed,1,47.16
ORD002468,2025-03-10 03:55:37,P0007,Aspirin 100mg Pack,Pain Relief,1,7.79,0.0,2.97,C00309,Dammam,E079,Web,Completed,0,7.79
ORD002469,2024-06-25 04:46:51,P0364,Duphaston 10mg Pack - Store Brand - Store Brand - Store Brand - Store Brand,Women's Health,1,16.72,2.51,8.55,C00784,Mecca,E103,Web,Completed,0,14.21
ORD002470,2025-01-15 14:31:56,P0331,Omega-3 Fish Oil Pack - Store Brand - Store Brand - Store Brand - Store Brand,Vitamins,2,49.44,2.47,19.66,C00171,Mecca,E106,Web,Completed,0,46.97
ORD002471,2025-03-12 17:37:00,P0263,Nivea Body Lotion 400ml Bottle - Store Brand - Store Brand,Personal Care,3,45.39,6.81,29.88,C00443,Riyadh,E095,Mobile,Completed,0,38.58
ORD002472,2025-05-17 18:42:13,P0204,Panadol Advance Bottle - Store Brand,Pain Relief,3,40.86,4.09,18.51,C00295,Dammam,E039,Mobile,Completed,0,36.77
ORD002473,2025-05-22 07:29:50,P0061,Earol Ear Drops Pack,Ear Care,2,40.02,4.0,19.02,C00425,Riyadh,E050,Web,Completed,0,36.02
ORD002474,2025-09-05 11:28:02,P0329,Mometasone Furoate 0.1% 15g Pack - Store Brand - Store Brand - Store Brand,Dermatology,1,39.37,5.91,17.6,C00995,Riyadh,E016,Retail,Completed,0,33.46
ORD002475,2025-03-04 03:07:27,P0300,Nivea Body Lotion 400ml Bottle - Store Brand - Store Brand - Store Brand,Personal Care,1,10.21,0.0,7.72,C00684,Khobar,E067,Retail,Completed,0,10.21
ORD002476,2025-09-13 05:59:30,P0206,Femibion Prenatal Bottle - Store Brand,Vitamins,1,116.71,5.84,44.02,C01170,Medina,E098,Mobile,Completed,0,110.87
ORD002477,2024-04-06 01:58:55,P0180,Ventolin Inhaler Box - Store Brand - Store Brand,Respiratory,1,156.36,15.64,44.18,C00304,Dammam,E104,Mobile,Completed,0,140.72
ORD002478,2024-08-27 23:53:32,P0062,Earol Ear Drops Bottle,Ear Care,1,25.88,1.29,10.47,C00819,Mecca,E036,Web,Completed,0,24.59
ORD002479,2025-01-08 06:54:25,P0122,Band-Aid Assorted Bottle - Store Brand,First Aid,5,42.0,4.2,21.0,C00080,Medina,E037,Mobile,Completed,1,37.8
ORD002480,2025-02-21 11:14:19,P0340,Aspirin 100mg Bottle - Store Brand - Store Brand,Pain Relief,2,7.08,0.0,3.64,C00292,Mecca,E013,Web,Completed,0,7.08
ORD002481,2024-07-09 03:35:58,P0346,Refresh Tears Eye Drops Bottle - Store Brand,Eye Care,3,94.08,0.0,33.66,C00624,Mecca,E089,Mobile,Returned,0,94.08
ORD002482,2025-04-25 16:34:45,P0306,Mometasone Furoate 0.1% 15g Pack - Store Brand - Store Brand - Store Brand,Dermatology,2,76.18,7.62,45.16,C01162,Dammam,E001,Web,Completed,0,68.56
ORD002483,2024-04-18 03:06:06,P0088,Colgate Total Pack,Oral Care,2,37.98,0.0,18.68,C00840,Khobar,E064,Web,Completed,0,37.98
ORD002484,2025-03-21 03:21:56,P0285,Voltaren Emulgel 50g Bottle - Store Brand - Store Brand - Store Brand,Pain Relief,1,18.88,1.89,9.9,C00949,Dammam,E082,Retail,Completed,0,16.99
ORD002485,2024-09-11 14:38:45,P0175,Band-Aid Assorted Box - Store Brand - Store Brand,First Aid,1,7.68,1.15,3.51,C01173,Khobar,E003,Web,Completed,0,6.53
ORD002486,2025-05-31 22:39:35,P0103,Otrivin Nasal Spray Box - Store Brand,Cold & Flu,5,87.15,8.72,38.1,C00913,Medina,E014,Mobile,Completed,0,78.43
ORD002487,2025-07-24 00:23:16,P0317,Duphaston 10mg Pack - Store Brand - Store Brand - Store Brand,Women's Health,1,27.15,2.72,10.87,C00680,Riyadh,E045,Mobile,Completed,1,24.43
ORD002488,2024-06-19 20:14:00,P0221,Otrivin Nasal Spray Box - Store Brand - Store Brand - Store Brand,Cold & Flu,4,36.0,0.0,19.0,C00637,Medina,E060,Mobile,Completed,0,36.0
ORD002489,2025-02-17 05:14:06,P0042,Nivea Body Lotion 400ml Box,Personal Care,2,82.3,0.0,32.3,C00588,Jeddah,E011,Web,Completed,0,82.3
ORD002490,2025-03-13 22:13:46,P0016,Vicks VapoRub 50g Pack,Cold & Flu,1,17.61,0.0,6.3,C00502,Dammam,E093,Retail,Completed,0,17.61
ORD002491,2024-06-29 17:32:17,P0381,Multivitamin Gummies Kids Box - Store Brand,Vitamins,2,83.14,12.47,31.7,C00718,Dammam,E009,Web,Completed,0,70.67
ORD002492,2025-05-10 11:00:04,P0047,Savlon Antiseptic 100ml Bottle,First Aid,3,54.66,0.0,24.84,C00743,Jeddah,E064,Mobile,Completed,0,54.66
ORD002493,2024-09-13 06:09:00,P0348,Clobetasol Cream 0.05% 30g Pack - Store Brand - Store Brand,Dermatology,5,259.75,25.98,117.25,C00924,Khobar,E040,Web,Completed,0,233.77
ORD002494,2025-08-13 19:02:23,P0051,Band-Aid Assorted Box,First Aid,1,13.65,0.68,5.7,C00078,Riyadh,E057,Web,Completed,0,12.97
ORD002495,2025-01-14 07:31:04,P0246,Omega-3 Fish Oil Pack - Store Brand - Store Brand - Store Brand,Vitamins,4,135.48,0.0,63.44,C00607,Khobar,E014,Mobile,Completed,0,135.48
ORD002496,2025-01-01 05:04:05,P0183,Band-Aid Assorted Box - Store Brand - Store Brand - Store Brand,First Aid,2,12.68,0.63,5.36,C00664,Khobar,E094,Web,Completed,0,12.05
ORD002497,2024-09-21 09:41:58,P0343,Imodium 2mg Box - Store Brand - Store Brand - Store Brand - Store Brand,Gastrointestinal,1,7.49,1.12,4.36,C00382,Jeddah,E011,Web,Completed,0,6.37
ORD002498,2024-07-27 17:10:44,P0130,Symbicort Inhaler Bottle - Store Brand - Store Brand,Respiratory,5,946.45,0.0,514.1,C00572,Medina,E096,Mobile,Completed,0,946.45
ORD002499,2025-01-23 04:26:04,P0042,Nivea Body Lotion 400ml Box,Personal Care,2,82.3,0.0,32.3,C00376,Riyadh,E066,Web,Completed,1,82.3
ORD002500,2024-12-20 15:53:53,P0337,NeoCitran Hot Drink Pack - Store Brand - Store Brand - Store Brand,Cold & Flu,5,43.75,6.56,22.75,C00668,Jeddah,E020,Retail,Completed,0,37.19
ORD002501,2025-07-18 15:00:18,P0235,Pampers Baby Dry Box - Store Brand - Store Brand,Baby Care,4,253.12,37.97,101.16,C00440,Riyadh,E110,Mobile,Completed,0,215.15
ORD002502,2025-07-20 06:58:30,P0336,Panadol Advance Bottle - Store Brand - Store Brand,Pain Relief,1,10.78,1.62,4.91,C00328,Dammam,E107,Web,Completed,0,9.16
ORD002503,2025-08-01 09:09:29,P0125,Duphaston 10mg Pack - Store Brand,Women's Health,1,58.3,0.0,19.67,C00311,Mecca,E005,Web,Returned,0,58.3
ORD002504,2025-04-15 19:04:52,P0388,Band-Aid Assorted Box - Store Brand - Store Brand,First Aid,2,13.32,1.33,6.7,C00511,Jeddah,E019,Web,Completed,0,11.99
ORD002505,2024-09-01 16:08:35,P0036,Cetaphil Gentle Cleanser Box,Skincare,1,78.58,7.86,29.78,C00524,Dammam,E093,Web,Completed,1,70.72
ORD002506,2025-05-22 08:48:47,P0133,Otrivin Nasal Spray Box - Store Brand - Store Brand,Cold & Flu,1,10.63,0.0,6.27,C01172,Medina,E020,Web,Completed,1,10.63
ORD002507,2024-10-05 07:22:05,P0309,Panadol Extra Pack - Store Brand - Store Brand,Pain Relief,2,13.94,1.39,6.68,C00958,Jeddah,E021,Web,Completed,0,12.55
ORD002508,2024-04-05 07:43:42,P0079,Femibion Prenatal Pack,Vitamins,5,759.05,75.9,295.1,C00012,Riyadh,E103,Web,Completed,0,683.15
ORD002509,2024-06-09 11:25:44,P0075,Pampers Baby Dry Box,Baby Care,3,377.25,56.59,145.95,C01004,Mecca,E100,Web,Completed,0,320.66
ORD002510,2025-03-18 01:21:56,P0144,Nivea Body Lotion 400ml Bottle - Store Brand,Personal Care,1,20.26,3.04,12.14,C00012,Riyadh,E030,Web,Completed,0,17.22
ORD002511,2025-04-15 16:10:40,P0286,Femibion Prenatal Box - Store Brand - Store Brand,Vitamins,4,301.16,15.06,160.36,C00690,Jeddah,E093,Web,Completed,1,286.1
ORD002512,2025-05-13 22:40:38,P0242,Johnson's Baby Oil 200ml Bottle - Store Brand - Store Brand - Store Brand,Baby Care,1,18.1,2.72,4.43,C00502,Dammam,E052,Web,Completed,0,15.38
ORD002513,2024-06-07 08:25:50,P0139,Duphaston 10mg Bottle - Store Brand,Women's Health,4,264.16,0.0,98.88,C01046,Medina,E024,Web,Completed,0,264.16
ORD002514,2024-11-19 12:44:49,P0340,Aspirin 100mg Bottle - Store Brand - Store Brand,Pain Relief,1,3.54,0.35,1.82,C00662,Riyadh,E011,Mobile,Completed,0,3.19
ORD002515,2024-06-22 23:34:28,P0295,Otrivin Nasal Spray Bottle - Store Brand - Store Brand,Cold & Flu,3,33.72,0.0,17.52,C00030,Mecca,E040,Mobile,Returned,1,33.72
ORD002516,2024-03-26 05:22:45,P0313,Clobetasol Cream 0.05% 30g Pack - Store Brand - Store Brand,Dermatology,4,259.48,12.97,64.24,C00339,Mecca,E064,Web,Completed,1,246.51
ORD002517,2024-05-03 00:50:31,P0252,Earol Ear Drops Pack - Store Brand - Store Brand - Store Brand,Ear Care,5,28.2,1.41,21.75,C00182,Medina,E021,Web,Completed,0,26.79
ORD002518,2025-06-27 20:47:03,P0187,Omega-3 Fish Oil Pack - Store Brand,Vitamins,2,135.34,0.0,69.04,C00293,Khobar,E011,Web,Completed,0,135.34
ORD002519,2024-09-01 23:15:31,P0163,Colgate Total Box - Store Brand,Oral Care,1,13.74,2.06,5.01,C00111,Khobar,E105,Web,Completed,1,11.68
ORD002520,2024-06-07 18:54:15,P0249,Duphaston 10mg Pack - Store Brand - Store Brand,Women's Health,2,79.9,11.99,27.44,C00513,Jeddah,E098,Mobile,Completed,0,67.91
ORD002521,2025-07-25 13:39:18,P0184,Mometasone Furoate 0.1% 15g Box - Store Brand,Dermatology,3,251.52,12.58,97.35,C00292,Mecca,E098,Retail,Completed,0,238.94
ORD002522,2025-04-21 00:30:14,P0201,Voltaren Emulgel 50g Bottle - Store Brand - Store Brand,Pain Relief,1,22.65,2.26,8.78,C00943,Mecca,E109,Retail,Completed,0,20.39
ORD002523,2024-12-31 04:58:35,P0201,Voltaren Emulgel 50g Bottle - Store Brand - Store Brand,Pain Relief,5,113.25,0.0,43.9,C00222,Khobar,E010,Web,Completed,0,113.25
ORD002524,2024-12-10 06:22:44,P0360,Otrivin Nasal Spray Bottle - Store Brand - Store Brand - Store Brand,Cold & Flu,2,18.1,0.0,9.66,C00414,Medina,E003,Web,Completed,1,18.1
ORD002525,2025-05-02 20:57:41,P0324,Aspirin 100mg Pack - Store Brand - Store Brand - Store Brand - Store Brand,Pain Relief,3,8.79,1.32,2.16,C00642,Dammam,E018,Mobile,Completed,0,7.47
ORD002526,2024-09-15 01:11:51,P0097,Femibion Prenatal Box - Store Brand,Vitamins,2,238.96,35.84,98.62,C00776,Riyadh,E014,Web,Completed,0,203.12
ORD002527,2025-07-14 02:17:40,P0236,Band-Aid Assorted Bottle - Store Brand - Store Brand - Store Brand,First Aid,2,6.34,0.32,4.38,C00553,Jeddah,E017,Retail,Completed,1,6.02
ORD002528,2024-10-04 04:05:04,P0078,Duphaston 10mg Box,Women's Health,2,164.3,0.0,66.36,C01085,Mecca,E069,Web,Completed,0,164.3
ORD002529,2024-04-23 06:50:13,P0150,Symbicort Inhaler Bottle - Store Brand - Store Brand - Store Brand,Respiratory,2,264.72,39.71,170.84,C00022,Dammam,E072,Retail,Completed,0,225.01
ORD002530,2024-08-11 09:06:51,P0037,Neutrogena Hydro Boost Pack,Skincare,3,376.98,0.0,133.5,C01199,Riyadh,E087,Mobile,Completed,0,376.98
ORD002531,2025-03-19 13:12:31,P0272,Clobetasol Cream 0.05% 30g Pack - Store Brand - Store Brand - Store Brand - Store Brand,Dermatology,4,174.48,0.0,32.72,C00411,Khobar,E002,Web,Completed,0,174.48
ORD002532,2024-08-20 18:33:11,P0222,Band-Aid Assorted Bottle - Store Brand - Store Brand,First Aid,3,19.53,0.98,8.22,C00670,Jeddah,E028,Retail,Returned,0,18.55
ORD002533,2024-06-25 08:56:56,P0253,Duphaston 10mg Pack - Store Brand - Store Brand,Women's Health,1,37.64,0.0,14.81,C00203,Riyadh,E102,Retail,Completed,1,37.64
ORD002534,2025-05-25 07:41:34,P0352,Earol Ear Drops Pack - Store Brand - Store Brand - Store Brand - Store Brand,Ear Care,1,4.63,0.69,2.84,C00875,Medina,E034,Web,Completed,1,3.94
ORD002535,2025-03-01 15:44:52,P0156,Clobetasol Cream 0.05% 30g Pack - Store Brand - Store Brand,Dermatology,3,200.7,20.07,49.47,C00293,Khobar,E009,Web,Completed,0,180.63
ORD002536,2025-06-14 23:08:43,P0257,Refresh Tears Eye Drops Pack - Store Brand,Eye Care,4,139.76,13.98,50.48,C00615,Dammam,E090,Mobile,Completed,0,125.78
ORD002537,2024-05-31 10:34:50,P0125,Duphaston 10mg Pack - Store Brand,Women's Health,1,58.3,0.0,19.67,C00903,Medina,E108,Web,Completed,0,58.3
ORD002538,2025-01-18 15:27:33,P0127,Pampers Baby Dry Box - Store Brand,Baby Care,1,99.29,14.89,40.62,C00350,Khobar,E119,Web,Completed,0,84.4
ORD002539,2025-08-08 21:20:29,P0277,Redoxon Vitamin C 1000mg Pack - Store Brand,Vitamins,2,48.56,4.86,22.42,C00667,Jeddah,E115,Mobile,Completed,0,43.7
ORD002540,2025-09-13 15:58:11,P0242,Johnson's Baby Oil 200ml Bottle - Store Brand - Store Brand - Store Brand,Baby Care,1,18.1,0.91,4.43,C00968,Khobar,E074,Web,Completed,0,17.19
ORD002541,2025-04-17 23:06:11,P0153,Aspirin 100mg Bottle - Store Brand - Store Brand,Pain Relief,1,3.99,0.0,1.58,C00645,Jeddah,E002,Web,Completed,1,3.99
ORD002542,2025-07-02 12:51:56,P0267,Voltaren Emulgel 50g Bottle - Store Brand - Store Brand - Store Brand,Pain Relief,4,60.36,0.0,32.16,C00178,Medina,E105,Web,Completed,0,60.36
ORD002543,2024-07-15 10:14:22,P0305,Multivitamin Gummies Kids Bottle - Store Brand,Vitamins,1,44.68,0.0,16.67,C00915,Medina,E049,Web,Completed,1,44.68
ORD002544,2024-11-03 20:11:01,P0011,Voltaren Emulgel 50g Bottle,Pain Relief,2,104.88,5.24,38.08,C01197,Jeddah,E030,Mobile,Returned,0,99.64
ORD002545,2024-09-19 16:34:43,P0249,Duphaston 10mg Pack - Store Brand - Store Brand,Women's Health,1,39.95,0.0,13.72,C00054,Riyadh,E012,Web,Completed,0,39.95
ORD002546,2024-10-23 10:49:12,P0224,Pampers Baby Dry Pack - Store Brand - Store Brand - Store Brand,Baby Care,4,138.76,20.81,62.72,C00743,Jeddah,E034,Mobile,Completed,1,117.95
ORD002547,2024-06-25 22:42:10,P0221,Otrivin Nasal Spray Box - Store Brand - Store Brand - Store Brand,Cold & Flu,1,9.0,0.45,4.75,C00492,Jeddah,E071,Web,Completed,0,8.55
ORD002548,2024-07-07 05:40:41,P0003,Panadol Extra Box,Pain Relief,2,26.52,0.0,8.56,C00352,Dammam,E116,Web,Completed,0,26.52
ORD002549,2024-07-05 00:56:08,P0147,Clobetasol Cream 0.05% 30g Pack - Store Brand,Dermatology,1,84.16,8.42,25.23,C00151,Khobar,E098,Mobile,Completed,0,75.74
ORD002550,2024-12-29 08:38:51,P0019,NeoCitran Hot Drink Pack,Cold & Flu,1,25.71,3.86,10.2,C00186,Mecca,E110,Retail,Completed,1,21.85
ORD002551,2024-07-25 20:19:58,P0061,Earol Ear Drops Pack,Ear Care,1,20.01,3.0,9.51,C01036,Riyadh,E003,Web,Completed,1,17.01
ORD002552,2025-01-04 05:02:17,P0284,Johnson's Baby Oil 200ml Box - Store Brand,Baby Care,3,90.12,13.52,33.96,C00553,Jeddah,E099,Web,Completed,0,76.6
ORD002553,2024-05-12 04:33:28,P0280,Clobetasol Cream 0.05% 30g Box - Store Brand - Store Brand,Dermatology,2,108.66,0.0,51.68,C00601,Riyadh,E059,Web,Completed,1,108.66
ORD002554,2024-06-26 02:52:13,P0012,Voltaren Emulgel 50g Box,Pain Relief,1,49.02,4.9,20.53,C00674,Jeddah,E097,Mobile,Completed,0,44.12
ORD002555,2025-03-31 16:37:00,P0382,Redoxon Vitamin C 1000mg Pack - Store Brand,Vitamins,3,73.62,0.0,34.53,C00917,Riyadh,E028,Web,Completed,0,73.62
ORD002556,2025-05-08 16:35:10,P0288,Duphaston 10mg Pack - Store Brand - Store Brand,Women's Health,1,33.26,1.66,13.84,C00596,Medina,E114,Web,Completed,0,31.6
ORD002557,2025-04-17 20:35:55,P0013,Brufen 400mg Pack,Pain Relief,4,91.08,13.66,38.28,C00922,Dammam,E086,Web,Completed,0,77.42
ORD002558,2024-12-06 02:20:34,P0313,Clobetasol Cream 0.05% 30g Pack - Store Brand - Store Brand,Dermatology,1,64.87,9.73,16.06,C00741,Khobar,E088,Mobile,Cancelled,1,55.14
ORD002559,2024-08-14 09:21:19,P0020,NeoCitran Hot Drink Bottle,Cold & Flu,2,40.38,4.04,21.56,C00425,Riyadh,E006,Web,Completed,0,36.34
ORD002560,2024-03-30 22:59:07,P0321,Gaviscon 200ml Bottle - Store Brand - Store Brand,Gastrointestinal,2,64.0,9.6,17.94,C00135,Dammam,E088,Web,Completed,0,54.4
ORD002561,2024-08-30 09:11:40,P0213,Voltaren Emulgel 50g Box - Store Brand - Store Brand,Pain Relief,5,115.9,5.8,45.35,C00324,Medina,E094,Mobile,Returned,1,110.1
ORD002562,2025-02-10 07:17:51,P0220,Panadol Advance Box - Store Brand,Pain Relief,3,30.09,3.01,14.34,C00022,Dammam,E078,Web,Completed,1,27.08
ORD002563,2025-04-18 09:33:04,P0381,Multivitamin Gummies Kids Box - Store Brand,Vitamins,4,166.28,0.0,63.4,C00161,Medina,E053,Retail,Completed,0,166.28
ORD002564,2025-04-28 13:03:32,P0287,Pampers Baby Dry Bottle - Store Brand - Store Brand,Baby Care,4,334.92,50.24,127.96,C00632,Riyadh,E076,Mobile,Completed,0,284.68
ORD002565,2025-01-04 18:10:21,P0053,Clobetasol Cream 0.05% 30g Bottle,Dermatology,3,339.33,33.93,132.96,C01065,Khobar,E001,Web,Completed,0,305.4
ORD002566,2025-03-26 08:11:43,P0144,Nivea Body Lotion 400ml Bottle - Store Brand,Personal Care,1,20.26,3.04,12.14,C00697,Mecca,E096,Web,Completed,1,17.22
ORD002567,2025-02-19 05:35:10,P0265,NeoCitran Hot Drink Pack - Store Brand - Store Brand - Store Brand,Cold & Flu,5,55.55,0.0,25.1,C00419,Dammam,E041,Web,Completed,0,55.55
ORD002568,2025-02-05 14:03:00,P0071,Johnson's Baby Oil 200ml Bottle,Baby Care,2,73.62,11.04,31.26,C00562,Mecca,E065,Mobile,Completed,0,62.58
ORD002569,2024-12-15 08:45:18,P0044,Sensodyne Repair & Protect Bottle,Oral Care,1,30.13,4.52,12.93,C00656,Dammam,E109,Web,Completed,0,25.61
ORD002570,2024-09-26 08:17:19,P0121,Aspirin 100mg Pack - Store Brand - Store Brand,Pain Relief,4,18.04,1.8,5.4,C00813,Riyadh,E019,Mobile,Completed,1,16.24
ORD002571,2024-07-02 03:03:31,P0248,Voltaren Emulgel 50g Bottle - Store Brand - Store Brand,Pain Relief,2,58.2,2.91,17.22,C00065,Mecca,E024,Web,Completed,0,55.29
ORD002572,2025-04-01 11:05:18,P0359,Multivitamin Gummies Kids Bottle - Store Brand,Vitamins,1,49.14,0.0,15.94,C00504,Riyadh,E107,Web,Completed,1,49.14
ORD002573,2025-02-16 19:05:27,P0252,Earol Ear Drops Pack - Store Brand - Store Brand - Store Brand,Ear Care,2,11.28,1.69,8.7,C00242,Medina,E014,Web,Completed,0,9.59
ORD002574,2024-07-23 09:23:51,P0144,Nivea Body Lotion 400ml Bottle - Store Brand,Personal Care,2,40.52,4.05,24.28,C00862,Jeddah,E015,Web,Completed,1,36.47
ORD002575,2025-06-14 05:37:41,P0130,Symbicort Inhaler Bottle - Store Brand - Store Brand,Respiratory,2,378.58,0.0,205.64,C00539,Riyadh,E048,Web,Completed,1,378.58
ORD002576,2025-06-15 08:51:04,P0335,Neutrogena Hydro Boost Bottle - Store Brand,Skincare,1,92.63,4.63,31.49,C00344,Mecca,E024,Web,Completed,1,88.0
ORD002577,2025-06-07 15:26:43,P0154,Imodium 2mg Pack - Store Brand,Gastrointestinal,3,74.31,0.0,23.19,C00890,Dammam,E013,Retail,Completed,0,74.31
ORD002578,2025-09-01 01:25:22,P0156,Clobetasol Cream 0.05% 30g Pack - Store Brand - Store Brand,Dermatology,1,66.9,10.04,16.49,C00157,Mecca,E107,Web,Completed,0,56.86
ORD002579,2024-05-17 11:13:33,P0310,Aspirin 100mg Pack - Store Brand,Pain Relief,2,11.38,0.0,3.6,C00953,Jeddah,E118,Web,Cancelled,1,11.38
ORD002580,2024-08-20 16:00:30,P0077,Duphaston 10mg Bottle,Women's Health,2,156.58,0.0,69.56,C00561,Dammam,E114,Web,Completed,0,156.58
ORD002581,2024-11-04 03:42:29,P0372,Aspirin 100mg Bottle - Store Brand - Store Brand - Store Brand,Pain Relief,2,6.14,0.31,2.62,C00861,Dammam,E024,Web,Completed,0,5.83
ORD002582,2024-10-26 04:32:37,P0399,Earol Ear Drops Pack - Store Brand - Store Brand - Store Brand - Store Brand - Store Brand,Ear Care,1,3.83,0.19,1.44,C01088,Dammam,E110,Web,Completed,0,3.64
ORD002583,2025-06-03 10:05:00,P0095,Earol Ear Drops Box - Store Brand,Ear Care,1,13.57,2.04,6.49,C00662,Riyadh,E056,Retail,Completed,0,11.53
ORD002584,2025-05-16 08:17:45,P0395,Omega-3 Fish Oil Pack - Store Brand - Store Brand - Store Brand - Store Brand,Vitamins,1,24.24,0.0,10.94,C00712,Medina,E095,Web,Returned,0,24.24
ORD002585,2024-05-09 05:51:52,P0199,Otrivin Nasal Spray Bottle - Store Brand,Cold & Flu,1,14.7,1.47,7.77,C00917,Riyadh,E079,Mobile,Completed,0,13.23
ORD002586,2024-06-15 10:02:31,P0070,Johnson's Baby Oil 200ml Pack,Baby Care,3,117.54,5.88,46.8,C00052,Medina,E095,Mobile,Completed,0,111.66
ORD002587,2025-04-10 02:12:42,P0012,Voltaren Emulgel 50g Box,Pain Relief,1,49.02,0.0,20.53,C00001,Riyadh,E021,Retail,Completed,1,49.02
ORD002588,2024-09-11 13:31:04,P0182,Nivea Body Lotion 400ml Bottle - Store Brand - Store Brand,Personal Care,1,16.02,0.0,7.84,C00727,Medina,E039,Retail,Completed,1,16.02
ORD002589,2024-05-08 04:24:09,P0214,Omega-3 Fish Oil Pack - Store Brand - Store Brand,Vitamins,1,57.26,8.59,22.53,C00931,Medina,E092,Web,Completed,0,48.67
ORD002590,2024-08-03 06:57:05,P0110,Imodium 2mg Box - Store Brand,Gastrointestinal,2,48.6,2.43,18.64,C00899,Jeddah,E071,Mobile,Completed,0,46.17
ORD002591,2025-06-22 18:27:08,P0304,Imodium 2mg Bottle - Store Brand,Gastrointestinal,2,50.78,5.08,17.98,C00232,Riyadh,E003,Web,Completed,1,45.7
ORD002592,2024-11-12 00:52:05,P0238,Duphaston 10mg Pack - Store Brand,Women's Health,4,212.56,31.88,68.4,C01128,Khobar,E096,Web,Completed,1,180.68
ORD002593,2024-04-08 19:46:22,P0176,Clobetasol Cream 0.05% 30g Pack - Store Brand - Store Brand,Dermatology,1,67.66,0.0,17.3,C01076,Riyadh,E086,Mobile,Completed,0,67.66
ORD002594,2025-06-28 03:15:34,P0058,Refresh Tears Eye Drops Pack,Eye Care,1,42.51,2.13,17.77,C00042,Medina,E099,Web,Completed,0,40.38
ORD002595,2024-09-23 23:33:16,P0112,Voltaren Emulgel 50g Bottle - Store Brand,Pain Relief,2,73.28,7.33,30.98,C00891,Khobar,E034,Mobile,Completed,0,65.95
ORD002596,2024-08-04 14:46:37,P0082,Ventolin Inhaler Pack,Respiratory,4,811.6,81.16,334.76,C00209,Mecca,E025,Web,Completed,0,730.44
ORD002597,2024-09-29 00:23:10,P0239,Omega-3 Fish Oil Pack - Store Brand - Store Brand - Store Brand,Vitamins,1,31.8,0.0,15.39,C00879,Dammam,E020,Mobile,Completed,0,31.8
ORD002598,2024-12-15 04:51:02,P0345,Otrivin Nasal Spray Box - Store Brand - Store Brand - Store Brand,Cold & Flu,4,35.2,0.0,15.32,C00661,Jeddah,E015,Mobile,Completed,0,35.2
ORD002599,2024-10-29 07:25:29,P0055,Mometasone Furoate 0.1% 15g Pack,Dermatology,1,106.37,0.0,47.37,C00977,Medina,E029,Retail,Completed,0,106.37
ORD002600,2025-09-13 21:38:43,P0075,Pampers Baby Dry Box,Baby Care,3,377.25,18.86,145.95,C00980,Medina,E097,Mobile,Completed,0,358.39
ORD002601,2024-11-06 17:55:55,P0301,Gaviscon 200ml Bottle - Store Brand - Store Brand,Gastrointestinal,4,118.36,17.75,48.76,C00318,Khobar,E118,Web,Completed,0,100.61
ORD002602,2025-05-14 09:10:40,P0062,Earol Ear Drops Bottle,Ear Care,1,25.88,1.29,10.47,C00494,Mecca,E016,Web,Returned,0,24.59
ORD002603,2024-10-18 20:34:00,P0123,Imodium 2mg Box - Store Brand - Store Brand,Gastrointestinal,1,16.26,0.0,6.66,C00941,Riyadh,E057,Mobile,Completed,1,16.26
ORD002604,2024-11-21 03:03:07,P0283,Mometasone Furoate 0.1% 15g Pack - Store Brand,Dermatology,4,260.16,13.01,121.48,C00118,Dammam,E008,Web,Completed,1,247.15
ORD002605,2025-01-28 19:32:10,P0293,Band-Aid Assorted Pack - Store Brand - Store Brand,First Aid,1,6.7,1.0,2.92,C01061,Khobar,E059,Web,Completed,0,5.7
ORD002606,2024-05-12 21:29:48,P0354,Band-Aid Assorted Bottle - Store Brand - Store Brand,First Aid,4,20.6,3.09,11.96,C01183,Jeddah,E024,Mobile,Completed,0,17.51
ORD002607,2025-06-05 20:54:42,P0367,Pampers Baby Dry Pack - Store Brand - Store Brand,Baby Care,1,55.6,8.34,22.07,C00700,Riyadh,E044,Mobile,Completed,0,47.26
ORD002608,2024-08-10 09:49:05,P0017,Vicks VapoRub 50g Bottle,Cold & Flu,1,15.25,0.0,5.72,C01088,Dammam,E090,Web,Completed,0,15.25
ORD002609,2025-01-28 06:22:16,P0183,Band-Aid Assorted Box - Store Brand - Store Brand - Store Brand,First Aid,1,6.34,0.95,2.68,C00742,Dammam,E110,Retail,Completed,0,5.39
ORD002610,2025-08-23 15:33:56,P0153,Aspirin 100mg Bottle - Store Brand - Store Brand,Pain Relief,4,15.96,2.39,6.32,C00263,Jeddah,E033,Web,Completed,0,13.57
ORD002611,2024-04-11 16:49:42,P0075,Pampers Baby Dry Box,Baby Care,4,503.0,75.45,194.6,C00781,Mecca,E016,Web,Completed,0,427.55
ORD002612,2024-03-26 11:18:38,P0068,Imodium 2mg Bottle,Gastrointestinal,2,60.08,3.0,23.58,C00496,Jeddah,E085,Mobile,Completed,0,57.08
ORD002613,2024-11-22 22:49:27,P0384,Band-Aid Assorted Box - Store Brand - Store Brand,First Aid,4,28.0,2.8,12.16,C00780,Jeddah,E008,Web,Completed,0,25.2
ORD002614,2024-12-22 19:10:15,P0217,Femibion Prenatal Box - Store Brand - Store Brand,Vitamins,3,293.61,29.36,98.22,C01110,Mecca,E046,Web,Completed,0,264.25
ORD002615,2024-07-09 09:05:46,P0127,Pampers Baby Dry Box - Store Brand,Baby Care,1,99.29,0.0,40.62,C00454,Mecca,E039,Web,Completed,1,99.29
ORD002616,2025-04-03 18:26:13,P0220,Panadol Advance Box - Store Brand,Pain Relief,4,40.12,6.02,19.12,C00681,Medina,E082,Web,Completed,0,34.1
ORD002617,2025-01-07 17:51:23,P0318,Duphaston 10mg Pack - Store Brand - Store Brand - Store Brand,Women's Health,3,69.57,6.96,30.21,C00257,Dammam,E111,Web,Returned,0,62.61
ORD002618,2024-10-06 13:05:31,P0374,Johnson's Baby Oil 200ml Box - Store Brand - Store Brand,Baby Care,2,49.18,4.92,14.38,C00009,Medina,E090,Retail,Completed,0,44.26
ORD002619,2024-03-28 17:38:06,P0242,Johnson's Baby Oil 200ml Bottle - Store Brand - Store Brand - Store Brand,Baby Care,1,18.1,2.72,4.43,C01170,Medina,E064,Web,Completed,1,15.38
ORD002620,2025-06-12 06:12:58,P0356,Clobetasol Cream 0.05% 30g Pack - Store Brand - Store Brand - Store Brand - Store Brand,Dermatology,1,39.04,1.95,9.75,C00200,Medina,E113,Web,Completed,1,37.09
ORD002621,2024-12-23 03:41:42,P0400,Neutrogena Hydro Boost Box - Store Brand,Skincare,1,104.48,0.0,35.1,C00778,Riyadh,E022,Web,Completed,0,104.48
ORD002622,2025-02-22 12:22:39,P0196,Brufen 400mg Box - Store Brand,Pain Relief,1,12.79,1.28,5.59,C00425,Riyadh,E082,Mobile,Completed,0,11.51
ORD002623,2025-05-17 13:16:34,P0213,Voltaren Emulgel 50g Box - Store Brand - Store Brand,Pain Relief,1,23.18,2.32,9.07,C00851,Mecca,E090,Web,Completed,0,20.86
ORD002624,2025-01-31 04:14:54,P0272,Clobetasol Cream 0.05% 30g Pack - Store Brand - Store Brand - Store Brand - Store Brand,Dermatology,3,130.86,0.0,24.54,C00388,Riyadh,E095,Mobile,Completed,0,130.86
ORD002625,2025-08-16 09:52:19,P0188,Symbicort Inhaler Bottle - Store Brand - Store Brand - Store Brand - Store Brand,Respiratory,2,197.24,9.86,129.02,C01124,Khobar,E047,Web,Completed,0,187.38
ORD002626,2025-01-06 20:47:59,P0160,Sensodyne Repair & Protect Box - Store Brand,Oral Care,1,23.78,3.57,7.64,C00642,Dammam,E022,Mobile,Completed,0,20.21
ORD002627,2024-03-29 15:59:22,P0183,Band-Aid Assorted Box - Store Brand - Store Brand - Store Brand,First Aid,3,19.02,0.95,8.04,C00197,Khobar,E046,Mobile,Completed,1,18.07
ORD002628,2024-07-31 11:02:39,P0391,Johnson's Baby Oil 200ml Bottle - Store Brand - Store Brand,Baby Care,3,65.46,6.55,20.91,C01181,Jeddah,E058,Web,Completed,0,58.91
ORD002629,2024-08-09 23:54:45,P0284,Johnson's Baby Oil 200ml Box - Store Brand,Baby Care,2,60.08,0.0,22.64,C00876,Jeddah,E109,Retail,Completed,0,60.08
ORD002630,2024-10-21 10:09:37,P0368,Sensodyne Repair & Protect Box - Store Brand - Store Brand - Store Brand,Oral Care,1,12.43,0.62,3.91,C00160,Medina,E077,Web,Completed,1,11.81
ORD002631,2025-01-23 07:45:03,P0313,Clobetasol Cream 0.05% 30g Pack - Store Brand - Store Brand,Dermatology,1,64.87,9.73,16.06,C01037,Dammam,E006,Web,Completed,0,55.14
ORD002632,2024-12-14 03:28:26,P0191,Brufen 400mg Bottle - Store Brand,Pain Relief,4,74.2,0.0,20.56,C00425,Riyadh,E075,Web,Completed,0,74.2
ORD002633,2025-03-28 15:09:45,P0037,Neutrogena Hydro Boost Pack,Skincare,4,502.64,0.0,178.0,C01106,Mecca,E003,Mobile,Completed,0,502.64
ORD002634,2024-05-27 12:37:08,P0011,Voltaren Emulgel 50g Bottle,Pain Relief,2,104.88,5.24,38.08,C00566,Mecca,E048,Mobile,Completed,0,99.64
ORD002635,2024-07-05 09:55:40,P0140,Ventolin Inhaler Bottle - Store Brand,Respiratory,1,148.67,22.3,69.38,C00686,Dammam,E012,Web,Completed,1,126.37
ORD002636,2024-03-27 11:09:47,P0153,Aspirin 100mg Bottle - Store Brand - Store Brand,Pain Relief,3,11.97,1.8,4.74,C00531,Khobar,E003,Retail,Completed,1,10.17
ORD002637,2025-08-16 21:18:43,P0358,Pampers Baby Dry Pack - Store Brand - Store Brand - Store Brand,Baby Care,1,33.81,5.07,13.28,C00646,Mecca,E036,Web,Returned,1,28.74
ORD002638,2024-05-04 14:31:33,P0060,Refresh Tears Eye Drops Box,Eye Care,2,91.06,13.66,35.68,C00600,Dammam,E112,Web,Completed,0,77.4
ORD002639,2024-03-30 23:41:22,P0046,Savlon Antiseptic 100ml Pack,First Aid,1,20.85,2.09,8.32,C00110,Dammam,E030,Web,Completed,1,18.76
ORD002640,2024-05-31 23:25:30,P0383,Symbicort Inhaler Bottle - Store Brand - Store Brand - Store Brand - Store Brand - Store Brand,Respiratory,2,139.54,20.93,87.36,C01005,Riyadh,E085,Web,Completed,0,118.61
ORD002641,2024-08-29 15:38:55,P0150,Symbicort Inhaler Bottle - Store Brand - Store Brand - Store Brand,Respiratory,5,661.8,33.09,427.1,C00726,Dammam,E101,Web,Completed,0,628.71
ORD002642,2024-10-28 20:52:51,P0127,Pampers Baby Dry Box - Store Brand,Baby Care,3,297.87,44.68,121.86,C00011,Dammam,E039,Web,Completed,0,253.19
ORD002643,2025-01-19 04:24:01,P0148,Redoxon Vitamin C 1000mg Pack - Store Brand - Store Brand,Vitamins,1,14.84,1.48,6.02,C00406,Khobar,E015,Retail,Completed,0,13.36
ORD002644,2025-03-18 07:22:52,P0129,Pampers Baby Dry Bottle - Store Brand,Baby Care,2,233.44,35.02,91.74,C00856,Riyadh,E067,Web,Returned,0,198.42
ORD002645,2025-02-13 17:42:31,P0191,Brufen 400mg Bottle - Store Brand,Pain Relief,4,74.2,3.71,20.56,C00248,Riyadh,E102,Web,Completed,0,70.49
ORD002646,2024-10-24 11:09:51,P0278,Pampers Baby Dry Pack - Store Brand - Store Brand - Store Brand,Baby Care,4,164.24,0.0,64.88,C00005,Riyadh,E061,Web,Completed,1,164.24
ORD002647,2024-04-07 07:50:24,P0216,Aspirin 100mg Pack - Store Brand - Store Brand,Pain Relief,5,21.15,3.17,8.75,C01001,Mecca,E080,Mobile,Completed,0,17.98
ORD002648,2024-08-11 21:59:40,P0290,NeoCitran Hot Drink Pack - Store Brand - Store Brand - Store Brand,Cold & Flu,1,8.67,0.43,4.48,C00792,Dammam,E037,Mobile,Completed,0,8.24
ORD002649,2024-10-16 14:26:13,P0072,Johnson's Baby Oil 200ml Box,Baby Care,1,37.3,5.6,14.41,C00993,Mecca,E022,Web,Completed,0,31.7
ORD002650,2024-08-22 11:51:42,P0361,Omega-3 Fish Oil Pack - Store Brand - Store Brand - Store Brand,Vitamins,2,68.86,10.33,38.24,C00962,Mecca,E074,Web,Completed,0,58.53
ORD002651,2024-07-29 12:32:13,P0348,Clobetasol Cream 0.05% 30g Pack - Store Brand - Store Brand,Dermatology,1,51.95,5.2,23.45,C00434,Medina,E099,Mobile,Completed,1,46.75
ORD002652,2024-07-07 05:40:24,P0287,Pampers Baby Dry Bottle - Store Brand - Store Brand,Baby Care,2,167.46,0.0,63.98,C01093,Dammam,E036,Mobile,Completed,1,167.46
ORD002653,2024-10-15 17:57:22,P0309,Panadol Extra Pack - Store Brand - Store Brand,Pain Relief,1,6.97,0.0,3.34,C00811,Khobar,E001,Mobile,Completed,0,6.97
ORD002654,2025-07-22 01:24:19,P0371,Clobetasol Cream 0.05% 30g Box - Store Brand - Store Brand - Store Brand,Dermatology,4,146.4,21.96,78.4,C00537,Medina,E095,Retail,Completed,1,124.44
ORD002655,2024-10-25 07:22:12,P0296,Otrivin Nasal Spray Box - Store Brand - Store Brand - Store Brand,Cold & Flu,1,9.19,0.0,3.33,C01039,Mecca,E107,Mobile,Completed,0,9.19
ORD002656,2025-03-28 10:20:40,P0095,Earol Ear Drops Box - Store Brand,Ear Care,2,27.14,2.71,12.98,C00841,Dammam,E087,Web,Completed,1,24.43
ORD002657,2024-06-03 20:59:08,P0310,Aspirin 100mg Pack - Store Brand,Pain Relief,1,5.69,0.85,1.8,C01079,Dammam,E065,Retail,Completed,0,4.84
ORD002658,2024-09-03 20:24:33,P0035,Cetaphil Gentle Cleanser Bottle,Skincare,2,179.46,26.92,69.86,C00565,Dammam,E094,Web,Completed,1,152.54
ORD002659,2025-08-11 06:09:01,P0212,Mometasone Furoate 0.1% 15g Pack - Store Brand - Store Brand - Store Brand,Dermatology,5,135.6,13.56,124.65,C00455,Mecca,E113,Web,Completed,1,122.04
ORD002660,2024-07-03 00:13:46,P0108,Duphaston 10mg Pack - Store Brand,Women's Health,3,157.23,23.58,51.51,C01151,Riyadh,E097,Web,Completed,0,133.65
ORD002661,2025-01-02 14:28:27,P0208,Voltaren Emulgel 50g Box - Store Brand,Pain Relief,3,99.21,0.0,41.43,C00484,Mecca,E067,Web,Completed,0,99.21
ORD002662,2024-05-08 10:11:45,P0159,Panadol Extra Box - Store Brand,Pain Relief,1,9.53,1.43,2.71,C00309,Dammam,E119,Mobile,Completed,0,8.1
ORD002663,2024-03-31 14:02:09,P0134,Symbicort Inhaler Pack - Store Brand,Respiratory,3,903.36,90.34,332.76,C00340,Jeddah,E043,Web,Completed,1,813.02
ORD002664,2024-04-07 20:09:46,P0288,Duphaston 10mg Pack - Store Brand - Store Brand,Women's Health,1,33.26,1.66,13.84,C00304,Dammam,E047,Web,Completed,0,31.6
ORD002665,2024-12-10 01:58:32,P0020,NeoCitran Hot Drink Bottle,Cold & Flu,4,80.76,4.04,43.12,C00897,Mecca,E091,Web,Completed,1,76.72
ORD002666,2025-06-25 21:32:24,P0143,Mometasone Furoate 0.1% 15g Pack - Store Brand - Store Brand,Dermatology,2,106.54,5.33,55.66,C00853,Dammam,E004,Web,Completed,0,101.21
ORD002667,2024-04-09 06:04:37,P0286,Femibion Prenatal Box - Store Brand - Store Brand,Vitamins,4,301.16,45.17,160.36,C00527,Mecca,E090,Mobile,Completed,0,255.99
ORD002668,2024-08-12 03:17:37,P0390,Femibion Prenatal Pack - Store Brand,Vitamins,3,337.65,50.65,122.37,C00827,Jeddah,E053,Retail,Completed,0,287.0
ORD002669,2024-05-25 02:27:33,P0021,NeoCitran Hot Drink Box,Cold & Flu,2,46.58,6.99,20.34,C00053,Riyadh,E066,Mobile,Completed,0,39.59
ORD002670,2025-04-17 04:18:55,P0244,Multivitamin Gummies Kids Bottle - Store Brand,Vitamins,3,152.07,0.0,54.24,C00731,Riyadh,E050,Web,Completed,1,152.07
ORD002671,2024-08-28 16:36:51,P0256,Imodium 2mg Box - Store Brand - Store Brand - Store Brand - Store Brand,Gastrointestinal,1,7.17,0.36,4.76,C00813,Riyadh,E090,Mobile,Completed,1,6.81
ORD002672,2025-01-27 12:09:08,P0337,NeoCitran Hot Drink Pack - Store Brand - Store Brand - Store Brand,Cold & Flu,1,8.75,0.88,4.55,C00177,Jeddah,E103,Retail,Completed,0,7.87
ORD002673,2025-08-25 22:51:13,P0214,Omega-3 Fish Oil Pack - Store Brand - Store Brand,Vitamins,2,114.52,5.73,45.06,C00942,Medina,E018,Mobile,Completed,0,108.79
ORD002674,2024-10-12 18:01:31,P0389,Clobetasol Cream 0.05% 30g Bottle - Store Brand - Store Brand,Dermatology,2,130.46,19.57,52.72,C00053,Riyadh,E098,Mobile,Completed,1,110.89
ORD002675,2025-09-04 07:27:01,P0158,Imodium 2mg Box - Store Brand,Gastrointestinal,3,72.06,0.0,24.42,C00951,Khobar,E053,Web,Completed,0,72.06
ORD002676,2024-05-16 03:04:29,P0071,Johnson's Baby Oil 200ml Bottle,Baby Care,2,73.62,3.68,31.26,C00797,Mecca,E074,Retail,Completed,0,69.94
ORD002677,2025-03-26 13:48:36,P0386,Pampers Baby Dry Pack - Store Brand - Store Brand - Store Brand,Baby Care,1,38.24,1.91,16.49,C00849,Dammam,E099,Mobile,Completed,0,36.33
ORD002678,2025-08-27 15:05:09,P0192,Clobetasol Cream 0.05% 30g Pack - Store Brand,Dermatology,5,356.55,17.83,161.25,C00230,Medina,E063,Web,Completed,0,338.72
ORD002679,2024-08-28 11:27:15,P0141,Otrivin Nasal Spray Bottle - Store Brand,Cold & Flu,3,45.12,2.26,21.48,C00029,Jeddah,E060,Web,Completed,0,42.86
ORD002680,2025-05-11 15:44:36,P0204,Panadol Advance Bottle - Store Brand,Pain Relief,2,27.24,2.72,12.34,C00511,Jeddah,E079,Web,Completed,0,24.52
ORD002681,2024-07-23 11:38:34,P0034,Cetaphil Gentle Cleanser Pack,Skincare,1,80.17,4.01,28.69,C00612,Mecca,E114,Web,Completed,0,76.16
ORD002682,2024-11-12 22:00:44,P0116,Otrivin Nasal Spray Bottle - Store Brand,Cold & Flu,3,58.41,0.0,21.12,C00099,Jeddah,E015,Web,Completed,1,58.41
ORD002683,2025-03-07 05:10:00,P0051,Band-Aid Assorted Box,First Aid,1,13.65,2.05,5.7,C00707,Medina,E077,Web,Completed,1,11.6
ORD002684,2024-08-17 10:19:32,P0263,Nivea Body Lotion 400ml Bottle - Store Brand - Store Brand,Personal Care,1,15.13,1.51,9.96,C00231,Riyadh,E078,Mobile,Returned,0,13.62
ORD002685,2024-09-19 04:02:46,P0024,Otrivin Nasal Spray Box,Cold & Flu,2,49.0,4.9,22.9,C00835,Mecca,E085,Mobile,Completed,0,44.1
ORD002686,2025-09-12 19:27:30,P0259,NeoCitran Hot Drink Pack - Store Brand - Store Brand,Cold & Flu,3,41.04,0.0,18.54,C00789,Khobar,E060,Mobile,Completed,1,41.04
ORD002687,2025-04-16 21:10:04,P0194,Savlon Antiseptic 100ml Bottle - Store Brand,First Aid,4,57.92,0.0,23.92,C00929,Mecca,E050,Mobile,Returned,0,57.92
ORD002688,2025-08-20 04:29:51,P0134,Symbicort Inhaler Pack - Store Brand,Respiratory,1,301.12,0.0,110.92,C01117,Mecca,E044,Retail,Completed,0,301.12
ORD002689,2024-06-10 22:29:23,P0173,Cetaphil Gentle Cleanser Box - Store Brand,Skincare,1,61.32,6.13,22.75,C00538,Khobar,E113,Mobile,Returned,0,55.19
ORD002690,2025-08-12 23:36:14,P0228,Redoxon Vitamin C 1000mg Pack - Store Brand,Vitamins,2,43.74,4.37,20.8,C00552,Dammam,E001,Web,Completed,0,39.37
ORD002691,2024-06-19 20:31:13,P0043,Sensodyne Repair & Protect Pack,Oral Care,2,55.84,2.79,19.94,C00372,Riyadh,E053,Mobile,Completed,0,53.05
ORD002692,2024-08-28 02:23:11,P0122,Band-Aid Assorted Bottle - Store Brand,First Aid,1,8.4,0.0,4.2,C01016,Riyadh,E067,Mobile,Completed,0,8.4
ORD002693,2025-03-10 19:17:52,P0308,Omega-3 Fish Oil Pack - Store Brand - Store Brand - Store Brand,Vitamins,1,44.01,2.2,18.55,C00947,Dammam,E068,Web,Returned,0,41.81
ORD002694,2025-08-10 20:01:27,P0339,Imodium 2mg Box - Store Brand - Store Brand,Gastrointestinal,4,74.44,7.44,25.44,C00994,Mecca,E107,Web,Completed,0,67.0
ORD002695,2025-08-18 00:06:34,P0035,Cetaphil Gentle Cleanser Bottle,Skincare,4,358.92,53.84,139.72,C00549,Medina,E019,Mobile,Completed,0,305.08
ORD002696,2025-06-04 18:37:17,P0176,Clobetasol Cream 0.05% 30g Pack - Store Brand - Store Brand,Dermatology,1,67.66,10.15,17.3,C00820,Mecca,E081,Web,Completed,0,57.51
ORD002697,2025-02-14 12:12:37,P0124,Voltaren Emulgel 50g Bottle - Store Brand - Store Brand,Pain Relief,5,110.5,0.0,60.05,C00547,Dammam,E093,Mobile,Completed,0,110.5
ORD002698,2024-08-03 04:03:45,P0226,Voltaren Emulgel 50g Box - Store Brand - Store Brand - Store Brand,Pain Relief,3,57.36,8.6,19.8,C01173,Khobar,E051,Web,Completed,0,48.76
ORD002699,2024-04-04 23:21:42,P0400,Neutrogena Hydro Boost Box - Store Brand,Skincare,1,104.48,0.0,35.1,C01064,Khobar,E059,Web,Completed,0,104.48
ORD002700,2025-02-13 04:27:43,P0016,Vicks VapoRub 50g Pack,Cold & Flu,1,17.61,1.76,6.3,C01052,Riyadh,E036,Web,Completed,1,15.85
ORD002701,2025-07-25 11:17:23,P0187,Omega-3 Fish Oil Pack - Store Brand,Vitamins,3,203.01,20.3,103.56,C00550,Mecca,E043,Retail,Completed,1,182.71
ORD002702,2024-03-27 12:40:00,P0080,Femibion Prenatal Bottle,Vitamins,1,184.6,0.0,63.26,C00848,Medina,E095,Mobile,Completed,0,184.6
ORD002703,2024-11-09 15:09:14,P0329,Mometasone Furoate 0.1% 15g Pack - Store Brand - Store Brand - Store Brand,Dermatology,1,39.37,3.94,17.6,C00029,Jeddah,E028,Web,Completed,0,35.43
ORD002704,2024-07-22 07:12:55,P0104,Refresh Tears Eye Drops Box - Store Brand,Eye Care,5,151.6,22.74,72.2,C00523,Mecca,E047,Web,Completed,0,128.86
ORD002705,2025-06-08 14:30:38,P0206,Femibion Prenatal Bottle - Store Brand,Vitamins,2,233.42,0.0,88.04,C00692,Riyadh,E032,Mobile,Completed,1,233.42
ORD002706,2024-03-23 13:35:10,P0308,Omega-3 Fish Oil Pack - Store Brand - Store Brand - Store Brand,Vitamins,1,44.01,4.4,18.55,C00066,Riyadh,E032,Web,Completed,0,39.61
ORD002707,2024-04-24 14:43:07,P0001,Panadol Extra Pack,Pain Relief,1,12.87,0.64,5.16,C00117,Dammam,E090,Mobile,Completed,0,12.23
ORD002708,2025-05-10 19:08:41,P0093,Multivitamin Gummies Kids Box,Vitamins,4,216.6,21.66,85.48,C00626,Medina,E100,Retail,Completed,0,194.94
ORD002709,2025-01-27 17:47:53,P0233,Earol Ear Drops Pack - Store Brand,Ear Care,4,48.08,4.81,29.2,C00993,Mecca,E108,Retail,Completed,0,43.27
ORD002710,2024-06-23 06:53:33,P0398,Johnson's Baby Oil 200ml Box - Store Brand,Baby Care,1,30.69,4.6,9.35,C00176,Riyadh,E064,Web,Completed,1,26.09
ORD002711,2025-02-05 06:57:58,P0311,Pampers Baby Dry Box - Store Brand,Baby Care,1,77.12,3.86,29.88,C00431,Jeddah,E017,Web,Completed,1,73.26
ORD002712,2025-03-18 01:14:33,P0216,Aspirin 100mg Pack - Store Brand - Store Brand,Pain Relief,2,8.46,1.27,3.5,C00526,Mecca,E037,Mobile,Completed,0,7.19
ORD002713,2025-06-06 07:55:03,P0169,Ventolin Inhaler Box - Store Brand,Respiratory,4,763.56,38.18,273.84,C01138,Mecca,E018,Mobile,Returned,0,725.38
ORD002714,2025-07-05 18:08:14,P0133,Otrivin Nasal Spray Box - Store Brand - Store Brand,Cold & Flu,2,21.26,1.06,12.54,C00946,Khobar,E022,Retail,Completed,0,20.2
ORD002715,2024-03-31 13:47:14,P0129,Pampers Baby Dry Bottle - Store Brand,Baby Care,1,116.72,17.51,45.87,C01052,Riyadh,E010,Retail,Returned,1,99.21
ORD002716,2024-08-07 09:17:21,P0065,Gaviscon 200ml Bottle,Gastrointestinal,1,50.56,5.06,17.49,C00045,Khobar,E049,Mobile,Completed,0,45.5
ORD002717,2025-06-22 16:07:59,P0389,Clobetasol Cream 0.05% 30g Bottle - Store Brand - Store Brand,Dermatology,4,260.92,13.05,105.44,C01072,Riyadh,E028,Web,Completed,1,247.87
ORD002718,2025-01-27 12:22:54,P0145,Refresh Tears Eye Drops Box - Store Brand - Store Brand,Eye Care,2,38.44,5.77,23.48,C01162,Dammam,E091,Web,Completed,0,32.67
ORD002719,2025-02-22 22:23:40,P0362,Band-Aid Assorted Bottle - Store Brand - Store Brand - Store Brand,First Aid,1,4.42,0.0,1.91,C01115,Mecca,E032,Web,Completed,0,4.42
ORD002720,2025-07-08 05:21:06,P0098,Panadol Advance Pack - Store Brand,Pain Relief,4,45.24,0.0,20.32,C00779,Medina,E042,Web,Completed,0,45.24
ORD002721,2025-07-01 14:33:44,P0266,Symbicort Inhaler Pack - Store Brand,Respiratory,1,241.13,12.06,130.95,C00198,Mecca,E052,Web,Completed,0,229.07
ORD002722,2024-11-02 21:39:01,P0054,Clobetasol Cream 0.05% 30g Box,Dermatology,1,111.97,16.8,45.44,C01000,Mecca,E120,Web,Completed,0,95.17
ORD002723,2024-11-14 20:06:29,P0368,Sensodyne Repair & Protect Box - Store Brand - Store Brand - Store Brand,Oral Care,3,37.29,1.86,11.73,C00556,Riyadh,E110,Web,Completed,0,35.43
ORD002724,2024-09-08 01:58:35,P0236,Band-Aid Assorted Bottle - Store Brand - Store Brand - Store Brand,First Aid,1,3.17,0.0,2.19,C01130,Jeddah,E027,Mobile,Completed,0,3.17
ORD002725,2024-07-19 06:25:58,P0100,Band-Aid Assorted Box - Store Brand,First Aid,4,39.2,5.88,18.8,C00241,Jeddah,E017,Web,Completed,1,33.32
ORD002726,2025-08-05 12:14:42,P0313,Clobetasol Cream 0.05% 30g Pack - Store Brand - Store Brand,Dermatology,1,64.87,9.73,16.06,C00935,Jeddah,E039,Web,Completed,0,55.14
ORD002727,2024-11-08 12:57:37,P0062,Earol Ear Drops Bottle,Ear Care,4,103.52,10.35,41.88,C00073,Medina,E080,Retail,Completed,0,93.17
ORD002728,2025-04-29 18:28:12,P0334,Earol Ear Drops Pack - Store Brand - Store Brand - Store Brand - Store Brand,Ear Care,1,4.5,0.45,3.21,C00231,Riyadh,E107,Web,Completed,1,4.05
ORD002729,2025-02-17 08:08:09,P0213,Voltaren Emulgel 50g Box - Store Brand - Store Brand,Pain Relief,2,46.36,0.0,18.14,C00538,Khobar,E080,Retail,Completed,1,46.36
ORD002730,2024-06-28 03:19:29,P0175,Band-Aid Assorted Box - Store Brand - Store Brand,First Aid,4,30.72,0.0,14.04,C01112,Jeddah,E084,Retail,Completed,0,30.72
ORD002731,2024-03-26 07:39:50,P0159,Panadol Extra Box - Store Brand,Pain Relief,1,9.53,0.95,2.71,C00410,Jeddah,E032,Mobile,Completed,1,8.58
ORD002732,2025-02-03 16:18:32,P0202,Symbicort Inhaler Bottle - Store Brand - Store Brand - Store Brand - Store Brand - Store Brand,Respiratory,1,68.37,10.26,38.93,C00426,Jeddah,E074,Web,Completed,0,58.11
ORD002733,2024-03-28 04:39:32,P0331,Omega-3 Fish Oil Pack - Store Brand - Store Brand - Store Brand - Store Brand,Vitamins,1,24.72,2.47,9.83,C00021,Mecca,E063,Web,Completed,0,22.25
ORD002734,2024-09-14 03:35:13,P0026,Centrum Multivitamins Bottle,Vitamins,5,569.5,28.48,193.15,C00537,Medina,E062,Mobile,Completed,1,541.02
ORD002735,2024-06-06 06:12:45,P0399,Earol Ear Drops Pack - Store Brand - Store Brand - Store Brand - Store Brand - Store Brand,Ear Care,1,3.83,0.57,1.44,C00382,Jeddah,E063,Web,Completed,0,3.26
ORD002736,2025-04-12 11:29:31,P0078,Duphaston 10mg Box,Women's Health,5,410.75,41.08,165.9,C01157,Mecca,E008,Web,Completed,0,369.67
ORD002737,2024-04-26 21:53:40,P0272,Clobetasol Cream 0.05% 30g Pack - Store Brand - Store Brand - Store Brand - Store Brand,Dermatology,1,43.62,4.36,8.18,C00718,Dammam,E107,Mobile,Completed,0,39.26
ORD002738,2025-06-24 20:18:10,P0199,Otrivin Nasal Spray Bottle - Store Brand,Cold & Flu,1,14.7,2.2,7.77,C00078,Riyadh,E025,Web,Completed,0,12.5
ORD002739,2024-08-12 18:25:56,P0374,Johnson's Baby Oil 200ml Box - Store Brand - Store Brand,Baby Care,4,98.36,9.84,28.76,C00587,Medina,E036,Mobile,Completed,0,88.52
ORD002740,2024-10-19 09:48:59,P0379,Nivea Body Lotion 400ml Bottle - Store Brand - Store Brand - Store Brand,Personal Care,2,19.24,0.0,12.86,C00441,Mecca,E057,Mobile,Completed,0,19.24
ORD002741,2024-09-14 02:44:09,P0186,Mometasone Furoate 0.1% 15g Pack - Store Brand - Store Brand,Dermatology,1,44.0,0.0,25.71,C00476,Riyadh,E119,Retail,Completed,1,44.0
ORD002742,2025-02-07 04:10:15,P0287,Pampers Baby Dry Bottle - Store Brand - Store Brand,Baby Care,1,83.73,0.0,31.99,C00071,Dammam,E101,Web,Completed,0,83.73
ORD002743,2024-05-31 17:46:16,P0222,Band-Aid Assorted Bottle - Store Brand - Store Brand,First Aid,2,13.02,0.65,5.48,C00152,Jeddah,E085,Web,Completed,0,12.37
ORD002744,2024-05-22 21:47:33,P0358,Pampers Baby Dry Pack - Store Brand - Store Brand - Store Brand,Baby Care,1,33.81,5.07,13.28,C00086,Jeddah,E025,Retail,Completed,0,28.74
ORD002745,2025-05-30 15:32:30,P0344,Redoxon Vitamin C 1000mg Pack - Store Brand - Store Brand - Store Brand - Store Brand,Vitamins,3,22.74,0.0,6.72,C01009,Mecca,E045,Web,Completed,0,22.74
ORD002746,2024-11-27 06:23:37,P0240,Pampers Baby Dry Box - Store Brand,Baby Care,4,347.08,52.06,149.68,C00264,Jeddah,E034,Web,Completed,1,295.02
ORD002747,2025-08-24 15:44:42,P0347,Refresh Tears Eye Drops Box - Store Brand - Store Brand - Store Brand,Eye Care,1,11.65,0.0,8.56,C00852,Medina,E118,Web,Completed,1,11.65
ORD002748,2024-03-25 01:26:46,P0233,Earol Ear Drops Pack - Store Brand,Ear Care,1,12.02,0.0,7.3,C00942,Medina,E076,Web,Completed,0,12.02
ORD002749,2024-11-19 21:42:01,P0349,Redoxon Vitamin C 1000mg Bottle - Store Brand - Store Brand,Vitamins,1,13.39,1.34,7.36,C00506,Medina,E016,Mobile,Cancelled,0,12.05
ORD002750,2025-07-05 06:28:57,P0145,Refresh Tears Eye Drops Box - Store Brand - Store Brand,Eye Care,5,96.1,4.8,58.7,C00312,Medina,E023,Web,Completed,0,91.3
ORD002751,2025-06-23 02:55:12,P0326,Band-Aid Assorted Box - Store Brand - Store Brand,First Aid,1,6.6,0.33,3.03,C00690,Jeddah,E099,Retail,Completed,0,6.27
ORD002752,2025-04-26 00:05:02,P0382,Redoxon Vitamin C 1000mg Pack - Store Brand,Vitamins,1,24.54,3.68,11.51,C00619,Dammam,E088,Retail,Completed,0,20.86
ORD002753,2025-08-17 15:52:19,P0235,Pampers Baby Dry Box - Store Brand - Store Brand,Baby Care,2,126.56,0.0,50.58,C00312,Medina,E020,Web,Completed,0,126.56
ORD002754,2024-06-01 07:05:32,P0136,Panadol Advance Box - Store Brand,Pain Relief,5,56.1,8.41,30.35,C00756,Dammam,E037,Mobile,Completed,0,47.69
ORD002755,2024-08-28 04:55:57,P0022,Otrivin Nasal Spray Pack,Cold & Flu,3,90.0,9.0,35.76,C00643,Mecca,E093,Web,Completed,0,81.0
ORD002756,2025-07-05 19:25:38,P0271,Imodium 2mg Box - Store Brand - Store Brand - Store Brand - Store Brand - Store Brand,Gastrointestinal,5,25.5,2.55,15.0,C00457,Mecca,E034,Retail,Completed,0,22.95
ORD002757,2025-02-21 12:21:33,P0267,Voltaren Emulgel 50g Bottle - Store Brand - Store Brand - Store Brand,Pain Relief,2,30.18,4.53,16.08,C01057,Mecca,E006,Mobile,Completed,0,25.65
ORD002758,2025-07-01 14:27:43,P0297,Centrum Multivitamins Bottle - Store Brand - Store Brand - Store Brand,Vitamins,3,121.5,0.0,58.62,C00341,Medina,E070,Mobile,Completed,0,121.5
ORD002759,2024-09-11 16:17:56,P0182,Nivea Body Lotion 400ml Bottle - Store Brand - Store Brand,Personal Care,1,16.02,0.8,7.84,C00643,Mecca,E088,Retail,Completed,1,15.22
ORD002760,2025-01-11 00:20:51,P0028,Redoxon Vitamin C 1000mg Pack,Vitamins,1,30.19,3.02,13.82,C00330,Jeddah,E069,Web,Completed,0,27.17
ORD002761,2024-12-14 07:33:28,P0007,Aspirin 100mg Pack,Pain Relief,1,7.79,1.17,2.97,C01017,Riyadh,E031,Web,Completed,1,6.62
ORD002762,2024-04-17 02:16:07,P0184,Mometasone Furoate 0.1% 15g Box - Store Brand,Dermatology,1,83.84,12.58,32.45,C00456,Dammam,E103,Mobile,Cancelled,0,71.26
ORD002763,2024-04-06 00:27:36,P0239,Omega-3 Fish Oil Pack - Store Brand - Store Brand - Store Brand,Vitamins,1,31.8,4.77,15.39,C00704,Khobar,E087,Web,Completed,0,27.03
ORD002764,2024-12-30 04:44:26,P0342,Gaviscon 200ml Bottle - Store Brand - Store Brand - Store Brand - Store Brand,Gastrointestinal,3,43.59,4.36,15.81,C00056,Medina,E062,Mobile,Returned,0,39.23
ORD002765,2025-05-10 01:08:22,P0400,Neutrogena Hydro Boost Box - Store Brand,Skincare,3,313.44,15.67,105.3,C00759,Jeddah,E118,Mobile,Completed,1,297.77
ORD002766,2024-05-11 07:24:38,P0098,Panadol Advance Pack - Store Brand,Pain Relief,1,11.31,0.0,5.08,C00304,Dammam,E106,Mobile,Completed,0,11.31
ORD002767,2025-06-13 19:27:40,P0390,Femibion Prenatal Pack - Store Brand,Vitamins,1,112.55,16.88,40.79,C00113,Dammam,E103,Web,Completed,1,95.67
ORD002768,2024-08-09 14:59:59,P0345,Otrivin Nasal Spray Box - Store Brand - Store Brand - Store Brand,Cold & Flu,1,8.8,1.32,3.83,C00543,Dammam,E119,Web,Completed,0,7.48
ORD002769,2024-07-08 01:17:30,P0052,Clobetasol Cream 0.05% 30g Pack,Dermatology,3,312.0,0.0,114.27,C00745,Dammam,E095,Mobile,Completed,0,312.0
ORD002770,2025-04-04 13:57:39,P0210,Voltaren Emulgel 50g Bottle - Store Brand - Store Brand,Pain Relief,4,120.48,18.07,52.6,C00852,Medina,E001,Web,Completed,1,102.41
ORD002771,2024-04-29 13:50:16,P0396,Mometasone Furoate 0.1% 15g Box - Store Brand - Store Brand,Dermatology,1,66.93,0.0,19.92,C00705,Dammam,E051,Web,Completed,0,66.93
ORD002772,2025-02-23 01:05:08,P0316,Clobetasol Cream 0.05% 30g Bottle - Store Brand,Dermatology,4,341.16,34.12,136.32,C00630,Jeddah,E006,Web,Completed,0,307.04
ORD002773,2025-08-07 11:49:02,P0054,Clobetasol Cream 0.05% 30g Box,Dermatology,2,223.94,22.39,90.88,C00241,Jeddah,E108,Web,Completed,0,201.55
ORD002774,2024-03-31 11:21:07,P0338,Aspirin 100mg Bottle - Store Brand - Store Brand - Store Brand,Pain Relief,4,9.12,0.0,3.72,C00994,Mecca,E076,Web,Completed,0,9.12
ORD002775,2025-08-01 08:50:01,P0383,Symbicort Inhaler Bottle - Store Brand - Store Brand - Store Brand - Store Brand - Store Brand,Respiratory,1,69.77,6.98,43.68,C00472,Khobar,E018,Web,Completed,0,62.79
ORD002776,2025-09-08 18:55:43,P0001,Panadol Extra Pack,Pain Relief,1,12.87,1.93,5.16,C01004,Mecca,E097,Web,Completed,0,10.94
ORD002777,2024-09-18 14:20:38,P0154,Imodium 2mg Pack - Store Brand,Gastrointestinal,4,99.08,4.95,30.92,C00964,Jeddah,E051,Web,Completed,1,94.13
ORD002778,2024-04-25 08:47:14,P0294,Colgate Total Bottle - Store Brand,Oral Care,1,14.82,2.22,4.7,C01041,Mecca,E045,Retail,Returned,0,12.6
ORD002779,2025-08-18 20:06:32,P0384,Band-Aid Assorted Box - Store Brand - Store Brand,First Aid,1,7.0,0.7,3.04,C00818,Mecca,E081,Mobile,Completed,0,6.3
ORD002780,2024-10-30 23:30:18,P0332,Femibion Prenatal Pack - Store Brand,Vitamins,3,378.99,37.9,132.66,C00288,Dammam,E089,Web,Completed,0,341.09
ORD002781,2024-06-27 13:24:24,P0286,Femibion Prenatal Box - Store Brand - Store Brand,Vitamins,2,150.58,0.0,80.18,C00218,Medina,E092,Mobile,Completed,0,150.58
ORD002782,2025-05-08 03:50:23,P0372,Aspirin 100mg Bottle - Store Brand - Store Brand - Store Brand,Pain Relief,1,3.07,0.31,1.31,C00218,Medina,E098,Web,Cancelled,0,2.76
ORD002783,2024-07-31 08:38:45,P0087,Symbicort Inhaler Box,Respiratory,2,763.82,76.38,397.4,C00593,Dammam,E020,Web,Completed,0,687.44
ORD002784,2024-11-22 13:21:34,P0167,Pampers Baby Dry Pack - Store Brand,Baby Care,3,246.69,37.0,101.1,C00318,Khobar,E002,Web,Completed,0,209.69
ORD002785,2025-02-12 04:35:53,P0313,Clobetasol Cream 0.05% 30g Pack - Store Brand - Store Brand,Dermatology,4,259.48,25.95,64.24,C00948,Jeddah,E070,Web,Completed,0,233.53
ORD002786,2025-03-06 15:31:55,P0277,Redoxon Vitamin C 1000mg Pack - Store Brand,Vitamins,4,97.12,4.86,44.84,C00945,Jeddah,E097,Web,Returned,0,92.26
ORD002787,2024-07-02 18:47:25,P0330,Nivea Body Lotion 400ml Bottle - Store Brand - Store Brand - Store Brand - Store Brand,Personal Care,1,8.29,0.0,4.64,C00477,Riyadh,E047,Mobile,Completed,0,8.29
ORD002788,2024-08-24 13:46:03,P0241,Imodium 2mg Box - Store Brand - Store Brand,Gastrointestinal,3,57.21,0.0,17.43,C00624,Mecca,E057,Web,Completed,0,57.21
ORD002789,2025-02-14 15:31:49,P0201,Voltaren Emulgel 50g Bottle - Store Brand - Store Brand,Pain Relief,2,45.3,0.0,17.56,C00629,Dammam,E041,Web,Completed,1,45.3
ORD002790,2025-06-10 07:37:20,P0131,Band-Aid Assorted Bottle - Store Brand - Store Brand,First Aid,1,5.12,0.26,2.81,C00788,Riyadh,E023,Web,Completed,0,4.86
ORD002791,2025-06-24 19:15:53,P0348,Clobetasol Cream 0.05% 30g Pack - Store Brand - Store Brand,Dermatology,1,51.95,7.79,23.45,C01059,Mecca,E073,Web,Completed,0,44.16
ORD002792,2024-12-31 18:10:48,P0314,Omega-3 Fish Oil Bottle - Store Brand,Vitamins,1,59.66,5.97,26.93,C01024,Jeddah,E089,Retail,Completed,0,53.69
ORD002793,2024-11-25 23:45:54,P0325,Panadol Extra Pack - Store Brand - Store Brand - Store Brand,Pain Relief,3,13.56,0.0,7.83,C00029,Jeddah,E074,Retail,Completed,1,13.56
ORD002794,2025-02-23 15:09:03,P0060,Refresh Tears Eye Drops Box,Eye Care,5,227.65,22.76,89.2,C00901,Dammam,E109,Mobile,Completed,1,204.89
ORD002795,2024-12-04 08:42:56,P0228,Redoxon Vitamin C 1000mg Pack - Store Brand,Vitamins,1,21.87,0.0,10.4,C00526,Mecca,E071,Web,Completed,1,21.87
ORD002796,2024-10-13 21:38:27,P0387,Aspirin 100mg Pack - Store Brand - Store Brand - Store Brand,Pain Relief,2,5.64,0.85,2.04,C01001,Mecca,E051,Mobile,Completed,1,4.79
ORD002797,2024-04-30 03:57:20,P0270,Redoxon Vitamin C 1000mg Pack - Store Brand - Store Brand,Vitamins,3,52.5,2.62,22.23,C00594,Dammam,E096,Mobile,Completed,0,49.88
ORD002798,2025-05-17 23:59:43,P0181,Centrum Multivitamins Pack - Store Brand,Vitamins,1,80.12,0.0,28.79,C01017,Riyadh,E104,Mobile,Completed,0,80.12
ORD002799,2024-04-11 19:13:32,P0357,Earol Ear Drops Pack - Store Brand - Store Brand - Store Brand - Store Brand - Store Brand,Ear Care,2,5.92,0.89,4.06,C00039,Riyadh,E063,Web,Completed,0,5.03
ORD002800,2025-09-10 01:34:07,P0279,Cetaphil Gentle Cleanser Box - Store Brand - Store Brand,Skincare,3,140.67,21.1,39.66,C00155,Khobar,E028,Mobile,Completed,1,119.57
ORD002801,2024-11-02 12:23:05,P0165,Otrivin Nasal Spray Box - Store Brand - Store Brand,Cold & Flu,1,12.66,0.63,4.79,C00205,Mecca,E112,Mobile,Completed,0,12.03
ORD002802,2024-07-28 05:55:28,P0368,Sensodyne Repair & Protect Box - Store Brand - Store Brand - Store Brand,Oral Care,4,49.72,7.46,15.64,C00565,Dammam,E049,Mobile,Completed,0,42.26
ORD002803,2024-10-09 14:04:20,P0360,Otrivin Nasal Spray Bottle - Store Brand - Store Brand - Store Brand,Cold & Flu,1,9.05,1.36,4.83,C00692,Riyadh,E118,Web,Returned,0,7.69
ORD002804,2024-09-12 19:49:23,P0061,Earol Ear Drops Pack,Ear Care,3,60.03,6.0,28.53,C00457,Mecca,E084,Web,Completed,0,54.03
ORD002805,2024-04-08 19:35:57,P0377,Duphaston 10mg Pack - Store Brand - Store Brand,Women's Health,2,82.5,8.25,28.36,C00508,Jeddah,E089,Retail,Completed,0,74.25
ORD002806,2024-09-16 00:36:12,P0047,Savlon Antiseptic 100ml Bottle,First Aid,3,54.66,2.73,24.84,C01042,Mecca,E067,Web,Completed,0,51.93
ORD002807,2025-04-11 04:04:51,P0254,Imodium 2mg Box - Store Brand - Store Brand - Store Brand,Gastrointestinal,3,35.22,1.76,14.28,C00159,Mecca,E114,Mobile,Completed,1,33.46
ORD002808,2024-12-05 08:58:51,P0356,Clobetasol Cream 0.05% 30g Pack - Store Brand - Store Brand - Store Brand - Store Brand,Dermatology,4,156.16,0.0,39.0,C00164,Mecca,E043,Mobile,Completed,0,156.16
ORD002809,2025-01-19 02:48:31,P0388,Band-Aid Assorted Box - Store Brand - Store Brand,First Aid,1,6.66,1.0,3.35,C00550,Mecca,E042,Web,Completed,0,5.66
ORD002810,2024-08-26 15:56:42,P0219,Brufen 400mg Pack - Store Brand,Pain Relief,2,34.86,1.74,14.62,C00379,Mecca,E016,Web,Completed,1,33.12
ORD002811,2024-10-29 19:50:30,P0192,Clobetasol Cream 0.05% 30g Pack - Store Brand,Dermatology,5,356.55,17.83,161.25,C00700,Riyadh,E087,Web,Completed,1,338.72
ORD002812,2025-07-21 17:51:44,P0226,Voltaren Emulgel 50g Box - Store Brand - Store Brand - Store Brand,Pain Relief,3,57.36,2.87,19.8,C00095,Jeddah,E117,Web,Completed,1,54.49
ORD002813,2024-09-08 13:28:26,P0043,Sensodyne Repair & Protect Pack,Oral Care,1,27.92,0.0,9.97,C00188,Mecca,E054,Retail,Completed,0,27.92
ORD002814,2025-01-26 10:26:33,P0350,Voltaren Emulgel 50g Bottle - Store Brand - Store Brand,Pain Relief,2,51.24,5.12,14.86,C00928,Riyadh,E094,Web,Returned,1,46.12
ORD002815,2024-03-25 15:32:32,P0058,Refresh Tears Eye Drops Pack,Eye Care,1,42.51,4.25,17.77,C00429,Jeddah,E007,Web,Completed,0,38.26
ORD002816,2025-07-13 03:47:54,P0119,Centrum Multivitamins Bottle - Store Brand,Vitamins,1,96.74,9.67,29.24,C00150,Mecca,E018,Mobile,Completed,0,87.07
ORD002817,2025-08-02 07:33:03,P0093,Multivitamin Gummies Kids Box,Vitamins,2,108.3,10.83,42.74,C00620,Riyadh,E094,Web,Completed,0,97.47
ORD002818,2024-04-06 08:09:43,P0093,Multivitamin Gummies Kids Box,Vitamins,3,162.45,24.37,64.11,C00529,Mecca,E061,Mobile,Completed,0,138.08
ORD002819,2025-02-18 10:15:41,P0084,Ventolin Inhaler Box,Respiratory,2,468.22,23.41,205.82,C00882,Jeddah,E048,Mobile,Completed,1,444.81
ORD002820,2024-07-25 04:01:09,P0084,Ventolin Inhaler Box,Respiratory,1,234.11,0.0,102.91,C00189,Mecca,E032,Mobile,Completed,0,234.11
ORD002821,2025-07-28 15:19:18,P0135,Band-Aid Assorted Bottle - Store Brand - Store Brand,First Aid,4,27.88,4.18,13.84,C00455,Mecca,E114,Retail,Completed,1,23.7
ORD002822,2024-05-17 02:17:42,P0350,Voltaren Emulgel 50g Bottle - Store Brand - Store Brand,Pain Relief,1,25.62,3.84,7.43,C00121,Jeddah,E035,Web,Completed,0,21.78
ORD002823,2024-06-12 03:01:49,P0116,Otrivin Nasal Spray Bottle - Store Brand,Cold & Flu,2,38.94,1.95,14.08,C00257,Dammam,E076,Mobile,Completed,1,36.99
ORD002824,2025-06-12 01:15:47,P0025,Centrum Multivitamins Pack,Vitamins,4,446.56,44.66,146.68,C01095,Medina,E108,Retail,Completed,0,401.9
ORD002825,2025-07-01 00:36:34,P0030,Redoxon Vitamin C 1000mg Box,Vitamins,4,129.32,19.4,54.8,C00884,Khobar,E005,Mobile,Completed,0,109.92
ORD002826,2024-11-21 12:51:11,P0088,Colgate Total Pack,Oral Care,1,18.99,1.9,9.34,C01140,Medina,E077,Mobile,Completed,0,17.09
ORD002827,2025-02-09 19:41:00,P0094,Aspirin 100mg Pack - Store Brand,Pain Relief,3,16.32,2.45,6.57,C00352,Dammam,E038,Web,Completed,0,13.87
ORD002828,2025-06-24 14:32:54,P0353,Duphaston 10mg Pack - Store Brand - Store Brand,Women's Health,1,40.23,6.03,13.62,C00256,Dammam,E013,Web,Completed,0,34.2
ORD002829,2025-08-18 00:28:24,P0355,Earol Ear Drops Pack - Store Brand - Store Brand - Store Brand - Store Brand,Ear Care,4,20.4,0.0,12.28,C00766,Riyadh,E043,Mobile,Completed,0,20.4
ORD002830,2024-09-16 01:04:26,P0358,Pampers Baby Dry Pack - Store Brand - Store Brand - Store Brand,Baby Care,1,33.81,0.0,13.28,C00236,Khobar,E090,Web,Completed,1,33.81
ORD002831,2024-07-27 20:17:42,P0064,Gaviscon 200ml Pack,Gastrointestinal,1,53.15,2.66,16.96,C00837,Jeddah,E105,Mobile,Completed,0,50.49
ORD002832,2025-04-13 13:11:32,P0154,Imodium 2mg Pack - Store Brand,Gastrointestinal,1,24.77,1.24,7.73,C00909,Riyadh,E044,Web,Completed,1,23.53
ORD002833,2024-05-11 20:17:00,P0296,Otrivin Nasal Spray Box - Store Brand - Store Brand - Store Brand,Cold & Flu,4,36.76,1.84,13.32,C00210,Mecca,E117,Retail,Completed,1,34.92
ORD002834,2024-05-06 20:52:40,P0243,Cetaphil Gentle Cleanser Box - Store Brand,Skincare,1,60.18,6.02,19.14,C00654,Jeddah,E009,Web,Completed,0,54.16
ORD002835,2024-08-25 06:11:08,P0358,Pampers Baby Dry Pack - Store Brand - Store Brand - Store Brand,Baby Care,3,101.43,10.14,39.84,C00471,Riyadh,E074,Mobile,Completed,1,91.29
ORD002836,2025-06-12 13:10:29,P0197,Johnson's Baby Oil 200ml Bottle - Store Brand - Store Brand - Store Brand,Baby Care,2,34.9,3.49,10.96,C00173,Medina,E051,Web,Completed,1,31.41
ORD002837,2025-09-07 08:14:11,P0005,Panadol Advance Bottle,Pain Relief,2,35.42,3.54,16.32,C00326,Khobar,E073,Mobile,Completed,0,31.88
ORD002838,2024-03-25 20:21:25,P0300,Nivea Body Lotion 400ml Bottle - Store Brand - Store Brand - Store Brand,Personal Care,4,40.84,6.13,30.88,C00679,Medina,E020,Web,Completed,0,34.71
ORD002839,2025-05-18 17:33:44,P0178,Band-Aid Assorted Bottle - Store Brand - Store Brand,First Aid,1,6.94,0.35,3.23,C00432,Medina,E054,Web,Completed,0,6.59
ORD002840,2024-06-07 19:55:48,P0170,Pampers Baby Dry Pack - Store Brand - Store Brand,Baby Care,2,110.96,11.1,42.96,C01121,Jeddah,E116,Web,Completed,1,99.86
ORD002841,2024-10-24 17:29:58,P0324,Aspirin 100mg Pack - Store Brand - Store Brand - Store Brand - Store Brand,Pain Relief,1,2.93,0.44,0.72,C00823,Mecca,E042,Web,Completed,1,2.49
ORD002842,2024-12-21 10:12:59,P0338,Aspirin 100mg Bottle - Store Brand - Store Brand - Store Brand,Pain Relief,1,2.28,0.11,0.93,C00996,Riyadh,E033,Web,Completed,0,2.17
ORD002843,2024-05-02 14:14:55,P0397,Omega-3 Fish Oil Pack - Store Brand - Store Brand - Store Brand - Store Brand - Store Brand,Vitamins,1,18.58,2.79,7.97,C00206,Medina,E044,Mobile,Completed,0,15.79
ORD002844,2024-11-04 03:03:10,P0088,Colgate Total Pack,Oral Care,3,56.97,5.7,28.02,C00379,Mecca,E010,Web,Completed,0,51.27
ORD002845,2024-06-13 16:45:50,P0063,Earol Ear Drops Box,Ear Care,1,21.26,2.13,9.41,C00580,Riyadh,E111,Web,Completed,1,19.13
ORD002846,2024-11-07 23:03:57,P0044,Sensodyne Repair & Protect Bottle,Oral Care,1,30.13,1.51,12.93,C00380,Khobar,E026,Mobile,Completed,1,28.62
ORD002847,2024-04-05 03:56:16,P0144,Nivea Body Lotion 400ml Bottle - Store Brand,Personal Care,2,40.52,2.03,24.28,C01145,Riyadh,E108,Web,Completed,0,38.49
ORD002848,2024-05-11 07:24:07,P0184,Mometasone Furoate 0.1% 15g Box - Store Brand,Dermatology,2,167.68,8.38,64.9,C00699,Jeddah,E053,Web,Completed,0,159.3
ORD002849,2024-10-16 23:03:02,P0153,Aspirin 100mg Bottle - Store Brand - Store Brand,Pain Relief,1,3.99,0.2,1.58,C00087,Jeddah,E066,Mobile,Completed,0,3.79
ORD002850,2025-09-12 18:30:06,P0125,Duphaston 10mg Pack - Store Brand,Women's Health,1,58.3,0.0,19.67,C00618,Khobar,E070,Mobile,Completed,0,58.3
ORD002851,2025-07-08 18:29:12,P0138,Centrum Multivitamins Bottle - Store Brand,Vitamins,3,288.09,28.81,76.14,C01058,Khobar,E096,Web,Completed,0,259.28
ORD002852,2025-06-19 11:35:36,P0293,Band-Aid Assorted Pack - Store Brand - Store Brand,First Aid,3,20.1,0.0,8.76,C00990,Riyadh,E106,Mobile,Completed,1,20.1
ORD002853,2024-07-05 18:30:56,P0055,Mometasone Furoate 0.1% 15g Pack,Dermatology,4,425.48,42.55,189.48,C00113,Dammam,E020,Mobile,Completed,0,382.93
ORD002854,2025-01-19 07:13:07,P0345,Otrivin Nasal Spray Box - Store Brand - Store Brand - Store Brand,Cold & Flu,2,17.6,0.0,7.66,C00420,Jeddah,E039,Web,Completed,0,17.6
ORD002855,2024-12-22 21:07:15,P0165,Otrivin Nasal Spray Box - Store Brand - Store Brand,Cold & Flu,3,37.98,5.7,14.37,C00391,Jeddah,E097,Mobile,Completed,0,32.28
ORD002856,2025-06-11 01:25:48,P0139,Duphaston 10mg Bottle - Store Brand,Women's Health,1,66.04,3.3,24.72,C00049,Riyadh,E074,Web,Completed,0,62.74
ORD002857,2025-06-19 22:42:26,P0015,Brufen 400mg Box,Pain Relief,4,85.08,0.0,33.44,C00496,Jeddah,E018,Mobile,Completed,0,85.08
ORD002858,2025-07-15 04:47:55,P0134,Symbicort Inhaler Pack - Store Brand,Respiratory,1,301.12,15.06,110.92,C01137,Mecca,E084,Retail,Completed,0,286.06
ORD002859,2024-05-31 21:24:12,P0363,Earol Ear Drops Pack - Store Brand,Ear Care,1,14.68,0.73,7.23,C00568,Jeddah,E043,Mobile,Completed,0,13.95
ORD002860,2025-03-21 23:24:08,P0213,Voltaren Emulgel 50g Box - Store Brand - Store Brand,Pain Relief,1,23.18,2.32,9.07,C00885,Riyadh,E020,Web,Completed,1,20.86
ORD002861,2025-08-21 11:31:15,P0078,Duphaston 10mg Box,Women's Health,2,164.3,16.43,66.36,C01025,Medina,E069,Web,Completed,0,147.87
ORD002862,2024-06-19 06:22:27,P0298,Aspirin 100mg Bottle - Store Brand - Store Brand,Pain Relief,3,11.58,0.0,4.38,C00661,Jeddah,E066,Retail,Completed,0,11.58
ORD002863,2024-08-26 10:51:27,P0340,Aspirin 100mg Bottle - Store Brand - Store Brand,Pain Relief,1,3.54,0.18,1.82,C00379,Mecca,E108,Mobile,Completed,1,3.36
ORD002864,2025-04-26 10:32:59,P0173,Cetaphil Gentle Cleanser Box - Store Brand,Skincare,4,245.28,24.53,91.0,C00944,Mecca,E014,Mobile,Completed,0,220.75
ORD002865,2024-07-31 16:52:19,P0122,Band-Aid Assorted Bottle - Store Brand,First Aid,5,42.0,6.3,21.0,C00992,Jeddah,E004,Mobile,Completed,1,35.7
ORD002866,2025-07-19 15:24:52,P0055,Mometasone Furoate 0.1% 15g Pack,Dermatology,3,319.11,15.96,142.11,C00097,Medina,E059,Web,Completed,0,303.15
ORD002867,2024-06-07 14:20:50,P0373,Femibion Prenatal Pack - Store Brand - Store Brand,Vitamins,4,350.32,52.55,148.12,C01163,Mecca,E025,Mobile,Completed,0,297.77
ORD002868,2025-06-24 12:16:19,P0084,Ventolin Inhaler Box,Respiratory,1,234.11,0.0,102.91,C00884,Khobar,E048,Web,Completed,0,234.11
ORD002869,2025-03-22 01:10:37,P0095,Earol Ear Drops Box - Store Brand,Ear Care,2,27.14,1.36,12.98,C00471,Riyadh,E038,Mobile,Completed,0,25.78
ORD002870,2024-12-11 23:10:38,P0243,Cetaphil Gentle Cleanser Box - Store Brand,Skincare,2,120.36,18.05,38.28,C00271,Dammam,E080,Mobile,Completed,1,102.31
ORD002871,2024-07-19 14:56:54,P0090,Colgate Total Box,Oral Care,1,19.23,2.88,7.66,C01063,Medina,E093,Web,Completed,0,16.35
ORD002872,2025-03-07 17:38:03,P0075,Pampers Baby Dry Box,Baby Care,2,251.5,0.0,97.3,C00923,Khobar,E020,Retail,Completed,0,251.5
ORD002873,2024-04-19 20:41:17,P0195,Johnson's Baby Oil 200ml Bottle - Store Brand - Store Brand,Baby Care,3,66.0,9.9,22.08,C01051,Medina,E041,Mobile,Completed,1,56.1
ORD002874,2024-05-05 04:14:39,P0246,Omega-3 Fish Oil Pack - Store Brand - Store Brand - Store Brand,Vitamins,3,101.61,10.16,47.58,C00542,Riyadh,E104,Web,Completed,0,91.45
ORD002875,2024-10-10 12:29:38,P0347,Refresh Tears Eye Drops Box - Store Brand - Store Brand - Store Brand,Eye Care,1,11.65,1.75,8.56,C00796,Dammam,E054,Web,Completed,0,9.9
ORD002876,2025-05-20 00:11:11,P0322,Pampers Baby Dry Bottle - Store Brand - Store Brand,Baby Care,2,151.92,0.0,74.98,C00259,Riyadh,E108,Web,Completed,0,151.92
ORD002877,2024-12-21 22:50:32,P0074,Pampers Baby Dry Bottle,Baby Care,2,285.78,28.58,111.88,C00251,Mecca,E064,Mobile,Completed,0,257.2
ORD002878,2025-01-04 00:58:38,P0189,Aspirin 100mg Pack - Store Brand - Store Brand - Store Brand,Pain Relief,2,7.42,1.11,1.96,C00074,Mecca,E022,Web,Completed,0,6.31
ORD002879,2025-05-24 13:12:02,P0359,Multivitamin Gummies Kids Bottle - Store Brand,Vitamins,2,98.28,14.74,31.88,C00568,Jeddah,E027,Mobile,Completed,0,83.54
ORD002880,2025-09-06 05:11:37,P0182,Nivea Body Lotion 400ml Bottle - Store Brand - Store Brand,Personal Care,2,32.04,0.0,15.68,C00903,Medina,E020,Web,Completed,0,32.04
ORD002881,2024-08-10 02:16:22,P0042,Nivea Body Lotion 400ml Box,Personal Care,1,41.15,0.0,16.15,C00788,Riyadh,E081,Mobile,Completed,0,41.15
ORD002882,2024-07-21 02:48:34,P0234,Earol Ear Drops Pack - Store Brand - Store Brand,Ear Care,5,37.7,5.66,27.15,C01054,Jeddah,E109,Mobile,Completed,0,32.04
ORD002883,2024-04-12 14:13:47,P0325,Panadol Extra Pack - Store Brand - Store Brand - Store Brand,Pain Relief,2,9.04,1.36,5.22,C01194,Dammam,E001,Retail,Completed,0,7.68
ORD002884,2024-06-22 22:47:18,P0055,Mometasone Furoate 0.1% 15g Pack,Dermatology,1,106.37,5.32,47.37,C00581,Dammam,E029,Web,Completed,0,101.05
ORD002885,2025-01-18 01:03:00,P0393,Nivea Body Lotion 400ml Bottle - Store Brand - Store Brand - Store Brand - Store Brand,Personal Care,2,14.62,0.73,8.6,C00928,Riyadh,E029,Web,Completed,1,13.89
ORD002886,2025-08-18 15:45:37,P0283,Mometasone Furoate 0.1% 15g Pack - Store Brand,Dermatology,1,65.04,9.76,30.37,C00016,Riyadh,E118,Web,Completed,0,55.28
ORD002887,2025-02-12 18:05:44,P0160,Sensodyne Repair & Protect Box - Store Brand,Oral Care,2,47.56,7.13,15.28,C00733,Dammam,E066,Mobile,Completed,0,40.43
ORD002888,2024-08-18 07:54:44,P0096,Mometasone Furoate 0.1% 15g Pack - Store Brand,Dermatology,1,66.15,9.92,38.18,C00409,Riyadh,E002,Mobile,Completed,0,56.23
ORD002889,2024-08-02 15:20:57,P0125,Duphaston 10mg Pack - Store Brand,Women's Health,4,233.2,11.66,78.68,C00057,Khobar,E013,Web,Completed,0,221.54
ORD002890,2025-09-03 04:26:59,P0174,Duphaston 10mg Pack - Store Brand,Women's Health,4,212.2,21.22,78.68,C00453,Dammam,E057,Mobile,Completed,0,190.98
ORD002891,2025-08-04 22:49:29,P0055,Mometasone Furoate 0.1% 15g Pack,Dermatology,1,106.37,15.96,47.37,C01107,Mecca,E080,Mobile,Completed,0,90.41
ORD002892,2025-04-28 04:57:55,P0332,Femibion Prenatal Pack - Store Brand,Vitamins,1,126.33,12.63,44.22,C00853,Dammam,E034,Web,Completed,0,113.7
ORD002893,2024-06-12 06:26:59,P0043,Sensodyne Repair & Protect Pack,Oral Care,5,139.6,13.96,49.85,C00460,Medina,E009,Web,Completed,0,125.64
ORD002894,2025-08-10 22:14:14,P0336,Panadol Advance Bottle - Store Brand - Store Brand,Pain Relief,4,43.12,0.0,19.64,C01067,Jeddah,E097,Web,Completed,0,43.12
ORD002895,2024-04-30 04:46:02,P0163,Colgate Total Box - Store Brand,Oral Care,1,13.74,2.06,5.01,C00714,Medina,E015,Web,Completed,0,11.68
ORD002896,2024-04-21 01:49:23,P0054,Clobetasol Cream 0.05% 30g Box,Dermatology,2,223.94,33.59,90.88,C00993,Mecca,E113,Retail,Completed,0,190.35
ORD002897,2024-07-11 08:37:28,P0109,Band-Aid Assorted Bottle - Store Brand,First Aid,1,9.15,0.92,4.01,C00895,Medina,E103,Mobile,Completed,1,8.23
ORD002898,2025-04-24 22:40:06,P0242,Johnson's Baby Oil 200ml Bottle - Store Brand - Store Brand - Store Brand,Baby Care,1,18.1,2.72,4.43,C00288,Dammam,E061,Mobile,Completed,0,15.38
ORD002899,2025-02-14 17:21:25,P0075,Pampers Baby Dry Box,Baby Care,3,377.25,56.59,145.95,C01030,Mecca,E039,Mobile,Completed,0,320.66
ORD002900,2024-07-05 14:28:19,P0145,Refresh Tears Eye Drops Box - Store Brand - Store Brand,Eye Care,2,38.44,5.77,23.48,C00320,Dammam,E028,Mobile,Completed,0,32.67
ORD002901,2024-06-23 10:02:19,P0030,Redoxon Vitamin C 1000mg Box,Vitamins,1,32.33,4.85,13.7,C00423,Riyadh,E047,Web,Completed,0,27.48
ORD002902,2025-08-19 14:00:28,P0185,Femibion Prenatal Pack - Store Brand,Vitamins,2,214.08,0.0,97.0,C01065,Khobar,E066,Web,Completed,0,214.08
ORD002903,2024-04-21 06:52:55,P0269,Aspirin 100mg Bottle - Store Brand - Store Brand - Store Brand,Pain Relief,1,2.94,0.0,0.88,C00804,Jeddah,E043,Mobile,Returned,0,2.94
ORD002904,2025-08-04 00:55:50,P0325,Panadol Extra Pack - Store Brand - Store Brand - Store Brand,Pain Relief,1,4.52,0.23,2.61,C00083,Riyadh,E030,Web,Completed,0,4.29
ORD002905,2024-05-15 12:59:23,P0076,Duphaston 10mg Pack,Women's Health,2,159.58,15.96,55.82,C00875,Medina,E069,Web,Completed,1,143.62
ORD002906,2024-04-10 14:00:23,P0069,Imodium 2mg Box,Gastrointestinal,5,157.4,7.87,55.85,C00655,Riyadh,E039,Web,Completed,1,149.53
ORD002907,2024-10-06 17:29:14,P0040,Nivea Body Lotion 400ml Pack,Personal Care,1,41.14,0.0,13.45,C00619,Dammam,E045,Mobile,Completed,0,41.14
ORD002908,2025-08-10 01:45:04,P0085,Symbicort Inhaler Pack,Respiratory,1,389.73,58.46,181.14,C00851,Mecca,E035,Mobile,Returned,0,331.27
ORD002909,2025-02-15 20:07:57,P0398,Johnson's Baby Oil 200ml Box - Store Brand,Baby Care,1,30.69,0.0,9.35,C00747,Dammam,E044,Web,Completed,0,30.69
ORD002910,2024-05-21 17:11:19,P0159,Panadol Extra Box - Store Brand,Pain Relief,2,19.06,0.0,5.42,C00786,Mecca,E052,Mobile,Completed,0,19.06
ORD002911,2024-06-07 18:32:23,P0005,Panadol Advance Bottle,Pain Relief,1,17.71,1.77,8.16,C00532,Jeddah,E108,Web,Completed,0,15.94
ORD002912,2025-06-24 20:32:03,P0165,Otrivin Nasal Spray Box - Store Brand - Store Brand,Cold & Flu,1,12.66,0.63,4.79,C00203,Riyadh,E089,Web,Completed,0,12.03
ORD002913,2024-06-30 17:56:37,P0130,Symbicort Inhaler Bottle - Store Brand - Store Brand,Respiratory,2,378.58,18.93,205.64,C00564,Mecca,E069,Web,Completed,0,359.65
ORD002914,2024-08-26 07:25:25,P0023,Otrivin Nasal Spray Bottle,Cold & Flu,3,69.75,0.0,32.91,C00948,Jeddah,E104,Web,Returned,0,69.75
ORD002915,2024-04-14 22:28:32,P0382,Redoxon Vitamin C 1000mg Pack - Store Brand,Vitamins,2,49.08,7.36,23.02,C00898,Riyadh,E091,Mobile,Completed,0,41.72
ORD002916,2025-02-08 18:53:38,P0390,Femibion Prenatal Pack - Store Brand,Vitamins,1,112.55,16.88,40.79,C00575,Mecca,E016,Mobile,Completed,1,95.67
ORD002917,2025-02-07 10:12:44,P0214,Omega-3 Fish Oil Pack - Store Brand - Store Brand,Vitamins,2,114.52,0.0,45.06,C01033,Medina,E001,Web,Completed,1,114.52
ORD002918,2024-09-25 18:41:06,P0218,Femibion Prenatal Bottle - Store Brand - Store Brand,Vitamins,1,93.49,0.0,34.23,C00377,Dammam,E018,Mobile,Completed,0,93.49
ORD002919,2025-09-02 04:17:13,P0041,Nivea Body Lotion 400ml Bottle,Personal Care,3,98.61,4.93,46.83,C00831,Jeddah,E035,Mobile,Completed,0,93.68
ORD002920,2024-09-01 02:45:22,P0398,Johnson's Baby Oil 200ml Box - Store Brand,Baby Care,3,92.07,13.81,28.05,C00927,Medina,E071,Web,Completed,0,78.26
ORD002921,2025-07-15 08:38:00,P0018,Vicks VapoRub 50g Box,Cold & Flu,3,44.79,0.0,17.37,C00312,Medina,E061,Retail,Completed,0,44.79
ORD002922,2024-07-17 06:13:47,P0352,Earol Ear Drops Pack - Store Brand - Store Brand - Store Brand - Store Brand,Ear Care,2,9.26,0.93,5.68,C00736,Khobar,E105,Web,Completed,0,8.33
ORD002923,2025-07-15 00:53:12,P0385,Otrivin Nasal Spray Box - Store Brand - Store Brand,Cold & Flu,1,13.26,0.66,5.75,C00798,Jeddah,E100,Retail,Completed,0,12.6
ORD002924,2025-01-24 03:01:27,P0235,Pampers Baby Dry Box - Store Brand - Store Brand,Baby Care,4,253.12,37.97,101.16,C00976,Khobar,E113,Web,Completed,1,215.15
ORD002925,2024-05-02 18:47:10,P0138,Centrum Multivitamins Bottle - Store Brand,Vitamins,1,96.03,14.4,25.38,C00449,Khobar,E032,Web,Completed,0,81.63
ORD002926,2024-05-13 14:36:23,P0194,Savlon Antiseptic 100ml Bottle - Store Brand,First Aid,2,28.96,2.9,11.96,C00751,Dammam,E095,Retail,Completed,0,26.06
ORD002927,2024-12-24 11:50:56,P0303,Band-Aid Assorted Box - Store Brand - Store Brand,First Aid,2,14.08,0.7,7.62,C00289,Mecca,E082,Web,Completed,1,13.38
ORD002928,2024-10-13 00:29:01,P0120,Refresh Tears Eye Drops Box - Store Brand - Store Brand - Store Brand,Eye Care,4,66.8,6.68,33.08,C01131,Medina,E078,Web,Completed,0,60.12
ORD002929,2024-03-24 21:28:52,P0354,Band-Aid Assorted Bottle - Store Brand - Store Brand,First Aid,5,25.75,2.58,14.95,C00456,Dammam,E044,Web,Completed,0,23.17
ORD002930,2024-10-19 12:39:38,P0032,Omega-3 Fish Oil Bottle,Vitamins,3,231.66,23.17,119.91,C00366,Jeddah,E113,Mobile,Completed,0,208.49
ORD002931,2025-05-11 07:23:06,P0038,Neutrogena Hydro Boost Bottle,Skincare,4,465.48,23.27,185.4,C01016,Riyadh,E074,Web,Completed,0,442.21
ORD002932,2024-09-20 06:36:29,P0396,Mometasone Furoate 0.1% 15g Box - Store Brand - Store Brand,Dermatology,1,66.93,6.69,19.92,C01185,Jeddah,E036,Web,Completed,0,60.24
ORD002933,2025-01-07 07:13:26,P0244,Multivitamin Gummies Kids Bottle - Store Brand,Vitamins,3,152.07,15.21,54.24,C00100,Medina,E075,Mobile,Completed,0,136.86
ORD002934,2024-06-19 20:52:32,P0351,Band-Aid Assorted Bottle - Store Brand,First Aid,1,7.3,1.1,4.77,C00630,Jeddah,E068,Mobile,Completed,0,6.2
ORD002935,2024-09-04 22:05:22,P0305,Multivitamin Gummies Kids Bottle - Store Brand,Vitamins,1,44.68,0.0,16.67,C00226,Riyadh,E038,Web,Completed,0,44.68
ORD002936,2025-02-28 08:35:02,P0263,Nivea Body Lotion 400ml Bottle - Store Brand - Store Brand,Personal Care,2,30.26,4.54,19.92,C01000,Mecca,E055,Web,Completed,0,25.72
ORD002937,2025-04-16 22:06:34,P0049,Band-Aid Assorted Pack,First Aid,1,11.89,0.0,4.52,C00006,Medina,E093,Mobile,Completed,0,11.89
ORD002938,2024-05-28 14:11:35,P0243,Cetaphil Gentle Cleanser Box - Store Brand,Skincare,1,60.18,0.0,19.14,C01020,Jeddah,E042,Web,Completed,0,60.18
ORD002939,2025-02-22 09:27:14,P0269,Aspirin 100mg Bottle - Store Brand - Store Brand - Store Brand,Pain Relief,2,5.88,0.88,1.76,C01088,Dammam,E022,Mobile,Returned,0,5.0
ORD002940,2025-04-04 08:48:19,P0184,Mometasone Furoate 0.1% 15g Box - Store Brand,Dermatology,3,251.52,0.0,97.35,C00563,Jeddah,E071,Web,Completed,1,251.52
ORD002941,2025-07-25 23:21:52,P0394,Femibion Prenatal Pack - Store Brand - Store Brand,Vitamins,2,135.64,20.35,75.98,C01028,Khobar,E039,Web,Completed,0,115.29
ORD002942,2025-02-01 17:49:03,P0378,Mometasone Furoate 0.1% 15g Box - Store Brand - Store Brand,Dermatology,2,122.64,0.0,51.84,C00210,Mecca,E019,Retail,Completed,0,122.64
ORD002943,2024-09-28 19:01:43,P0002,Panadol Extra Bottle,Pain Relief,5,61.1,0.0,20.45,C00162,Dammam,E048,Retail,Completed,0,61.1
ORD002944,2024-04-01 11:22:09,P0223,Clobetasol Cream 0.05% 30g Pack - Store Brand - Store Brand - Store Brand,Dermatology,2,102.52,0.0,23.36,C00407,Riyadh,E024,Web,Completed,1,102.52
ORD002945,2024-12-08 08:35:10,P0261,Band-Aid Assorted Pack - Store Brand,First Aid,5,42.1,4.21,17.65,C01095,Medina,E117,Mobile,Completed,0,37.89
ORD002946,2024-07-31 14:43:02,P0074,Pampers Baby Dry Bottle,Baby Care,1,142.89,0.0,55.94,C01157,Mecca,E013,Web,Completed,1,142.89
ORD002947,2025-02-03 12:54:26,P0373,Femibion Prenatal Pack - Store Brand - Store Brand,Vitamins,2,175.16,0.0,74.06,C01050,Dammam,E041,Web,Completed,0,175.16
ORD002948,2024-04-06 19:10:23,P0308,Omega-3 Fish Oil Pack - Store Brand - Store Brand - Store Brand,Vitamins,1,44.01,6.6,18.55,C00015,Medina,E055,Retail,Completed,0,37.41
ORD002949,2024-06-30 22:51:21,P0027,Centrum Multivitamins Box,Vitamins,1,109.63,5.48,45.57,C00661,Jeddah,E036,Web,Cancelled,0,104.15
ORD002950,2025-06-21 23:42:03,P0232,Clobetasol Cream 0.05% 30g Box - Store Brand,Dermatology,1,86.45,4.32,32.72,C00746,Khobar,E007,Web,Completed,0,82.13
ORD002951,2024-06-05 05:28:08,P0109,Band-Aid Assorted Bottle - Store Brand,First Aid,5,45.75,0.0,20.05,C00370,Khobar,E109,Web,Completed,0,45.75
ORD002952,2025-05-11 21:10:47,P0202,Symbicort Inhaler Bottle - Store Brand - Store Brand - Store Brand - Store Brand - Store Brand,Respiratory,1,68.37,3.42,38.93,C00898,Riyadh,E074,Web,Completed,0,64.95
ORD002953,2024-12-30 09:33:50,P0099,Voltaren Emulgel 50g Bottle - Store Brand,Pain Relief,1,37.67,5.65,11.97,C00453,Dammam,E015,Mobile,Completed,0,32.02
ORD002954,2024-12-08 14:04:29,P0348,Clobetasol Cream 0.05% 30g Pack - Store Brand - Store Brand,Dermatology,4,207.8,31.17,93.8,C01137,Mecca,E087,Web,Completed,0,176.63
ORD002955,2024-08-14 04:23:47,P0058,Refresh Tears Eye Drops Pack,Eye Care,2,85.02,8.5,35.54,C00222,Khobar,E099,Mobile,Completed,1,76.52
ORD002956,2024-03-26 20:01:02,P0102,Otrivin Nasal Spray Box - Store Brand,Cold & Flu,1,16.97,2.55,7.96,C00965,Jeddah,E055,Web,Completed,0,14.42
ORD002957,2025-06-19 01:33:15,P0320,Brufen 400mg Box - Store Brand - Store Brand,Pain Relief,5,44.55,2.23,23.45,C01192,Riyadh,E056,Mobile,Completed,1,42.32
ORD002958,2025-07-21 12:00:03,P0306,Mometasone Furoate 0.1% 15g Pack - Store Brand - Store Brand - Store Brand,Dermatology,4,152.36,7.62,90.32,C00656,Dammam,E036,Mobile,Completed,0,144.74
ORD002959,2024-08-07 17:14:04,P0029,Redoxon Vitamin C 1000mg Bottle,Vitamins,2,69.22,3.46,22.86,C00521,Dammam,E046,Web,Completed,0,65.76
ORD002960,2025-09-08 15:10:07,P0011,Voltaren Emulgel 50g Bottle,Pain Relief,1,52.44,7.87,19.04,C00756,Dammam,E052,Web,Completed,0,44.57
ORD002961,2024-10-16 18:00:57,P0204,Panadol Advance Bottle - Store Brand,Pain Relief,2,27.24,4.09,12.34,C00856,Riyadh,E021,Web,Completed,0,23.15
ORD002962,2025-07-17 05:12:54,P0335,Neutrogena Hydro Boost Bottle - Store Brand,Skincare,4,370.52,55.58,125.96,C01042,Mecca,E039,Web,Completed,0,314.94
ORD002963,2024-09-09 04:58:31,P0008,Aspirin 100mg Bottle,Pain Relief,1,8.19,0.82,3.2,C00446,Medina,E021,Web,Completed,0,7.37
ORD002964,2025-01-22 20:20:12,P0036,Cetaphil Gentle Cleanser Box,Skincare,2,157.16,15.72,59.56,C00087,Jeddah,E086,Web,Completed,1,141.44
ORD002965,2024-06-29 19:57:10,P0031,Omega-3 Fish Oil Pack,Vitamins,3,282.87,28.29,126.81,C00969,Khobar,E096,Web,Completed,1,254.58
ORD002966,2025-04-10 13:21:23,P0166,Mometasone Furoate 0.1% 15g Pack - Store Brand - Store Brand,Dermatology,5,244.9,12.24,142.9,C00142,Mecca,E039,Web,Completed,0,232.66
ORD002967,2025-08-02 19:29:23,P0068,Imodium 2mg Bottle,Gastrointestinal,2,60.08,9.01,23.58,C00362,Dammam,E026,Mobile,Completed,0,51.07
ORD002968,2024-11-29 14:42:08,P0133,Otrivin Nasal Spray Box - Store Brand - Store Brand,Cold & Flu,1,10.63,1.06,6.27,C00599,Riyadh,E053,Mobile,Completed,1,9.57
ORD002969,2024-09-30 07:33:49,P0324,Aspirin 100mg Pack - Store Brand - Store Brand - Store Brand - Store Brand,Pain Relief,3,8.79,0.0,2.16,C00735,Medina,E053,Mobile,Completed,0,8.79
ORD002970,2024-11-07 21:44:32,P0377,Duphaston 10mg Pack - Store Brand - Store Brand,Women's Health,2,82.5,4.12,28.36,C00697,Mecca,E079,Mobile,Completed,0,78.38
ORD002971,2025-02-08 12:38:19,P0270,Redoxon Vitamin C 1000mg Pack - Store Brand - Store Brand,Vitamins,1,17.5,0.88,7.41,C00834,Jeddah,E087,Retail,Completed,1,16.62
ORD002972,2025-04-27 04:33:33,P0225,Sensodyne Repair & Protect Box - Store Brand - Store Brand,Oral Care,3,53.61,8.04,14.55,C01171,Khobar,E012,Web,Completed,0,45.57
ORD002973,2025-03-26 02:56:47,P0036,Cetaphil Gentle Cleanser Box,Skincare,1,78.58,0.0,29.78,C00673,Khobar,E061,Mobile,Completed,0,78.58
ORD002974,2024-06-05 01:59:01,P0030,Redoxon Vitamin C 1000mg Box,Vitamins,1,32.33,4.85,13.7,C01120,Riyadh,E105,Web,Completed,0,27.48
ORD002975,2025-05-28 18:34:14,P0272,Clobetasol Cream 0.05% 30g Pack - Store Brand - Store Brand - Store Brand - Store Brand,Dermatology,4,174.48,26.17,32.72,C01035,Medina,E094,Web,Completed,0,148.31
ORD002976,2024-06-26 02:33:15,P0251,Johnson's Baby Oil 200ml Bottle - Store Brand - Store Brand - Store Brand - Store Brand,Baby Care,5,73.4,11.01,13.85,C00232,Riyadh,E101,Web,Completed,1,62.39
ORD002977,2025-01-25 05:15:55,P0160,Sensodyne Repair & Protect Box - Store Brand,Oral Care,1,23.78,2.38,7.64,C00295,Dammam,E108,Web,Completed,0,21.4
ORD002978,2025-01-18 19:17:05,P0195,Johnson's Baby Oil 200ml Bottle - Store Brand - Store Brand,Baby Care,4,88.0,8.8,29.44,C01150,Riyadh,E045,Mobile,Completed,0,79.2
ORD002979,2025-06-30 07:56:27,P0081,Femibion Prenatal Box,Vitamins,1,159.3,7.97,75.87,C00245,Dammam,E096,Retail,Completed,0,151.33
ORD002980,2024-03-31 18:47:35,P0271,Imodium 2mg Box - Store Brand - Store Brand - Store Brand - Store Brand - Store Brand,Gastrointestinal,1,5.1,0.51,3.0,C01025,Medina,E065,Mobile,Completed,0,4.59
ORD002981,2024-08-10 23:03:52,P0033,Omega-3 Fish Oil Box,Vitamins,2,201.32,30.2,76.98,C00676,Medina,E092,Web,Completed,1,171.12
ORD002982,2025-03-08 15:46:39,P0370,Johnson's Baby Oil 200ml Pack - Store Brand,Baby Care,5,154.1,0.0,62.35,C00118,Dammam,E053,Mobile,Completed,0,154.1
ORD002983,2024-12-03 05:28:39,P0069,Imodium 2mg Box,Gastrointestinal,1,31.48,0.0,11.17,C00578,Dammam,E005,Web,Completed,0,31.48
ORD002984,2024-12-19 17:56:16,P0121,Aspirin 100mg Pack - Store Brand - Store Brand,Pain Relief,3,13.53,0.0,4.05,C00268,Riyadh,E015,Web,Completed,0,13.53
ORD002985,2025-06-20 10:19:28,P0106,Symbicort Inhaler Bottle - Store Brand,Respiratory,1,284.2,0.0,134.64,C00394,Dammam,E025,Web,Completed,0,284.2
ORD002986,2024-09-06 07:25:06,P0123,Imodium 2mg Box - Store Brand - Store Brand,Gastrointestinal,2,32.52,4.88,13.32,C00399,Riyadh,E107,Web,Completed,0,27.64
ORD002987,2025-05-11 08:01:09,P0013,Brufen 400mg Pack,Pain Relief,3,68.31,6.83,28.71,C00995,Riyadh,E006,Mobile,Completed,0,61.48
ORD002988,2024-05-30 19:04:30,P0218,Femibion Prenatal Bottle - Store Brand - Store Brand,Vitamins,3,280.47,0.0,102.69,C00548,Khobar,E111,Web,Completed,0,280.47
ORD002989,2024-05-19 09:05:39,P0023,Otrivin Nasal Spray Bottle,Cold & Flu,5,116.25,0.0,54.85,C00502,Dammam,E014,Web,Returned,0,116.25
ORD002990,2024-04-11 07:42:09,P0235,Pampers Baby Dry Box - Store Brand - Store Brand,Baby Care,1,63.28,6.33,25.29,C00562,Mecca,E084,Retail,Completed,0,56.95
ORD002991,2024-07-17 21:11:02,P0008,Aspirin 100mg Bottle,Pain Relief,2,16.38,2.46,6.4,C00818,Mecca,E110,Web,Completed,0,13.92
ORD002992,2024-05-18 04:01:08,P0139,Duphaston 10mg Bottle - Store Brand,Women's Health,4,264.16,0.0,98.88,C00980,Medina,E032,Web,Completed,0,264.16
ORD002993,2024-10-09 05:18:16,P0268,Duphaston 10mg Pack - Store Brand - Store Brand - Store Brand,Women's Health,2,50.76,5.08,23.12,C01105,Dammam,E039,Mobile,Completed,0,45.68
ORD002994,2024-09-01 17:10:04,P0108,Duphaston 10mg Pack - Store Brand,Women's Health,1,52.41,0.0,17.17,C01094,Khobar,E055,Web,Completed,0,52.41
ORD002995,2025-04-04 04:40:16,P0029,Redoxon Vitamin C 1000mg Bottle,Vitamins,4,138.44,0.0,45.72,C01099,Jeddah,E027,Retail,Completed,0,138.44
ORD002996,2024-11-29 13:39:24,P0255,Clobetasol Cream 0.05% 30g Pack - Store Brand - Store Brand - Store Brand,Dermatology,3,166.44,0.0,40.59,C00189,Mecca,E110,Mobile,Completed,1,166.44
ORD002997,2024-06-21 01:45:32,P0122,Band-Aid Assorted Bottle - Store Brand,First Aid,1,8.4,0.42,4.2,C00497,Dammam,E101,Mobile,Completed,0,7.98
ORD002998,2024-04-04 13:40:56,P0126,Clobetasol Cream 0.05% 30g Box - Store Brand,Dermatology,5,356.85,35.68,168.5,C00629,Dammam,E116,Web,Completed,0,321.17
ORD002999,2025-05-01 10:48:57,P0001,Panadol Extra Pack,Pain Relief,2,25.74,0.0,10.32,C00020,Riyadh,E038,Web,Completed,1,25.74
ORD003000,2025-07-26 20:35:56,P0170,Pampers Baby Dry Pack - Store Brand - Store Brand,Baby Care,1,55.48,2.77,21.48,C00046,Mecca,E117,Web,Completed,0,52.71
ORD003001,2025-02-24 17:29:00,P0208,Voltaren Emulgel 50g Box - Store Brand,Pain Relief,2,66.14,6.61,27.62,C00001,Riyadh,E063,Web,Completed,0,59.53
ORD003002,2025-07-06 00:55:29,P0206,Femibion Prenatal Bottle - Store Brand,Vitamins,1,116.71,0.0,44.02,C00283,Khobar,E005,Retail,Completed,0,116.71
ORD003003,2025-08-15 18:11:52,P0145,Refresh Tears Eye Drops Box - Store Brand - Store Brand,Eye Care,5,96.1,0.0,58.7,C00098,Mecca,E101,Mobile,Completed,0,96.1
ORD003004,2025-08-03 04:05:58,P0059,Refresh Tears Eye Drops Bottle,Eye Care,1,45.02,4.5,15.26,C00574,Mecca,E037,Retail,Completed,0,40.52
ORD003005,2024-05-25 23:19:01,P0399,Earol Ear Drops Pack - Store Brand - Store Brand - Store Brand - Store Brand - Store Brand,Ear Care,5,19.15,0.96,7.2,C00685,Mecca,E043,Web,Completed,1,18.19
ORD003006,2025-08-19 01:45:52,P0049,Band-Aid Assorted Pack,First Aid,1,11.89,0.0,4.52,C01102,Khobar,E053,Mobile,Completed,0,11.89
ORD003007,2024-07-30 20:28:03,P0225,Sensodyne Repair & Protect Box - Store Brand - Store Brand,Oral Care,5,89.35,4.47,24.25,C00536,Mecca,E097,Mobile,Completed,0,84.88
ORD003008,2024-03-24 12:50:24,P0307,Duphaston 10mg Pack - Store Brand - Store Brand - Store Brand,Women's Health,1,23.95,2.4,10.28,C00280,Medina,E037,Web,Completed,1,21.55
ORD003009,2025-06-19 09:07:37,P0170,Pampers Baby Dry Pack - Store Brand - Store Brand,Baby Care,2,110.96,11.1,42.96,C00215,Dammam,E067,Mobile,Completed,1,99.86
ORD003010,2025-01-20 05:19:47,P0284,Johnson's Baby Oil 200ml Box - Store Brand,Baby Care,2,60.08,3.0,22.64,C00727,Medina,E008,Web,Completed,0,57.08
ORD003011,2025-02-22 01:05:51,P0274,Panadol Extra Pack - Store Brand,Pain Relief,2,20.76,3.11,8.24,C00917,Riyadh,E027,Web,Completed,0,17.65
ORD003012,2024-07-14 02:15:33,P0052,Clobetasol Cream 0.05% 30g Pack,Dermatology,4,416.0,20.8,152.36,C00586,Jeddah,E058,Mobile,Completed,0,395.2
ORD003013,2025-01-19 16:05:09,P0247,Otrivin Nasal Spray Box - Store Brand - Store Brand,Cold & Flu,2,29.3,2.93,10.18,C00282,Khobar,E052,Web,Completed,0,26.37
ORD003014,2025-03-28 00:11:30,P0238,Duphaston 10mg Pack - Store Brand,Women's Health,1,53.14,0.0,17.1,C01006,Dammam,E011,Web,Cancelled,0,53.14
ORD003015,2024-06-17 08:45:19,P0175,Band-Aid Assorted Box - Store Brand - Store Brand,First Aid,4,30.72,0.0,14.04,C01154,Riyadh,E105,Web,Completed,1,30.72
ORD003016,2024-08-09 19:17:57,P0066,Gaviscon 200ml Box,Gastrointestinal,1,53.76,8.06,17.11,C00636,Dammam,E100,Mobile,Completed,0,45.7
ORD003017,2025-07-31 15:37:34,P0108,Duphaston 10mg Pack - Store Brand,Women's Health,5,262.05,39.31,85.85,C00181,Khobar,E053,Mobile,Completed,0,222.74
ORD003018,2024-06-08 20:48:01,P0347,Refresh Tears Eye Drops Box - Store Brand - Store Brand - Store Brand,Eye Care,2,23.3,1.16,17.12,C00526,Mecca,E001,Web,Completed,0,22.14
ORD003019,2024-06-25 12:10:23,P0389,Clobetasol Cream 0.05% 30g Bottle - Store Brand - Store Brand,Dermatology,1,65.23,3.26,26.36,C00917,Riyadh,E018,Web,Completed,0,61.97
ORD003020,2024-08-05 21:17:01,P0294,Colgate Total Bottle - Store Brand,Oral Care,2,29.64,2.96,9.4,C00854,Riyadh,E002,Mobile,Completed,0,26.68
ORD003021,2025-05-05 12:45:48,P0329,Mometasone Furoate 0.1% 15g Pack - Store Brand - Store Brand - Store Brand,Dermatology,1,39.37,3.94,17.6,C00262,Medina,E005,Web,Completed,0,35.43
ORD003022,2025-03-09 08:03:25,P0151,Aspirin 100mg Bottle - Store Brand,Pain Relief,2,10.82,0.0,4.62,C00437,Medina,E030,Web,Completed,0,10.82
ORD003023,2024-09-30 06:08:28,P0185,Femibion Prenatal Pack - Store Brand,Vitamins,1,107.04,0.0,48.5,C01128,Khobar,E106,Retail,Completed,0,107.04
ORD003024,2024-11-25 11:57:22,P0092,Multivitamin Gummies Kids Bottle,Vitamins,5,307.7,46.15,107.75,C00273,Mecca,E119,Web,Completed,0,261.55
ORD003025,2024-03-28 21:57:44,P0120,Refresh Tears Eye Drops Box - Store Brand - Store Brand - Store Brand,Eye Care,3,50.1,7.52,24.81,C00577,Mecca,E038,Web,Completed,0,42.58
ORD003026,2025-04-07 01:51:38,P0052,Clobetasol Cream 0.05% 30g Pack,Dermatology,2,208.0,0.0,76.18,C00735,Medina,E077,Mobile,Completed,0,208.0
ORD003027,2024-06-30 02:21:52,P0193,Mometasone Furoate 0.1% 15g Pack - Store Brand - Store Brand,Dermatology,5,209.55,0.0,148.9,C01049,Medina,E109,Web,Completed,0,209.55
ORD003028,2025-07-19 03:16:51,P0033,Omega-3 Fish Oil Box,Vitamins,1,100.66,10.07,38.49,C00806,Khobar,E032,Web,Completed,0,90.59
ORD003029,2025-04-23 12:22:38,P0136,Panadol Advance Box - Store Brand,Pain Relief,3,33.66,0.0,18.21,C01141,Jeddah,E120,Mobile,Completed,1,33.66
ORD003030,2025-03-10 16:53:12,P0228,Redoxon Vitamin C 1000mg Pack - Store Brand,Vitamins,1,21.87,1.09,10.4,C00401,Dammam,E071,Web,Completed,0,20.78
ORD003031,2024-04-09 12:02:09,P0070,Johnson's Baby Oil 200ml Pack,Baby Care,1,39.18,3.92,15.6,C00806,Khobar,E064,Retail,Completed,0,35.26
ORD003032,2025-08-28 05:42:48,P0056,Mometasone Furoate 0.1% 15g Bottle,Dermatology,5,523.95,78.59,218.25,C00056,Medina,E072,Mobile,Completed,0,445.36
ORD003033,2024-06-06 13:55:31,P0055,Mometasone Furoate 0.1% 15g Pack,Dermatology,1,106.37,15.96,47.37,C00539,Riyadh,E033,Retail,Completed,1,90.41
ORD003034,2025-06-29 02:21:52,P0155,Pampers Baby Dry Pack - Store Brand,Baby Care,2,147.94,14.79,65.84,C01140,Medina,E105,Web,Completed,0,133.15
ORD003035,2025-04-09 21:11:14,P0145,Refresh Tears Eye Drops Box - Store Brand - Store Brand,Eye Care,3,57.66,5.77,35.22,C00962,Mecca,E090,Mobile,Completed,0,51.89
ORD003036,2024-08-14 21:12:39,P0287,Pampers Baby Dry Bottle - Store Brand - Store Brand,Baby Care,2,167.46,0.0,63.98,C00217,Jeddah,E107,Web,Returned,0,167.46
ORD003037,2025-09-09 11:54:31,P0027,Centrum Multivitamins Box,Vitamins,1,109.63,5.48,45.57,C00858,Jeddah,E067,Mobile,Completed,0,104.15
ORD003038,2025-01-09 23:55:29,P0018,Vicks VapoRub 50g Box,Cold & Flu,1,14.93,0.0,5.79,C01179,Jeddah,E050,Web,Completed,0,14.93
ORD003039,2025-03-09 07:36:33,P0161,Gaviscon 200ml Bottle - Store Brand,Gastrointestinal,3,114.09,11.41,43.86,C00662,Riyadh,E057,Retail,Completed,0,102.68
ORD003040,2024-07-12 17:46:07,P0101,Cetaphil Gentle Cleanser Pack - Store Brand,Skincare,2,99.86,0.0,42.24,C00188,Mecca,E119,Web,Completed,0,99.86
ORD003041,2024-11-10 02:02:48,P0346,Refresh Tears Eye Drops Bottle - Store Brand,Eye Care,2,62.72,0.0,22.44,C00517,Khobar,E018,Web,Completed,0,62.72
ORD003042,2024-08-21 00:04:57,P0095,Earol Ear Drops Box - Store Brand,Ear Care,2,27.14,4.07,12.98,C00472,Khobar,E079,Mobile,Completed,1,23.07
ORD003043,2024-11-07 16:37:55,P0288,Duphaston 10mg Pack - Store Brand - Store Brand,Women's Health,1,33.26,4.99,13.84,C00523,Mecca,E100,Mobile,Completed,0,28.27
ORD003044,2024-11-28 22:25:46,P0263,Nivea Body Lotion 400ml Bottle - Store Brand - Store Brand,Personal Care,4,60.52,0.0,39.84,C00950,Riyadh,E069,Web,Completed,0,60.52
ORD003045,2024-10-03 13:30:27,P0085,Symbicort Inhaler Pack,Respiratory,1,389.73,38.97,181.14,C00669,Dammam,E066,Web,Completed,0,350.76
ORD003046,2025-03-10 21:18:13,P0206,Femibion Prenatal Bottle - Store Brand,Vitamins,3,350.13,35.01,132.06,C00471,Riyadh,E015,Mobile,Completed,1,315.12
ORD003047,2025-07-02 06:37:53,P0345,Otrivin Nasal Spray Box - Store Brand - Store Brand - Store Brand,Cold & Flu,1,8.8,0.88,3.83,C00468,Medina,E041,Web,Completed,0,7.92
ORD003048,2025-01-15 08:44:47,P0324,Aspirin 100mg Pack - Store Brand - Store Brand - Store Brand - Store Brand,Pain Relief,1,2.93,0.44,0.72,C00640,Khobar,E073,Mobile,Completed,0,2.49
ORD003049,2024-07-28 18:32:14,P0287,Pampers Baby Dry Bottle - Store Brand - Store Brand,Baby Care,1,83.73,0.0,31.99,C00222,Khobar,E031,Retail,Completed,0,83.73
ORD003050,2025-07-17 23:44:46,P0233,Earol Ear Drops Pack - Store Brand,Ear Care,3,36.06,3.61,21.9,C01090,Khobar,E046,Web,Completed,0,32.45
ORD003051,2024-11-28 04:43:04,P0198,Nivea Body Lotion 400ml Bottle - Store Brand,Personal Care,2,47.5,2.38,24.7,C00733,Dammam,E068,Web,Completed,0,45.12
ORD003052,2024-07-09 13:42:31,P0190,Band-Aid Assorted Box - Store Brand - Store Brand - Store Brand,First Aid,2,10.68,1.6,4.74,C00109,Riyadh,E024,Retail,Completed,0,9.08
ORD003053,2025-03-01 18:19:03,P0189,Aspirin 100mg Pack - Store Brand - Store Brand - Store Brand,Pain Relief,1,3.71,0.56,0.98,C00304,Dammam,E038,Retail,Completed,0,3.15
ORD003054,2024-04-12 12:10:39,P0337,NeoCitran Hot Drink Pack - Store Brand - Store Brand - Store Brand,Cold & Flu,1,8.75,1.31,4.55,C00081,Jeddah,E060,Mobile,Completed,0,7.44
ORD003055,2024-12-26 22:53:49,P0164,Duphaston 10mg Box - Store Brand,Women's Health,3,189.6,9.48,80.25,C00043,Riyadh,E116,Web,Completed,1,180.12
ORD003056,2024-03-26 19:36:07,P0144,Nivea Body Lotion 400ml Bottle - Store Brand,Personal Care,1,20.26,1.01,12.14,C00847,Jeddah,E105,Web,Completed,0,19.25
ORD003057,2024-06-25 00:54:07,P0286,Femibion Prenatal Box - Store Brand - Store Brand,Vitamins,4,301.16,15.06,160.36,C00994,Mecca,E065,Web,Completed,0,286.1
ORD003058,2024-03-28 20:44:04,P0234,Earol Ear Drops Pack - Store Brand - Store Brand,Ear Care,1,7.54,0.0,5.43,C00835,Mecca,E054,Web,Completed,0,7.54
ORD003059,2025-06-13 17:08:01,P0047,Savlon Antiseptic 100ml Bottle,First Aid,1,18.22,0.91,8.28,C00931,Medina,E028,Web,Completed,1,17.31
ORD003060,2024-05-27 19:09:05,P0248,Voltaren Emulgel 50g Bottle - Store Brand - Store Brand,Pain Relief,2,58.2,0.0,17.22,C00017,Medina,E008,Mobile,Completed,0,58.2
ORD003061,2025-02-20 04:22:39,P0394,Femibion Prenatal Pack - Store Brand - Store Brand,Vitamins,1,67.82,3.39,37.99,C00233,Riyadh,E024,Mobile,Completed,0,64.43
ORD003062,2025-04-09 07:04:09,P0008,Aspirin 100mg Bottle,Pain Relief,1,8.19,0.82,3.2,C00321,Mecca,E046,Retail,Completed,1,7.37
ORD003063,2025-06-15 23:26:01,P0226,Voltaren Emulgel 50g Box - Store Brand - Store Brand - Store Brand,Pain Relief,5,95.6,4.78,33.0,C00984,Medina,E030,Web,Completed,0,90.82
ORD003064,2024-09-07 16:03:36,P0394,Femibion Prenatal Pack - Store Brand - Store Brand,Vitamins,1,67.82,3.39,37.99,C00718,Dammam,E011,Retail,Completed,1,64.43
ORD003065,2025-03-19 12:17:50,P0330,Nivea Body Lotion 400ml Bottle - Store Brand - Store Brand - Store Brand - Store Brand,Personal Care,4,33.16,0.0,18.56,C00460,Medina,E037,Web,Completed,0,33.16
ORD003066,2024-09-29 07:33:02,P0039,Neutrogena Hydro Boost Box,Skincare,2,253.9,0.0,86.42,C01027,Mecca,E079,Web,Completed,0,253.9
ORD003067,2025-08-31 08:06:11,P0379,Nivea Body Lotion 400ml Bottle - Store Brand - Store Brand - Store Brand,Personal Care,2,19.24,0.0,12.86,C00064,Khobar,E118,Web,Completed,1,19.24
ORD003068,2025-02-18 08:02:05,P0180,Ventolin Inhaler Box - Store Brand - Store Brand,Respiratory,5,781.8,117.27,220.9,C00763,Mecca,E044,Web,Completed,1,664.53
ORD003069,2025-08-08 08:45:23,P0122,Band-Aid Assorted Bottle - Store Brand,First Aid,4,33.6,5.04,16.8,C00205,Mecca,E009,Web,Completed,0,28.56
ORD003070,2025-05-27 02:20:58,P0166,Mometasone Furoate 0.1% 15g Pack - Store Brand - Store Brand,Dermatology,1,48.98,4.9,28.58,C00572,Medina,E062,Mobile,Completed,0,44.08
ORD003071,2025-07-21 09:06:55,P0192,Clobetasol Cream 0.05% 30g Pack - Store Brand,Dermatology,1,71.31,3.57,32.25,C00047,Khobar,E032,Web,Completed,1,67.74
ORD003072,2025-07-22 05:55:08,P0366,Omega-3 Fish Oil Box - Store Brand - Store Brand,Vitamins,2,83.94,12.59,41.62,C01004,Mecca,E004,Web,Completed,1,71.35
ORD003073,2024-08-28 19:21:46,P0121,Aspirin 100mg Pack - Store Brand - Store Brand,Pain Relief,1,4.51,0.23,1.35,C00344,Mecca,E020,Web,Completed,0,4.28
ORD003074,2025-06-20 22:51:41,P0291,Clobetasol Cream 0.05% 30g Pack - Store Brand - Store Brand - Store Brand - Store Brand - Store Brand,Dermatology,1,34.2,1.71,6.04,C00629,Dammam,E049,Mobile,Completed,0,32.49
ORD003075,2025-08-07 14:28:03,P0205,Gaviscon 200ml Pack - Store Brand,Gastrointestinal,2,69.8,10.47,27.78,C00373,Medina,E029,Retail,Completed,0,59.33
ORD003076,2024-07-19 04:52:12,P0021,NeoCitran Hot Drink Box,Cold & Flu,2,46.58,2.33,20.34,C00776,Riyadh,E003,Web,Returned,0,44.25
ORD003077,2025-03-10 06:08:32,P0275,Clobetasol Cream 0.05% 30g Pack - Store Brand - Store Brand - Store Brand,Dermatology,4,220.12,11.01,48.84,C01079,Dammam,E073,Mobile,Completed,0,209.11
ORD003078,2024-09-27 22:29:49,P0194,Savlon Antiseptic 100ml Bottle - Store Brand,First Aid,3,43.44,0.0,17.94,C00752,Riyadh,E027,Web,Completed,1,43.44
ORD003079,2025-01-12 02:45:51,P0001,Panadol Extra Pack,Pain Relief,2,25.74,1.29,10.32,C00164,Mecca,E062,Mobile,Completed,0,24.45
ORD003080,2024-06-11 04:33:17,P0063,Earol Ear Drops Box,Ear Care,2,42.52,2.13,18.82,C00557,Jeddah,E103,Mobile,Completed,0,40.39
ORD003081,2024-12-12 16:43:39,P0366,Omega-3 Fish Oil Box - Store Brand - Store Brand,Vitamins,4,167.88,8.39,83.24,C00631,Medina,E006,Web,Completed,0,159.49
ORD003082,2025-01-18 05:01:15,P0241,Imodium 2mg Box - Store Brand - Store Brand,Gastrointestinal,4,76.28,3.81,23.24,C01010,Mecca,E090,Web,Completed,1,72.47
ORD003083,2025-03-03 16:49:11,P0368,Sensodyne Repair & Protect Box - Store Brand - Store Brand - Store Brand,Oral Care,4,49.72,2.49,15.64,C00449,Khobar,E112,Retail,Completed,0,47.23
ORD003084,2025-04-05 21:27:50,P0322,Pampers Baby Dry Bottle - Store Brand - Store Brand,Baby Care,1,75.96,7.6,37.49,C00202,Jeddah,E041,Retail,Completed,0,68.36
ORD003085,2025-04-06 19:02:07,P0337,NeoCitran Hot Drink Pack - Store Brand - Store Brand - Store Brand,Cold & Flu,5,43.75,4.38,22.75,C01141,Jeddah,E087,Web,Returned,1,39.37
ORD003086,2025-07-12 13:29:20,P0131,Band-Aid Assorted Bottle - Store Brand - Store Brand,First Aid,2,10.24,1.54,5.62,C00853,Dammam,E034,Mobile,Completed,1,8.7
ORD003087,2024-07-25 01:04:06,P0383,Symbicort Inhaler Bottle - Store Brand - Store Brand - Store Brand - Store Brand - Store Brand,Respiratory,1,69.77,6.98,43.68,C00850,Mecca,E091,Web,Completed,0,62.79
ORD003088,2025-02-01 22:28:30,P0126,Clobetasol Cream 0.05% 30g Box - Store Brand,Dermatology,2,142.74,14.27,67.4,C01164,Riyadh,E001,Retail,Completed,1,128.47
ORD003089,2024-12-01 22:48:10,P0169,Ventolin Inhaler Box - Store Brand,Respiratory,1,190.89,19.09,68.46,C01054,Jeddah,E110,Web,Completed,0,171.8
ORD003090,2025-02-13 12:19:56,P0191,Brufen 400mg Bottle - Store Brand,Pain Relief,3,55.65,8.35,15.42,C00849,Dammam,E113,Web,Completed,0,47.3
ORD003091,2024-11-26 04:35:21,P0096,Mometasone Furoate 0.1% 15g Pack - Store Brand,Dermatology,3,198.45,29.77,114.54,C00891,Khobar,E075,Mobile,Completed,0,168.68
ORD003092,2024-07-08 12:45:32,P0035,Cetaphil Gentle Cleanser Bottle,Skincare,1,89.73,0.0,34.93,C00671,Dammam,E039,Web,Completed,0,89.73
ORD003093,2024-03-26 08:43:03,P0297,Centrum Multivitamins Bottle - Store Brand - Store Brand - Store Brand,Vitamins,1,40.5,2.02,19.54,C00577,Mecca,E038,Retail,Completed,0,38.48
ORD003094,2024-10-31 18:58:34,P0376,Earol Ear Drops Pack - Store Brand - Store Brand - Store Brand - Store Brand,Ear Care,4,18.64,2.8,9.32,C01048,Dammam,E093,Mobile,Completed,0,15.84
ORD003095,2025-01-07 03:17:23,P0088,Colgate Total Pack,Oral Care,1,18.99,1.9,9.34,C00311,Mecca,E090,Mobile,Completed,0,17.09
ORD003096,2024-09-17 18:04:53,P0129,Pampers Baby Dry Bottle - Store Brand,Baby Care,2,233.44,11.67,91.74,C00818,Mecca,E012,Web,Completed,0,221.77
ORD003097,2024-09-27 17:23:05,P0033,Omega-3 Fish Oil Box,Vitamins,1,100.66,5.03,38.49,C00060,Jeddah,E089,Web,Completed,0,95.63
ORD003098,2024-11-23 22:08:47,P0119,Centrum Multivitamins Bottle - Store Brand,Vitamins,1,96.74,14.51,29.24,C00989,Mecca,E063,Web,Completed,0,82.23
ORD003099,2025-01-24 02:29:18,P0235,Pampers Baby Dry Box - Store Brand - Store Brand,Baby Care,1,63.28,3.16,25.29,C00281,Medina,E086,Web,Completed,1,60.12
ORD003100,2024-08-25 16:06:59,P0095,Earol Ear Drops Box - Store Brand,Ear Care,1,13.57,0.0,6.49,C00287,Mecca,E018,Retail,Completed,0,13.57
ORD003101,2024-04-30 00:52:02,P0362,Band-Aid Assorted Bottle - Store Brand - Store Brand - Store Brand,First Aid,4,17.68,1.77,7.64,C00193,Khobar,E065,Retail,Completed,0,15.91
ORD003102,2025-05-18 20:03:23,P0060,Refresh Tears Eye Drops Box,Eye Care,1,45.53,2.28,17.84,C00126,Medina,E055,Mobile,Completed,1,43.25
ORD003103,2024-04-09 18:53:54,P0213,Voltaren Emulgel 50g Box - Store Brand - Store Brand,Pain Relief,5,115.9,5.8,45.35,C00427,Dammam,E089,Mobile,Completed,0,110.1
ORD003104,2024-08-30 15:07:39,P0366,Omega-3 Fish Oil Box - Store Brand - Store Brand,Vitamins,1,41.97,4.2,20.81,C00038,Medina,E082,Mobile,Completed,0,37.77
ORD003105,2025-02-23 17:44:11,P0110,Imodium 2mg Box - Store Brand,Gastrointestinal,4,97.2,4.86,37.28,C00196,Mecca,E004,Mobile,Completed,1,92.34
ORD003106,2024-10-26 09:33:13,P0222,Band-Aid Assorted Bottle - Store Brand - Store Brand,First Aid,2,13.02,0.0,5.48,C00164,Mecca,E015,Retail,Completed,0,13.02
ORD003107,2024-06-03 15:44:15,P0207,Aspirin 100mg Bottle - Store Brand - Store Brand,Pain Relief,4,14.64,0.73,5.68,C00748,Dammam,E048,Web,Completed,0,13.91
ORD003108,2024-05-22 02:55:57,P0268,Duphaston 10mg Pack - Store Brand - Store Brand - Store Brand,Women's Health,1,25.38,2.54,11.56,C00182,Medina,E038,Web,Completed,0,22.84
ORD003109,2025-05-17 02:13:52,P0191,Brufen 400mg Bottle - Store Brand,Pain Relief,4,74.2,3.71,20.56,C00155,Khobar,E068,Mobile,Completed,0,70.49
ORD003110,2024-10-30 23:42:54,P0164,Duphaston 10mg Box - Store Brand,Women's Health,1,63.2,0.0,26.75,C00958,Jeddah,E008,Web,Completed,0,63.2
ORD003111,2024-12-18 17:04:53,P0031,Omega-3 Fish Oil Pack,Vitamins,2,188.58,18.86,84.54,C00815,Riyadh,E010,Mobile,Completed,0,169.72
ORD003112,2025-05-02 18:14:53,P0140,Ventolin Inhaler Bottle - Store Brand,Respiratory,2,297.34,0.0,138.76,C00604,Riyadh,E036,Mobile,Completed,0,297.34
ORD003113,2025-03-13 18:30:20,P0094,Aspirin 100mg Pack - Store Brand,Pain Relief,1,5.44,0.0,2.19,C00915,Medina,E026,Web,Completed,0,5.44
ORD003114,2025-01-30 05:36:03,P0222,Band-Aid Assorted Bottle - Store Brand - Store Brand,First Aid,2,13.02,1.3,5.48,C01037,Dammam,E049,Web,Completed,1,11.72
ORD003115,2025-05-23 07:45:45,P0282,Symbicort Inhaler Bottle - Store Brand - Store Brand - Store Brand - Store Brand,Respiratory,1,97.54,0.0,59.24,C00124,Riyadh,E119,Mobile,Completed,1,97.54
ORD003116,2025-08-15 07:41:46,P0030,Redoxon Vitamin C 1000mg Box,Vitamins,1,32.33,1.62,13.7,C00388,Riyadh,E062,Mobile,Completed,0,30.71
ORD003117,2025-01-01 02:30:30,P0063,Earol Ear Drops Box,Ear Care,2,42.52,6.38,18.82,C00330,Jeddah,E055,Retail,Completed,1,36.14
ORD003118,2024-06-18 14:24:59,P0072,Johnson's Baby Oil 200ml Box,Baby Care,1,37.3,5.6,14.41,C00185,Mecca,E106,Mobile,Completed,0,31.7
ORD003119,2025-08-20 17:01:22,P0020,NeoCitran Hot Drink Bottle,Cold & Flu,1,20.19,3.03,10.78,C00761,Mecca,E009,Web,Completed,0,17.16
ORD003120,2024-04-13 18:46:10,P0391,Johnson's Baby Oil 200ml Bottle - Store Brand - Store Brand,Baby Care,1,21.82,1.09,6.97,C00039,Riyadh,E048,Web,Completed,0,20.73
ORD003121,2025-06-22 17:31:36,P0398,Johnson's Baby Oil 200ml Box - Store Brand,Baby Care,1,30.69,3.07,9.35,C01126,Riyadh,E057,Mobile,Completed,0,27.62
ORD003122,2024-12-31 06:36:24,P0367,Pampers Baby Dry Pack - Store Brand - Store Brand,Baby Care,5,278.0,13.9,110.35,C00795,Jeddah,E075,Mobile,Completed,0,264.1
ORD003123,2024-10-28 05:29:24,P0091,Multivitamin Gummies Kids Pack,Vitamins,1,61.0,9.15,24.57,C00241,Jeddah,E085,Web,Completed,1,51.85
ORD003124,2024-12-08 06:55:01,P0347,Refresh Tears Eye Drops Box - Store Brand - Store Brand - Store Brand,Eye Care,2,23.3,0.0,17.12,C00615,Dammam,E088,Web,Completed,1,23.3
ORD003125,2025-02-18 05:12:58,P0067,Imodium 2mg Pack,Gastrointestinal,2,62.94,3.15,20.02,C00754,Jeddah,E001,Mobile,Completed,0,59.79
ORD003126,2024-07-18 17:44:28,P0262,Otrivin Nasal Spray Box - Store Brand - Store Brand - Store Brand,Cold & Flu,3,30.18,3.02,11.73,C00273,Mecca,E027,Web,Completed,0,27.16
ORD003127,2025-03-30 00:15:57,P0258,Omega-3 Fish Oil Box - Store Brand,Vitamins,3,200.94,30.14,78.36,C00482,Jeddah,E076,Mobile,Completed,0,170.8
ORD003128,2024-11-23 22:08:23,P0381,Multivitamin Gummies Kids Box - Store Brand,Vitamins,1,41.57,4.16,15.85,C00613,Jeddah,E104,Mobile,Completed,0,37.41
ORD003129,2024-06-28 15:59:35,P0371,Clobetasol Cream 0.05% 30g Box - Store Brand - Store Brand - Store Brand,Dermatology,4,146.4,14.64,78.4,C00240,Riyadh,E039,Web,Returned,0,131.76
ORD003130,2025-05-19 19:00:44,P0058,Refresh Tears Eye Drops Pack,Eye Care,2,85.02,4.25,35.54,C00092,Medina,E118,Web,Completed,1,80.77
ORD003131,2024-06-28 02:33:57,P0228,Redoxon Vitamin C 1000mg Pack - Store Brand,Vitamins,4,87.48,0.0,41.6,C00955,Dammam,E082,Web,Completed,0,87.48
ORD003132,2025-04-02 17:33:54,P0048,Savlon Antiseptic 100ml Box,First Aid,3,55.02,8.25,19.53,C00942,Medina,E059,Retail,Returned,0,46.77
ORD003133,2024-06-24 20:26:20,P0210,Voltaren Emulgel 50g Bottle - Store Brand - Store Brand,Pain Relief,4,120.48,12.05,52.6,C00764,Mecca,E018,Web,Completed,1,108.43
ORD003134,2025-08-11 18:13:49,P0372,Aspirin 100mg Bottle - Store Brand - Store Brand - Store Brand,Pain Relief,2,6.14,0.92,2.62,C00760,Riyadh,E026,Web,Completed,0,5.22
ORD003135,2025-03-01 17:38:14,P0107,Refresh Tears Eye Drops Box - Store Brand - Store Brand,Eye Care,4,89.2,4.46,48.68,C00998,Khobar,E010,Web,Completed,0,84.74
ORD003136,2024-07-10 08:10:45,P0390,Femibion Prenatal Pack - Store Brand,Vitamins,1,112.55,11.26,40.79,C00546,Dammam,E063,Web,Completed,0,101.29
ORD003137,2024-12-18 21:19:41,P0139,Duphaston 10mg Bottle - Store Brand,Women's Health,3,198.12,29.72,74.16,C00654,Jeddah,E109,Mobile,Completed,1,168.4
ORD003138,2024-06-03 22:20:08,P0161,Gaviscon 200ml Bottle - Store Brand,Gastrointestinal,3,114.09,17.11,43.86,C00297,Khobar,E120,Web,Completed,1,96.98
ORD003139,2024-06-15 02:47:07,P0304,Imodium 2mg Bottle - Store Brand,Gastrointestinal,1,25.39,3.81,8.99,C00720,Dammam,E045,Mobile,Completed,1,21.58
ORD003140,2025-02-01 21:03:06,P0253,Duphaston 10mg Pack - Store Brand - Store Brand,Women's Health,1,37.64,5.65,14.81,C00938,Riyadh,E068,Retail,Completed,0,31.99
ORD003141,2024-04-04 10:57:34,P0012,Voltaren Emulgel 50g Box,Pain Relief,1,49.02,4.9,20.53,C00964,Jeddah,E020,Web,Completed,0,44.12
ORD003142,2024-07-08 11:23:28,P0030,Redoxon Vitamin C 1000mg Box,Vitamins,5,161.65,24.25,68.5,C00661,Jeddah,E088,Mobile,Completed,1,137.4
ORD003143,2025-07-20 18:07:00,P0140,Ventolin Inhaler Bottle - Store Brand,Respiratory,1,148.67,7.43,69.38,C00593,Dammam,E017,Mobile,Completed,0,141.24
ORD003144,2024-09-28 09:26:57,P0184,Mometasone Furoate 0.1% 15g Box - Store Brand,Dermatology,5,419.2,0.0,162.25,C00338,Dammam,E059,Web,Completed,1,419.2
ORD003145,2025-08-26 17:47:50,P0165,Otrivin Nasal Spray Box - Store Brand - Store Brand,Cold & Flu,1,12.66,0.0,4.79,C00845,Khobar,E098,Web,Completed,0,12.66
ORD003146,2024-05-26 03:19:20,P0380,Clobetasol Cream 0.05% 30g Bottle - Store Brand - Store Brand,Dermatology,4,275.88,27.59,88.4,C00056,Medina,E005,Mobile,Completed,0,248.29
ORD003147,2025-01-25 07:13:11,P0362,Band-Aid Assorted Bottle - Store Brand - Store Brand - Store Brand,First Aid,3,13.26,0.66,5.73,C00434,Medina,E054,Web,Completed,0,12.6
ORD003148,2025-01-28 16:30:05,P0167,Pampers Baby Dry Pack - Store Brand,Baby Care,1,82.23,4.11,33.7,C01042,Mecca,E086,Web,Completed,0,78.12
ORD003149,2025-06-30 08:24:55,P0039,Neutrogena Hydro Boost Box,Skincare,2,253.9,12.7,86.42,C00022,Dammam,E029,Web,Completed,0,241.2
ORD003150,2024-12-26 03:46:17,P0388,Band-Aid Assorted Box - Store Brand - Store Brand,First Aid,2,13.32,0.0,6.7,C00033,Khobar,E077,Web,Completed,1,13.32
ORD003151,2025-03-24 13:50:51,P0194,Savlon Antiseptic 100ml Bottle - Store Brand,First Aid,2,28.96,2.9,11.96,C00387,Riyadh,E050,Web,Completed,1,26.06
ORD003152,2025-07-28 01:51:16,P0064,Gaviscon 200ml Pack,Gastrointestinal,1,53.15,5.32,16.96,C00258,Riyadh,E087,Mobile,Completed,0,47.83
ORD003153,2024-08-31 06:28:05,P0031,Omega-3 Fish Oil Pack,Vitamins,1,94.29,14.14,42.27,C00690,Jeddah,E089,Web,Completed,1,80.15
ORD003154,2024-12-31 08:51:53,P0341,Clobetasol Cream 0.05% 30g Pack - Store Brand - Store Brand - Store Brand - Store Brand - Store Brand,Dermatology,1,31.35,1.57,6.06,C00098,Mecca,E040,Web,Completed,0,29.78
ORD003155,2025-04-13 19:45:32,P0251,Johnson's Baby Oil 200ml Bottle - Store Brand - Store Brand - Store Brand - Store Brand,Baby Care,3,44.04,4.4,8.31,C01108,Medina,E001,Web,Completed,0,39.64
ORD003156,2024-04-08 02:49:21,P0222,Band-Aid Assorted Bottle - Store Brand - Store Brand,First Aid,2,13.02,0.0,5.48,C00181,Khobar,E012,Web,Completed,0,13.02
ORD003157,2024-11-26 05:34:28,P0292,Band-Aid Assorted Bottle - Store Brand - Store Brand - Store Brand,First Aid,1,5.27,0.0,1.97,C00964,Jeddah,E072,Mobile,Completed,0,5.27
ORD003158,2025-04-11 20:10:22,P0005,Panadol Advance Bottle,Pain Relief,4,70.84,10.63,32.64,C01106,Mecca,E084,Web,Completed,0,60.21
ORD003159,2024-09-21 02:07:07,P0050,Band-Aid Assorted Bottle,First Aid,1,11.37,1.71,5.69,C00428,Riyadh,E109,Mobile,Completed,0,9.66
ORD003160,2024-04-01 23:02:26,P0058,Refresh Tears Eye Drops Pack,Eye Care,1,42.51,0.0,17.77,C00719,Khobar,E008,Mobile,Completed,0,42.51
ORD003161,2024-05-13 04:57:09,P0329,Mometasone Furoate 0.1% 15g Pack - Store Brand - Store Brand - Store Brand,Dermatology,2,78.74,0.0,35.2,C00860,Mecca,E094,Web,Returned,0,78.74
ORD003162,2024-08-04 17:20:21,P0176,Clobetasol Cream 0.05% 30g Pack - Store Brand - Store Brand,Dermatology,2,135.32,6.77,34.6,C00165,Medina,E043,Mobile,Completed,0,128.55
ORD003163,2025-05-19 07:34:42,P0223,Clobetasol Cream 0.05% 30g Pack - Store Brand - Store Brand - Store Brand,Dermatology,4,205.04,10.25,46.72,C01118,Khobar,E080,Mobile,Completed,0,194.79
ORD003164,2024-04-30 07:33:06,P0362,Band-Aid Assorted Bottle - Store Brand - Store Brand - Store Brand,First Aid,5,22.1,1.11,9.55,C00426,Jeddah,E082,Web,Completed,0,20.99
ORD003165,2025-02-10 05:43:01,P0022,Otrivin Nasal Spray Pack,Cold & Flu,1,30.0,0.0,11.92,C00073,Medina,E066,Mobile,Completed,0,30.0
ORD003166,2025-08-28 18:35:09,P0159,Panadol Extra Box - Store Brand,Pain Relief,2,19.06,0.0,5.42,C00523,Mecca,E045,Retail,Completed,0,19.06
ORD003167,2025-03-14 09:05:30,P0247,Otrivin Nasal Spray Box - Store Brand - Store Brand,Cold & Flu,4,58.6,5.86,20.36,C00447,Medina,E099,Web,Completed,0,52.74
ORD003168,2024-09-10 01:42:49,P0093,Multivitamin Gummies Kids Box,Vitamins,1,54.15,0.0,21.37,C00735,Medina,E005,Retail,Completed,0,54.15
ORD003169,2025-08-28 17:54:57,P0280,Clobetasol Cream 0.05% 30g Box - Store Brand - Store Brand,Dermatology,3,162.99,8.15,77.52,C00485,Medina,E002,Retail,Completed,0,154.84
ORD003170,2025-07-05 14:55:57,P0003,Panadol Extra Box,Pain Relief,2,26.52,2.65,8.56,C00567,Mecca,E018,Web,Completed,0,23.87
ORD003171,2024-11-17 12:42:06,P0290,NeoCitran Hot Drink Pack - Store Brand - Store Brand - Store Brand,Cold & Flu,1,8.67,1.3,4.48,C00865,Jeddah,E078,Web,Cancelled,0,7.37
ORD003172,2025-08-08 00:06:38,P0139,Duphaston 10mg Bottle - Store Brand,Women's Health,1,66.04,0.0,24.72,C01043,Jeddah,E052,Mobile,Completed,0,66.04
ORD003173,2025-04-22 09:19:10,P0223,Clobetasol Cream 0.05% 30g Pack - Store Brand - Store Brand - Store Brand,Dermatology,2,102.52,15.38,23.36,C00793,Dammam,E112,Retail,Completed,0,87.14
ORD003174,2025-02-03 18:40:28,P0341,Clobetasol Cream 0.05% 30g Pack - Store Brand - Store Brand - Store Brand - Store Brand - Store Brand,Dermatology,5,156.75,23.51,30.3,C00699,Jeddah,E070,Mobile,Completed,0,133.24
ORD003175,2024-04-11 01:21:19,P0129,Pampers Baby Dry Bottle - Store Brand,Baby Care,1,116.72,17.51,45.87,C00849,Dammam,E113,Mobile,Completed,1,99.21
ORD003176,2025-01-28 20:05:18,P0200,Imodium 2mg Box - Store Brand - Store Brand,Gastrointestinal,1,17.03,0.85,7.84,C01000,Mecca,E024,Web,Completed,0,16.18
ORD003177,2025-06-08 14:30:22,P0211,Colgate Total Pack - Store Brand,Oral Care,3,48.36,2.42,20.25,C00754,Jeddah,E058,Mobile,Completed,1,45.94
ORD003178,2024-11-30 07:09:50,P0151,Aspirin 100mg Bottle - Store Brand,Pain Relief,1,5.41,0.0,2.31,C00335,Khobar,E060,Web,Completed,0,5.41
ORD003179,2025-06-05 06:48:25,P0102,Otrivin Nasal Spray Box - Store Brand,Cold & Flu,2,33.94,1.7,15.92,C00573,Riyadh,E042,Web,Completed,1,32.24
ORD003180,2024-07-19 06:12:45,P0340,Aspirin 100mg Bottle - Store Brand - Store Brand,Pain Relief,2,7.08,1.06,3.64,C00387,Riyadh,E049,Web,Completed,0,6.02
ORD003181,2025-05-29 15:17:42,P0091,Multivitamin Gummies Kids Pack,Vitamins,1,61.0,0.0,24.57,C00278,Jeddah,E041,Web,Completed,0,61.0
ORD003182,2024-06-27 21:39:35,P0263,Nivea Body Lotion 400ml Bottle - Store Brand - Store Brand,Personal Care,3,45.39,0.0,29.88,C00410,Jeddah,E115,Retail,Completed,1,45.39
ORD003183,2025-05-25 06:45:40,P0225,Sensodyne Repair & Protect Box - Store Brand - Store Brand,Oral Care,2,35.74,0.0,9.7,C00617,Dammam,E106,Web,Returned,0,35.74
ORD003184,2025-01-24 22:12:09,P0225,Sensodyne Repair & Protect Box - Store Brand - Store Brand,Oral Care,1,17.87,0.0,4.85,C00658,Riyadh,E069,Mobile,Completed,0,17.87
ORD003185,2024-11-17 11:40:44,P0199,Otrivin Nasal Spray Bottle - Store Brand,Cold & Flu,2,29.4,0.0,15.54,C00581,Dammam,E008,Retail,Completed,0,29.4
ORD003186,2024-03-26 08:34:35,P0332,Femibion Prenatal Pack - Store Brand,Vitamins,3,378.99,18.95,132.66,C00263,Jeddah,E034,Web,Completed,0,360.04
ORD003187,2025-05-03 01:56:03,P0030,Redoxon Vitamin C 1000mg Box,Vitamins,5,161.65,24.25,68.5,C00775,Medina,E045,Mobile,Cancelled,0,137.4
ORD003188,2025-08-04 01:26:34,P0129,Pampers Baby Dry Bottle - Store Brand,Baby Care,1,116.72,5.84,45.87,C00547,Dammam,E076,Web,Completed,0,110.88
ORD003189,2024-12-11 23:21:27,P0234,Earol Ear Drops Pack - Store Brand - Store Brand,Ear Care,2,15.08,0.0,10.86,C01176,Dammam,E083,Mobile,Completed,0,15.08
ORD003190,2025-04-10 05:01:57,P0149,Band-Aid Assorted Box - Store Brand,First Aid,1,9.12,0.0,4.59,C00659,Khobar,E052,Mobile,Completed,0,9.12
ORD003191,2024-08-10 16:16:48,P0234,Earol Ear Drops Pack - Store Brand - Store Brand,Ear Care,1,7.54,0.38,5.43,C00819,Mecca,E053,Mobile,Completed,0,7.16
ORD003192,2025-01-15 13:45:44,P0023,Otrivin Nasal Spray Bottle,Cold & Flu,1,23.25,0.0,10.97,C00960,Khobar,E002,Mobile,Completed,0,23.25
ORD003193,2024-04-07 08:35:18,P0090,Colgate Total Box,Oral Care,5,96.15,9.62,38.3,C00784,Mecca,E101,Web,Completed,1,86.53
ORD003194,2024-07-08 20:23:52,P0300,Nivea Body Lotion 400ml Bottle - Store Brand - Store Brand - Store Brand,Personal Care,1,10.21,1.53,7.72,C00144,Dammam,E047,Web,Returned,0,8.68
ORD003195,2024-04-11 07:05:36,P0341,Clobetasol Cream 0.05% 30g Pack - Store Brand - Store Brand - Store Brand - Store Brand - Store Brand,Dermatology,3,94.05,9.4,18.18,C00946,Khobar,E064,Retail,Completed,0,84.65
ORD003196,2024-11-14 22:16:05,P0143,Mometasone Furoate 0.1% 15g Pack - Store Brand - Store Brand,Dermatology,1,53.27,5.33,27.83,C01122,Medina,E116,Web,Completed,1,47.94
ORD003197,2024-10-07 14:04:06,P0035,Cetaphil Gentle Cleanser Bottle,Skincare,1,89.73,13.46,34.93,C00746,Khobar,E070,Retail,Completed,0,76.27
ORD003198,2025-08-06 16:27:55,P0167,Pampers Baby Dry Pack - Store Brand,Baby Care,1,82.23,8.22,33.7,C00152,Jeddah,E029,Web,Completed,0,74.01
ORD003199,2025-01-12 18:11:44,P0270,Redoxon Vitamin C 1000mg Pack - Store Brand - Store Brand,Vitamins,3,52.5,7.88,22.23,C00323,Jeddah,E046,Retail,Completed,0,44.62
ORD003200,2025-04-20 12:22:58,P0030,Redoxon Vitamin C 1000mg Box,Vitamins,1,32.33,3.23,13.7,C00877,Mecca,E072,Mobile,Completed,0,29.1
ORD003201,2025-08-13 15:43:56,P0241,Imodium 2mg Box - Store Brand - Store Brand,Gastrointestinal,2,38.14,5.72,11.62,C00324,Medina,E081,Web,Completed,1,32.42
ORD003202,2024-09-06 14:41:28,P0212,Mometasone Furoate 0.1% 15g Pack - Store Brand - Store Brand - Store Brand,Dermatology,2,54.24,8.14,49.86,C00295,Dammam,E107,Web,Completed,0,46.1
ORD003203,2024-04-14 17:24:44,P0336,Panadol Advance Bottle - Store Brand - Store Brand,Pain Relief,4,43.12,6.47,19.64,C00331,Medina,E061,Web,Completed,0,36.65
ORD003204,2024-09-28 06:12:17,P0225,Sensodyne Repair & Protect Box - Store Brand - Store Brand,Oral Care,1,17.87,2.68,4.85,C00786,Mecca,E099,Mobile,Completed,0,15.19
ORD003205,2024-11-11 13:56:00,P0040,Nivea Body Lotion 400ml Pack,Personal Care,1,41.14,6.17,13.45,C00852,Medina,E077,Mobile,Completed,0,34.97
ORD003206,2024-12-24 12:08:53,P0073,Pampers Baby Dry Pack,Baby Care,1,121.89,12.19,53.75,C01161,Khobar,E041,Mobile,Completed,0,109.7
ORD003207,2025-06-28 19:16:10,P0282,Symbicort Inhaler Bottle - Store Brand - Store Brand - Store Brand - Store Brand,Respiratory,1,97.54,9.75,59.24,C00562,Mecca,E052,Web,Completed,0,87.79
ORD003208,2024-05-01 16:30:13,P0207,Aspirin 100mg Bottle - Store Brand - Store Brand,Pain Relief,2,7.32,0.73,2.84,C00757,Khobar,E023,Retail,Completed,0,6.59
ORD003209,2025-06-06 11:35:20,P0362,Band-Aid Assorted Bottle - Store Brand - Store Brand - Store Brand,First Aid,1,4.42,0.66,1.91,C00297,Khobar,E058,Web,Completed,0,3.76
ORD003210,2025-06-24 11:03:37,P0148,Redoxon Vitamin C 1000mg Pack - Store Brand - Store Brand,Vitamins,1,14.84,1.48,6.02,C00521,Dammam,E086,Mobile,Completed,0,13.36
ORD003211,2025-06-02 15:56:24,P0179,Symbicort Inhaler Bottle - Store Brand - Store Brand - Store Brand,Respiratory,5,638.9,0.0,330.3,C01029,Mecca,E054,Web,Completed,0,638.9
ORD003212,2024-06-16 08:39:13,P0385,Otrivin Nasal Spray Box - Store Brand - Store Brand,Cold & Flu,1,13.26,0.66,5.75,C00334,Dammam,E089,Mobile,Completed,0,12.6
ORD003213,2024-04-09 22:58:29,P0040,Nivea Body Lotion 400ml Pack,Personal Care,3,123.42,0.0,40.35,C00673,Khobar,E040,Web,Completed,0,123.42
ORD003214,2024-07-09 03:24:48,P0009,Aspirin 100mg Box,Pain Relief,4,29.4,2.94,11.8,C00758,Riyadh,E099,Mobile,Completed,0,26.46
ORD003215,2024-09-12 19:07:29,P0174,Duphaston 10mg Pack - Store Brand,Women's Health,3,159.15,15.92,59.01,C01180,Mecca,E025,Web,Completed,0,143.23
ORD003216,2024-06-17 17:01:37,P0132,Neutrogena Hydro Boost Pack - Store Brand,Skincare,1,94.82,9.48,34.27,C00326,Khobar,E074,Web,Cancelled,0,85.34
ORD003217,2025-01-28 12:23:14,P0257,Refresh Tears Eye Drops Pack - Store Brand,Eye Care,1,34.94,5.24,12.62,C00884,Khobar,E105,Web,Completed,1,29.7
ORD003218,2024-08-12 05:56:43,P0221,Otrivin Nasal Spray Box - Store Brand - Store Brand - Store Brand,Cold & Flu,4,36.0,3.6,19.0,C00850,Mecca,E015,Mobile,Completed,1,32.4
ORD003219,2024-09-12 12:33:16,P0147,Clobetasol Cream 0.05% 30g Pack - Store Brand,Dermatology,2,168.32,16.83,50.46,C00005,Riyadh,E045,Web,Returned,0,151.49
ORD003220,2025-07-26 19:06:16,P0378,Mometasone Furoate 0.1% 15g Box - Store Brand - Store Brand,Dermatology,3,183.96,0.0,77.76,C01151,Riyadh,E103,Mobile,Completed,0,183.96
ORD003221,2025-06-20 00:59:16,P0005,Panadol Advance Bottle,Pain Relief,1,17.71,0.0,8.16,C00511,Jeddah,E011,Web,Completed,0,17.71
ORD003222,2024-12-15 04:14:46,P0254,Imodium 2mg Box - Store Brand - Store Brand - Store Brand,Gastrointestinal,4,46.96,4.7,19.04,C00500,Mecca,E097,Mobile,Completed,0,42.26
ORD003223,2025-02-10 13:04:39,P0221,Otrivin Nasal Spray Box - Store Brand - Store Brand - Store Brand,Cold & Flu,1,9.0,0.45,4.75,C00747,Dammam,E070,Mobile,Completed,0,8.55
ORD003224,2024-10-01 04:03:50,P0065,Gaviscon 200ml Bottle,Gastrointestinal,2,101.12,15.17,34.98,C00377,Dammam,E013,Retail,Completed,0,85.95
ORD003225,2025-08-23 15:57:22,P0032,Omega-3 Fish Oil Bottle,Vitamins,1,77.22,11.58,39.97,C01101,Medina,E048,Retail,Completed,0,65.64
ORD003226,2025-02-16 09:18:56,P0008,Aspirin 100mg Bottle,Pain Relief,1,8.19,0.0,3.2,C00769,Riyadh,E023,Mobile,Completed,0,8.19
ORD003227,2025-05-05 07:21:42,P0340,Aspirin 100mg Bottle - Store Brand - Store Brand,Pain Relief,1,3.54,0.53,1.82,C00644,Dammam,E051,Web,Completed,0,3.01
ORD003228,2025-02-15 05:15:01,P0400,Neutrogena Hydro Boost Box - Store Brand,Skincare,2,208.96,0.0,70.2,C00564,Mecca,E078,Mobile,Completed,0,208.96
ORD003229,2025-07-16 08:17:54,P0222,Band-Aid Assorted Bottle - Store Brand - Store Brand,First Aid,2,13.02,0.0,5.48,C00016,Riyadh,E056,Mobile,Returned,0,13.02
ORD003230,2024-12-08 15:02:24,P0119,Centrum Multivitamins Bottle - Store Brand,Vitamins,1,96.74,9.67,29.24,C00963,Dammam,E093,Mobile,Completed,0,87.07
ORD003231,2024-06-28 02:12:46,P0232,Clobetasol Cream 0.05% 30g Box - Store Brand,Dermatology,4,345.8,51.87,130.88,C00686,Dammam,E057,Web,Completed,0,293.93
ORD003232,2024-09-06 04:58:26,P0080,Femibion Prenatal Bottle,Vitamins,1,184.6,9.23,63.26,C00583,Khobar,E106,Mobile,Completed,0,175.37
ORD003233,2024-11-17 15:31:49,P0085,Symbicort Inhaler Pack,Respiratory,2,779.46,0.0,362.28,C00388,Riyadh,E085,Web,Completed,0,779.46
ORD003234,2025-01-03 19:26:57,P0173,Cetaphil Gentle Cleanser Box - Store Brand,Skincare,2,122.64,6.13,45.5,C00249,Mecca,E052,Web,Completed,0,116.51
ORD003235,2025-05-26 11:29:14,P0115,NeoCitran Hot Drink Pack - Store Brand,Cold & Flu,1,16.2,0.81,8.05,C00327,Khobar,E014,Web,Completed,0,15.39
ORD003236,2025-01-05 04:46:55,P0289,Gaviscon 200ml Pack - Store Brand,Gastrointestinal,2,84.3,12.64,24.18,C01034,Medina,E024,Mobile,Completed,0,71.66
ORD003237,2024-11-05 09:31:16,P0206,Femibion Prenatal Bottle - Store Brand,Vitamins,2,233.42,23.34,88.04,C01178,Medina,E081,Web,Completed,0,210.08
ORD003238,2025-08-07 10:16:39,P0117,Redoxon Vitamin C 1000mg Pack - Store Brand,Vitamins,1,24.22,3.63,8.73,C00453,Dammam,E114,Mobile,Completed,0,20.59
ORD003239,2024-04-21 14:07:52,P0124,Voltaren Emulgel 50g Bottle - Store Brand - Store Brand,Pain Relief,3,66.3,3.32,36.03,C00405,Khobar,E086,Retail,Completed,0,62.98
ORD003240,2025-08-31 17:52:50,P0266,Symbicort Inhaler Pack - Store Brand,Respiratory,2,482.26,48.23,261.9,C00298,Dammam,E003,Web,Completed,0,434.03
ORD003241,2025-08-27 19:36:36,P0277,Redoxon Vitamin C 1000mg Pack - Store Brand,Vitamins,5,121.4,6.07,56.05,C00008,Medina,E050,Retail,Returned,0,115.33
ORD003242,2025-03-08 23:32:40,P0153,Aspirin 100mg Bottle - Store Brand - Store Brand,Pain Relief,1,3.99,0.2,1.58,C01166,Jeddah,E066,Web,Completed,0,3.79
ORD003243,2024-05-03 13:57:43,P0370,Johnson's Baby Oil 200ml Pack - Store Brand,Baby Care,3,92.46,13.87,37.41,C00809,Mecca,E030,Mobile,Completed,0,78.59
ORD003244,2025-06-27 02:41:29,P0298,Aspirin 100mg Bottle - Store Brand - Store Brand,Pain Relief,2,7.72,1.16,2.92,C00309,Dammam,E073,Retail,Completed,1,6.56
ORD003245,2024-09-08 03:54:56,P0197,Johnson's Baby Oil 200ml Bottle - Store Brand - Store Brand - Store Brand,Baby Care,3,52.35,7.85,16.44,C00387,Riyadh,E100,Web,Completed,0,44.5
ORD003246,2024-07-07 07:25:00,P0151,Aspirin 100mg Bottle - Store Brand,Pain Relief,2,10.82,1.62,4.62,C00894,Riyadh,E063,Web,Completed,0,9.2
ORD003247,2025-06-28 00:11:00,P0315,Pampers Baby Dry Pack - Store Brand - Store Brand - Store Brand - Store Brand,Baby Care,3,74.91,0.0,39.09,C00251,Mecca,E048,Retail,Completed,0,74.91
ORD003248,2024-11-24 19:23:43,P0061,Earol Ear Drops Pack,Ear Care,1,20.01,1.0,9.51,C00248,Riyadh,E001,Web,Completed,0,19.01
ORD003249,2025-06-01 07:00:15,P0180,Ventolin Inhaler Box - Store Brand - Store Brand,Respiratory,2,312.72,0.0,88.36,C00289,Mecca,E114,Web,Returned,0,312.72
ORD003250,2024-05-04 21:55:56,P0351,Band-Aid Assorted Bottle - Store Brand,First Aid,1,7.3,0.73,4.77,C00581,Dammam,E065,Web,Completed,0,6.57
ORD003251,2024-09-23 15:02:14,P0238,Duphaston 10mg Pack - Store Brand,Women's Health,2,106.28,0.0,34.2,C00578,Dammam,E035,Web,Completed,0,106.28
ORD003252,2024-10-21 02:59:36,P0026,Centrum Multivitamins Bottle,Vitamins,2,227.8,34.17,77.26,C00248,Riyadh,E087,Web,Completed,0,193.63
ORD003253,2024-09-25 10:55:02,P0135,Band-Aid Assorted Bottle - Store Brand - Store Brand,First Aid,3,20.91,0.0,10.38,C00902,Dammam,E006,Web,Completed,0,20.91
ORD003254,2025-03-04 16:52:54,P0293,Band-Aid Assorted Pack - Store Brand - Store Brand,First Aid,1,6.7,0.0,2.92,C00524,Dammam,E112,Mobile,Completed,0,6.7
ORD003255,2024-10-27 02:03:41,P0246,Omega-3 Fish Oil Pack - Store Brand - Store Brand - Store Brand,Vitamins,1,33.87,0.0,15.86,C00225,Mecca,E070,Web,Completed,0,33.87
ORD003256,2024-09-21 12:21:52,P0246,Omega-3 Fish Oil Pack - Store Brand - Store Brand - Store Brand,Vitamins,2,67.74,3.39,31.72,C00863,Khobar,E047,Mobile,Completed,0,64.35
ORD003257,2025-09-06 03:12:28,P0117,Redoxon Vitamin C 1000mg Pack - Store Brand,Vitamins,3,72.66,10.9,26.19,C00714,Medina,E067,Web,Completed,1,61.76
ORD003258,2024-09-11 14:32:32,P0343,Imodium 2mg Box - Store Brand - Store Brand - Store Brand - Store Brand,Gastrointestinal,2,14.98,0.0,8.72,C00571,Medina,E031,Mobile,Completed,0,14.98
ORD003259,2025-08-08 16:24:12,P0073,Pampers Baby Dry Pack,Baby Care,5,609.45,91.42,268.75,C00616,Khobar,E032,Mobile,Completed,1,518.03
ORD003260,2025-04-23 07:34:12,P0023,Otrivin Nasal Spray Bottle,Cold & Flu,2,46.5,4.65,21.94,C00873,Jeddah,E083,Web,Completed,0,41.85
ORD003261,2024-04-25 04:00:43,P0006,Panadol Advance Box,Pain Relief,1,16.39,0.82,7.6,C00889,Riyadh,E011,Web,Completed,0,15.57
ORD003262,2025-03-26 01:10:57,P0239,Omega-3 Fish Oil Pack - Store Brand - Store Brand - Store Brand,Vitamins,4,127.2,19.08,61.56,C00053,Riyadh,E015,Web,Completed,0,108.12
ORD003263,2024-04-13 09:27:40,P0038,Neutrogena Hydro Boost Bottle,Skincare,3,349.11,34.91,139.05,C00739,Jeddah,E014,Web,Completed,0,314.2
ORD003264,2024-05-24 19:50:10,P0035,Cetaphil Gentle Cleanser Bottle,Skincare,3,269.19,0.0,104.79,C00854,Riyadh,E080,Web,Completed,0,269.19
ORD003265,2024-10-10 13:27:22,P0332,Femibion Prenatal Pack - Store Brand,Vitamins,5,631.65,94.75,221.1,C00180,Mecca,E078,Web,Completed,0,536.9
ORD003266,2024-12-10 20:04:08,P0360,Otrivin Nasal Spray Bottle - Store Brand - Store Brand - Store Brand,Cold & Flu,1,9.05,0.0,4.83,C00891,Khobar,E077,Web,Completed,0,9.05
ORD003267,2024-09-22 12:42:34,P0192,Clobetasol Cream 0.05% 30g Pack - Store Brand,Dermatology,2,142.62,0.0,64.5,C01097,Riyadh,E089,Mobile,Completed,1,142.62
ORD003268,2024-07-10 18:30:31,P0337,NeoCitran Hot Drink Pack - Store Brand - Store Brand - Store Brand,Cold & Flu,4,35.0,1.75,18.2,C00679,Medina,E075,Web,Completed,1,33.25
ORD003269,2025-01-13 10:19:50,P0302,Voltaren Emulgel 50g Bottle - Store Brand - Store Brand,Pain Relief,5,119.1,17.86,58.55,C00027,Khobar,E070,Web,Completed,0,101.24
ORD003270,2025-04-10 23:53:02,P0319,Redoxon Vitamin C 1000mg Pack - Store Brand - Store Brand - Store Brand,Vitamins,1,11.47,0.0,3.68,C00852,Medina,E026,Mobile,Completed,1,11.47
ORD003271,2024-10-31 11:54:41,P0283,Mometasone Furoate 0.1% 15g Pack - Store Brand,Dermatology,4,260.16,0.0,121.48,C00394,Dammam,E022,Mobile,Completed,0,260.16
ORD003272,2025-08-23 05:04:19,P0193,Mometasone Furoate 0.1% 15g Pack - Store Brand - Store Brand,Dermatology,1,41.91,0.0,29.78,C00064,Khobar,E039,Web,Completed,1,41.91
ORD003273,2024-08-06 14:25:29,P0280,Clobetasol Cream 0.05% 30g Box - Store Brand - Store Brand,Dermatology,2,108.66,5.43,51.68,C00668,Jeddah,E094,Web,Completed,0,103.23
ORD003274,2024-05-17 14:18:40,P0369,Vicks VapoRub 50g Pack - Store Brand,Cold & Flu,4,50.6,7.59,18.48,C00031,Medina,E100,Web,Completed,0,43.01
ORD003275,2025-01-07 22:10:21,P0244,Multivitamin Gummies Kids Bottle - Store Brand,Vitamins,1,50.69,2.53,18.08,C00340,Jeddah,E015,Mobile,Cancelled,1,48.16
ORD003276,2024-08-30 21:54:09,P0011,Voltaren Emulgel 50g Bottle,Pain Relief,4,209.76,31.46,76.16,C00603,Khobar,E034,Web,Completed,1,178.3
ORD003277,2024-11-21 05:36:08,P0328,Redoxon Vitamin C 1000mg Pack - Store Brand - Store Brand,Vitamins,1,11.46,1.72,7.03,C00827,Jeddah,E076,Mobile,Completed,0,9.74
ORD003278,2024-09-07 02:10:47,P0376,Earol Ear Drops Pack - Store Brand - Store Brand - Store Brand - Store Brand,Ear Care,1,4.66,0.23,2.33,C00712,Medina,E001,Web,Completed,1,4.43
ORD003279,2025-09-04 09:38:22,P0149,Band-Aid Assorted Box - Store Brand,First Aid,2,18.24,0.91,9.18,C00804,Jeddah,E052,Mobile,Completed,0,17.33
ORD003280,2024-12-15 13:28:50,P0043,Sensodyne Repair & Protect Pack,Oral Care,2,55.84,2.79,19.94,C00420,Jeddah,E096,Retail,Completed,0,53.05
ORD003281,2025-08-18 15:09:29,P0141,Otrivin Nasal Spray Bottle - Store Brand,Cold & Flu,2,30.08,4.51,14.32,C00639,Jeddah,E120,Web,Completed,0,25.57
ORD003282,2024-10-26 13:48:02,P0351,Band-Aid Assorted Bottle - Store Brand,First Aid,1,7.3,0.73,4.77,C00985,Jeddah,E007,Web,Returned,0,6.57
ORD003283,2025-06-15 16:45:57,P0083,Ventolin Inhaler Bottle,Respiratory,1,222.78,33.42,98.52,C00801,Dammam,E022,Web,Completed,1,189.36
ORD003284,2024-06-27 08:12:53,P0189,Aspirin 100mg Pack - Store Brand - Store Brand - Store Brand,Pain Relief,2,7.42,0.0,1.96,C01191,Riyadh,E012,Mobile,Completed,1,7.42
ORD003285,2025-08-11 09:28:35,P0383,Symbicort Inhaler Bottle - Store Brand - Store Brand - Store Brand - Store Brand - Store Brand,Respiratory,1,69.77,10.47,43.68,C00500,Mecca,E043,Mobile,Completed,0,59.3
ORD003286,2025-06-13 18:56:23,P0247,Otrivin Nasal Spray Box - Store Brand - Store Brand,Cold & Flu,2,29.3,2.93,10.18,C00298,Dammam,E075,Mobile,Completed,0,26.37
ORD003287,2024-11-23 04:46:00,P0328,Redoxon Vitamin C 1000mg Pack - Store Brand - Store Brand,Vitamins,1,11.46,0.57,7.03,C00361,Dammam,E014,Web,Completed,1,10.89
ORD003288,2024-12-08 18:06:44,P0262,Otrivin Nasal Spray Box - Store Brand - Store Brand - Store Brand,Cold & Flu,5,50.3,5.03,19.55,C00263,Jeddah,E067,Mobile,Completed,0,45.27
ORD003289,2024-03-30 06:43:19,P0199,Otrivin Nasal Spray Bottle - Store Brand,Cold & Flu,2,29.4,4.41,15.54,C00737,Medina,E028,Mobile,Completed,0,24.99
ORD003290,2025-02-01 14:45:46,P0112,Voltaren Emulgel 50g Bottle - Store Brand,Pain Relief,4,146.56,0.0,61.96,C00992,Jeddah,E053,Web,Completed,1,146.56
ORD003291,2025-01-01 15:44:18,P0335,Neutrogena Hydro Boost Bottle - Store Brand,Skincare,4,370.52,55.58,125.96,C00799,Medina,E105,Web,Completed,1,314.94
ORD003292,2024-06-11 05:56:19,P0389,Clobetasol Cream 0.05% 30g Bottle - Store Brand - Store Brand,Dermatology,2,130.46,13.05,52.72,C00276,Jeddah,E078,Web,Completed,0,117.41
ORD003293,2024-05-30 20:21:44,P0065,Gaviscon 200ml Bottle,Gastrointestinal,2,101.12,5.06,34.98,C00758,Riyadh,E068,Retail,Completed,0,96.06
ORD003294,2025-01-21 09:59:02,P0155,Pampers Baby Dry Pack - Store Brand,Baby Care,2,147.94,7.4,65.84,C00241,Jeddah,E090,Web,Completed,0,140.54
ORD003295,2025-04-15 00:18:03,P0355,Earol Ear Drops Pack - Store Brand - Store Brand - Store Brand - Store Brand,Ear Care,1,5.1,0.76,3.07,C01142,Riyadh,E045,Web,Completed,0,4.34
ORD003296,2024-06-20 05:29:54,P0075,Pampers Baby Dry Box,Baby Care,1,125.75,6.29,48.65,C00430,Riyadh,E054,Retail,Completed,0,119.46
ORD003297,2024-05-21 16:25:39,P0215,Panadol Advance Box - Store Brand,Pain Relief,2,24.5,2.45,9.76,C01137,Mecca,E035,Mobile,Completed,0,22.05
ORD003298,2024-11-19 02:52:15,P0144,Nivea Body Lotion 400ml Bottle - Store Brand,Personal Care,3,60.78,0.0,36.42,C00756,Dammam,E032,Web,Completed,0,60.78
ORD003299,2024-11-07 18:21:27,P0013,Brufen 400mg Pack,Pain Relief,1,22.77,2.28,9.57,C00719,Khobar,E065,Web,Completed,0,20.49
ORD003300,2025-09-02 04:54:15,P0003,Panadol Extra Box,Pain Relief,2,26.52,0.0,8.56,C00294,Jeddah,E020,Web,Completed,0,26.52
ORD003301,2025-07-04 22:05:15,P0335,Neutrogena Hydro Boost Bottle - Store Brand,Skincare,2,185.26,9.26,62.98,C00856,Riyadh,E117,Web,Returned,0,176.0
ORD003302,2024-06-13 04:16:28,P0240,Pampers Baby Dry Box - Store Brand,Baby Care,2,173.54,17.35,74.84,C01166,Jeddah,E009,Mobile,Completed,0,156.19
ORD003303,2024-11-28 14:16:34,P0061,Earol Ear Drops Pack,Ear Care,2,40.02,0.0,19.02,C00079,Riyadh,E081,Mobile,Cancelled,0,40.02
ORD003304,2025-04-10 07:19:59,P0364,Duphaston 10mg Pack - Store Brand - Store Brand - Store Brand - Store Brand,Women's Health,4,66.88,3.34,34.2,C01167,Riyadh,E116,Retail,Completed,0,63.54
ORD003305,2024-08-15 21:23:29,P0389,Clobetasol Cream 0.05% 30g Bottle - Store Brand - Store Brand,Dermatology,2,130.46,0.0,52.72,C00750,Dammam,E016,Mobile,Completed,0,130.46
ORD003306,2024-12-26 00:59:29,P0172,Imodium 2mg Pack - Store Brand - Store Brand,Gastrointestinal,1,17.36,0.87,5.26,C00673,Khobar,E093,Mobile,Completed,0,16.49
ORD003307,2024-06-03 20:06:19,P0232,Clobetasol Cream 0.05% 30g Box - Store Brand,Dermatology,1,86.45,4.32,32.72,C00861,Dammam,E100,Web,Completed,1,82.13
ORD003308,2025-06-30 07:20:32,P0053,Clobetasol Cream 0.05% 30g Bottle,Dermatology,1,113.11,11.31,44.32,C00141,Dammam,E100,Retail,Completed,1,101.8
ORD003309,2025-08-18 20:24:00,P0291,Clobetasol Cream 0.05% 30g Pack - Store Brand - Store Brand - Store Brand - Store Brand - Store Brand,Dermatology,1,34.2,5.13,6.04,C00323,Jeddah,E018,Mobile,Completed,0,29.07
ORD003310,2025-06-02 19:12:22,P0167,Pampers Baby Dry Pack - Store Brand,Baby Care,5,411.15,20.56,168.5,C01099,Jeddah,E090,Web,Completed,0,390.59
ORD003311,2024-12-03 05:12:24,P0041,Nivea Body Lotion 400ml Bottle,Personal Care,3,98.61,0.0,46.83,C00501,Dammam,E054,Web,Completed,0,98.61
ORD003312,2024-09-06 13:54:51,P0187,Omega-3 Fish Oil Pack - Store Brand,Vitamins,5,338.35,50.75,172.6,C01017,Riyadh,E025,Retail,Completed,1,287.6
ORD003313,2025-09-11 18:43:00,P0234,Earol Ear Drops Pack - Store Brand - Store Brand,Ear Care,1,7.54,1.13,5.43,C00272,Riyadh,E085,Web,Completed,0,6.41
ORD003314,2024-08-09 23:31:56,P0069,Imodium 2mg Box,Gastrointestinal,1,31.48,1.57,11.17,C00283,Khobar,E083,Web,Completed,0,29.91
ORD003315,2024-06-04 00:36:32,P0386,Pampers Baby Dry Pack - Store Brand - Store Brand - Store Brand,Baby Care,3,114.72,5.74,49.47,C01006,Dammam,E104,Mobile,Completed,0,108.98
ORD003316,2024-08-13 12:40:56,P0020,NeoCitran Hot Drink Bottle,Cold & Flu,3,60.57,9.09,32.34,C01114,Dammam,E041,Web,Completed,0,51.48
ORD003317,2025-08-08 22:00:30,P0265,NeoCitran Hot Drink Pack - Store Brand - Store Brand - Store Brand,Cold & Flu,3,33.33,3.33,15.06,C00004,Riyadh,E035,Web,Completed,0,30.0
ORD003318,2024-07-21 14:16:29,P0174,Duphaston 10mg Pack - Store Brand,Women's Health,3,159.15,0.0,59.01,C00916,Jeddah,E021,Mobile,Completed,0,159.15
ORD003319,2024-03-28 15:45:22,P0096,Mometasone Furoate 0.1% 15g Pack - Store Brand,Dermatology,3,198.45,19.84,114.54,C00438,Riyadh,E057,Web,Completed,0,178.61
ORD003320,2024-06-22 15:12:47,P0181,Centrum Multivitamins Pack - Store Brand,Vitamins,3,240.36,36.05,86.37,C00605,Khobar,E085,Web,Completed,0,204.31
ORD003321,2024-03-29 05:34:44,P0200,Imodium 2mg Box - Store Brand - Store Brand,Gastrointestinal,2,34.06,3.41,15.68,C00997,Riyadh,E014,Web,Completed,0,30.65
ORD003322,2024-08-19 12:05:18,P0281,Otrivin Nasal Spray Box - Store Brand - Store Brand - Store Brand,Cold & Flu,2,15.56,1.56,8.88,C00418,Dammam,E040,Mobile,Completed,0,14.0
ORD003323,2024-06-03 11:12:27,P0081,Femibion Prenatal Box,Vitamins,3,477.9,0.0,227.61,C00241,Jeddah,E066,Retail,Completed,0,477.9
ORD003324,2025-08-23 08:26:03,P0381,Multivitamin Gummies Kids Box - Store Brand,Vitamins,4,166.28,0.0,63.4,C00347,Dammam,E004,Mobile,Completed,0,166.28
ORD003325,2025-07-14 19:41:42,P0214,Omega-3 Fish Oil Pack - Store Brand - Store Brand,Vitamins,1,57.26,2.86,22.53,C00722,Dammam,E005,Mobile,Completed,1,54.4
ORD003326,2025-01-13 20:33:04,P0256,Imodium 2mg Box - Store Brand - Store Brand - Store Brand - Store Brand,Gastrointestinal,3,21.51,3.23,14.28,C00121,Jeddah,E075,Mobile,Cancelled,0,18.28
ORD003327,2024-07-31 08:46:33,P0142,Pampers Baby Dry Pack - Store Brand - Store Brand,Baby Care,2,117.8,5.89,66.92,C01049,Medina,E030,Mobile,Completed,0,111.91
ORD003328,2024-06-03 02:22:48,P0341,Clobetasol Cream 0.05% 30g Pack - Store Brand - Store Brand - Store Brand - Store Brand - Store Brand,Dermatology,4,125.4,6.27,24.24,C00416,Mecca,E078,Mobile,Completed,0,119.13
ORD003329,2024-11-15 06:59:47,P0109,Band-Aid Assorted Bottle - Store Brand,First Aid,1,9.15,0.46,4.01,C00158,Jeddah,E038,Web,Completed,0,8.69
ORD003330,2025-04-24 22:50:22,P0025,Centrum Multivitamins Pack,Vitamins,3,334.92,33.49,110.01,C00587,Medina,E053,Web,Completed,0,301.43
ORD003331,2024-09-23 22:18:45,P0165,Otrivin Nasal Spray Box - Store Brand - Store Brand,Cold & Flu,1,12.66,1.9,4.79,C00205,Mecca,E048,Web,Returned,1,10.76
ORD003332,2025-02-24 18:13:56,P0011,Voltaren Emulgel 50g Bottle,Pain Relief,4,209.76,20.98,76.16,C00118,Dammam,E094,Web,Completed,0,188.78
ORD003333,2024-11-01 15:24:00,P0368,Sensodyne Repair & Protect Box - Store Brand - Store Brand - Store Brand,Oral Care,1,12.43,0.62,3.91,C00271,Dammam,E094,Mobile,Completed,0,11.81
ORD003334,2025-05-27 15:35:56,P0170,Pampers Baby Dry Pack - Store Brand - Store Brand,Baby Care,1,55.48,0.0,21.48,C00171,Mecca,E058,Web,Completed,0,55.48
ORD003335,2025-06-14 14:49:22,P0226,Voltaren Emulgel 50g Box - Store Brand - Store Brand - Store Brand,Pain Relief,4,76.48,3.82,26.4,C00549,Medina,E098,Retail,Completed,0,72.66
ORD003336,2025-07-08 19:42:13,P0310,Aspirin 100mg Pack - Store Brand,Pain Relief,1,5.69,0.85,1.8,C00371,Dammam,E108,Mobile,Completed,1,4.84
ORD003337,2025-07-05 22:10:53,P0072,Johnson's Baby Oil 200ml Box,Baby Care,4,149.2,22.38,57.64,C00528,Khobar,E037,Web,Completed,0,126.82
ORD003338,2025-03-23 06:43:29,P0059,Refresh Tears Eye Drops Bottle,Eye Care,2,90.04,0.0,30.52,C01192,Riyadh,E034,Web,Completed,0,90.04
ORD003339,2024-03-26 11:41:51,P0336,Panadol Advance Bottle - Store Brand - Store Brand,Pain Relief,1,10.78,1.08,4.91,C00323,Jeddah,E036,Web,Completed,1,9.7
ORD003340,2024-09-03 20:10:58,P0200,Imodium 2mg Box - Store Brand - Store Brand,Gastrointestinal,5,85.15,8.52,39.2,C00741,Khobar,E095,Mobile,Completed,1,76.63
ORD003341,2025-04-28 00:36:46,P0217,Femibion Prenatal Box - Store Brand - Store Brand,Vitamins,5,489.35,73.4,163.7,C00807,Medina,E058,Mobile,Completed,0,415.95
ORD003342,2025-03-12 22:04:07,P0327,Neutrogena Hydro Boost Box - Store Brand,Skincare,1,82.1,0.0,27.8,C00504,Riyadh,E059,Mobile,Completed,0,82.1
ORD003343,2025-02-22 11:14:44,P0219,Brufen 400mg Pack - Store Brand,Pain Relief,2,34.86,0.0,14.62,C00586,Jeddah,E109,Web,Completed,0,34.86
ORD003344,2024-05-24 17:20:58,P0129,Pampers Baby Dry Bottle - Store Brand,Baby Care,1,116.72,5.84,45.87,C00832,Medina,E103,Mobile,Completed,1,110.88
ORD003345,2024-06-10 16:23:30,P0147,Clobetasol Cream 0.05% 30g Pack - Store Brand,Dermatology,1,84.16,12.62,25.23,C00058,Medina,E107,Web,Completed,0,71.54
ORD003346,2024-03-23 00:12:30,P0146,Aspirin 100mg Bottle - Store Brand,Pain Relief,3,15.81,0.0,7.86,C00136,Riyadh,E070,Mobile,Completed,0,15.81
ORD003347,2025-09-06 23:24:31,P0300,Nivea Body Lotion 400ml Bottle - Store Brand - Store Brand - Store Brand,Personal Care,1,10.21,1.53,7.72,C00772,Medina,E085,Web,Completed,0,8.68
ORD003348,2024-08-28 17:43:48,P0338,Aspirin 100mg Bottle - Store Brand - Store Brand - Store Brand,Pain Relief,1,2.28,0.11,0.93,C00530,Mecca,E048,Mobile,Completed,1,2.17
ORD003349,2025-06-12 23:02:28,P0035,Cetaphil Gentle Cleanser Bottle,Skincare,2,179.46,0.0,69.86,C00871,Dammam,E114,Retail,Returned,0,179.46
ORD003350,2024-04-04 21:25:06,P0053,Clobetasol Cream 0.05% 30g Bottle,Dermatology,2,226.22,33.93,88.64,C00655,Riyadh,E053,Retail,Completed,0,192.29
ORD003351,2025-04-03 06:28:15,P0387,Aspirin 100mg Pack - Store Brand - Store Brand - Store Brand,Pain Relief,1,2.82,0.0,1.02,C01187,Dammam,E018,Mobile,Completed,0,2.82
ORD003352,2024-08-08 04:25:59,P0349,Redoxon Vitamin C 1000mg Bottle - Store Brand - Store Brand,Vitamins,3,40.17,6.03,22.08,C00843,Khobar,E010,Web,Completed,0,34.14
ORD003353,2024-12-05 04:00:58,P0256,Imodium 2mg Box - Store Brand - Store Brand - Store Brand - Store Brand,Gastrointestinal,4,28.68,0.0,19.04,C00473,Dammam,E039,Retail,Completed,0,28.68
ORD003354,2024-05-05 05:30:57,P0229,Imodium 2mg Box - Store Brand - Store Brand - Store Brand,Gastrointestinal,5,56.7,2.84,28.65,C00623,Dammam,E069,Web,Completed,1,53.86
ORD003355,2025-02-18 06:37:30,P0284,Johnson's Baby Oil 200ml Box - Store Brand,Baby Care,3,90.12,13.52,33.96,C00668,Jeddah,E112,Mobile,Completed,0,76.6
ORD003356,2025-07-24 16:06:24,P0281,Otrivin Nasal Spray Box - Store Brand - Store Brand - Store Brand,Cold & Flu,2,15.56,0.78,8.88,C00442,Mecca,E067,Mobile,Completed,1,14.78
ORD003357,2025-05-31 09:07:33,P0019,NeoCitran Hot Drink Pack,Cold & Flu,4,102.84,15.43,40.8,C00550,Mecca,E026,Web,Completed,0,87.41
ORD003358,2024-05-27 15:56:09,P0131,Band-Aid Assorted Bottle - Store Brand - Store Brand,First Aid,1,5.12,0.0,2.81,C00097,Medina,E109,Mobile,Completed,1,5.12
ORD003359,2025-07-02 20:13:55,P0253,Duphaston 10mg Pack - Store Brand - Store Brand,Women's Health,1,37.64,1.88,14.81,C01014,Jeddah,E001,Mobile,Completed,0,35.76
ORD003360,2024-07-15 11:32:15,P0173,Cetaphil Gentle Cleanser Box - Store Brand,Skincare,4,245.28,36.79,91.0,C00430,Riyadh,E059,Web,Completed,1,208.49
ORD003361,2024-04-29 20:26:10,P0281,Otrivin Nasal Spray Box - Store Brand - Store Brand - Store Brand,Cold & Flu,4,31.12,4.67,17.76,C01102,Khobar,E042,Web,Completed,0,26.45
ORD003362,2025-02-14 02:30:39,P0376,Earol Ear Drops Pack - Store Brand - Store Brand - Store Brand - Store Brand,Ear Care,1,4.66,0.47,2.33,C00725,Khobar,E088,Web,Completed,0,4.19
ORD003363,2025-01-29 23:05:06,P0159,Panadol Extra Box - Store Brand,Pain Relief,2,19.06,2.86,5.42,C00618,Khobar,E096,Mobile,Completed,0,16.2
ORD003364,2025-05-14 05:41:53,P0261,Band-Aid Assorted Pack - Store Brand,First Aid,1,8.42,0.42,3.53,C01108,Medina,E026,Web,Completed,1,8.0
ORD003365,2024-05-30 22:10:34,P0087,Symbicort Inhaler Box,Respiratory,2,763.82,0.0,397.4,C00259,Riyadh,E058,Retail,Completed,1,763.82
ORD003366,2024-11-12 02:44:31,P0191,Brufen 400mg Bottle - Store Brand,Pain Relief,1,18.55,1.86,5.14,C00885,Riyadh,E060,Web,Completed,1,16.69
ORD003367,2024-07-06 12:41:54,P0321,Gaviscon 200ml Bottle - Store Brand - Store Brand,Gastrointestinal,1,32.0,4.8,8.97,C00733,Dammam,E057,Mobile,Completed,1,27.2
ORD003368,2025-04-12 03:27:20,P0031,Omega-3 Fish Oil Pack,Vitamins,1,94.29,14.14,42.27,C00294,Jeddah,E099,Retail,Completed,0,80.15
ORD003369,2025-08-09 21:18:18,P0301,Gaviscon 200ml Bottle - Store Brand - Store Brand,Gastrointestinal,1,29.59,2.96,12.19,C01019,Medina,E108,Mobile,Completed,0,26.63
ORD003370,2024-08-17 17:55:05,P0131,Band-Aid Assorted Bottle - Store Brand - Store Brand,First Aid,2,10.24,1.54,5.62,C00464,Riyadh,E101,Web,Completed,0,8.7
ORD003371,2024-09-25 09:39:34,P0147,Clobetasol Cream 0.05% 30g Pack - Store Brand,Dermatology,2,168.32,25.25,50.46,C00681,Medina,E054,Mobile,Completed,0,143.07
ORD003372,2024-07-17 16:59:57,P0046,Savlon Antiseptic 100ml Pack,First Aid,1,20.85,3.13,8.32,C01188,Khobar,E054,Web,Completed,1,17.72
ORD003373,2024-12-20 09:22:17,P0141,Otrivin Nasal Spray Bottle - Store Brand,Cold & Flu,1,15.04,0.0,7.16,C00873,Jeddah,E010,Web,Completed,0,15.04
ORD003374,2025-08-11 04:34:30,P0278,Pampers Baby Dry Pack - Store Brand - Store Brand - Store Brand,Baby Care,3,123.18,0.0,48.66,C00636,Dammam,E080,Mobile,Completed,0,123.18
ORD003375,2025-06-09 11:00:01,P0185,Femibion Prenatal Pack - Store Brand,Vitamins,4,428.16,0.0,194.0,C01147,Dammam,E102,Web,Completed,0,428.16
ORD003376,2024-09-27 01:35:22,P0074,Pampers Baby Dry Bottle,Baby Care,3,428.67,42.87,167.82,C01196,Riyadh,E044,Web,Cancelled,0,385.8
ORD003377,2025-08-13 11:37:52,P0049,Band-Aid Assorted Pack,First Aid,3,35.67,3.57,13.56,C01077,Riyadh,E032,Web,Completed,0,32.1
ORD003378,2025-08-30 16:20:53,P0287,Pampers Baby Dry Bottle - Store Brand - Store Brand,Baby Care,1,83.73,12.56,31.99,C00234,Khobar,E056,Retail,Completed,0,71.17
ORD003379,2024-04-20 13:36:25,P0251,Johnson's Baby Oil 200ml Bottle - Store Brand - Store Brand - Store Brand - Store Brand,Baby Care,1,14.68,0.0,2.77,C01051,Medina,E110,Retail,Completed,0,14.68
ORD003380,2024-05-08 12:25:27,P0163,Colgate Total Box - Store Brand,Oral Care,3,41.22,4.12,15.03,C00818,Mecca,E075,Retail,Completed,1,37.1
ORD003381,2024-05-22 09:28:56,P0083,Ventolin Inhaler Bottle,Respiratory,1,222.78,33.42,98.52,C01114,Dammam,E107,Web,Completed,0,189.36
ORD003382,2025-09-04 08:26:38,P0200,Imodium 2mg Box - Store Brand - Store Brand,Gastrointestinal,4,68.12,3.41,31.36,C00473,Dammam,E096,Retail,Completed,0,64.71
ORD003383,2025-01-29 01:12:46,P0249,Duphaston 10mg Pack - Store Brand - Store Brand,Women's Health,2,79.9,7.99,27.44,C00795,Jeddah,E094,Web,Completed,0,71.91
ORD003384,2025-04-23 15:53:02,P0353,Duphaston 10mg Pack - Store Brand - Store Brand,Women's Health,2,80.46,12.07,27.24,C00388,Riyadh,E066,Web,Completed,1,68.39
ORD003385,2025-06-19 05:24:55,P0382,Redoxon Vitamin C 1000mg Pack - Store Brand,Vitamins,2,49.08,7.36,23.02,C00338,Dammam,E071,Retail,Completed,0,41.72
ORD003386,2025-01-06 13:56:08,P0344,Redoxon Vitamin C 1000mg Pack - Store Brand - Store Brand - Store Brand - Store Brand,Vitamins,3,22.74,2.27,6.72,C00406,Khobar,E052,Web,Completed,0,20.47
ORD003387,2024-04-04 23:58:22,P0065,Gaviscon 200ml Bottle,Gastrointestinal,2,101.12,0.0,34.98,C00615,Dammam,E036,Mobile,Completed,0,101.12
ORD003388,2024-03-25 18:31:21,P0303,Band-Aid Assorted Box - Store Brand - Store Brand,First Aid,3,21.12,1.06,11.43,C00752,Riyadh,E064,Web,Completed,0,20.06
ORD003389,2024-11-23 01:26:49,P0105,Pampers Baby Dry Pack - Store Brand,Baby Care,1,75.01,11.25,42.36,C01166,Jeddah,E088,Web,Completed,0,63.76
ORD003390,2024-07-21 19:12:34,P0021,NeoCitran Hot Drink Box,Cold & Flu,1,23.29,0.0,10.17,C00424,Jeddah,E046,Web,Completed,1,23.29
ORD003391,2025-01-09 02:11:37,P0342,Gaviscon 200ml Bottle - Store Brand - Store Brand - Store Brand - Store Brand,Gastrointestinal,1,14.53,2.18,5.27,C00238,Mecca,E040,Web,Completed,0,12.35
ORD003392,2024-10-05 17:40:11,P0265,NeoCitran Hot Drink Pack - Store Brand - Store Brand - Store Brand,Cold & Flu,2,22.22,2.22,10.04,C01134,Dammam,E022,Web,Completed,0,20.0
ORD003393,2024-06-30 13:06:42,P0118,Mometasone Furoate 0.1% 15g Pack - Store Brand,Dermatology,1,65.91,6.59,36.51,C00881,Mecca,E078,Web,Completed,0,59.32
ORD003394,2024-09-14 10:53:28,P0013,Brufen 400mg Pack,Pain Relief,3,68.31,10.25,28.71,C00788,Riyadh,E083,Web,Completed,0,58.06
ORD003395,2025-05-14 06:41:49,P0127,Pampers Baby Dry Box - Store Brand,Baby Care,4,397.16,59.57,162.48,C00346,Jeddah,E053,Web,Completed,1,337.59
ORD003396,2025-03-30 01:41:07,P0374,Johnson's Baby Oil 200ml Box - Store Brand - Store Brand,Baby Care,1,24.59,1.23,7.19,C00155,Khobar,E012,Retail,Completed,0,23.36
ORD003397,2025-04-19 14:07:31,P0132,Neutrogena Hydro Boost Pack - Store Brand,Skincare,3,284.46,0.0,102.81,C01155,Medina,E019,Web,Completed,0,284.46
ORD003398,2025-02-10 22:56:25,P0164,Duphaston 10mg Box - Store Brand,Women's Health,3,189.6,0.0,80.25,C00840,Khobar,E045,Web,Completed,0,189.6
ORD003399,2025-07-31 06:45:10,P0105,Pampers Baby Dry Pack - Store Brand,Baby Care,1,75.01,0.0,42.36,C00063,Dammam,E063,Mobile,Completed,0,75.01
ORD003400,2025-06-14 09:34:39,P0154,Imodium 2mg Pack - Store Brand,Gastrointestinal,2,49.54,0.0,15.46,C00375,Jeddah,E118,Web,Cancelled,1,49.54
ORD003401,2024-12-04 12:20:19,P0083,Ventolin Inhaler Bottle,Respiratory,1,222.78,0.0,98.52,C01181,Jeddah,E049,Web,Completed,0,222.78
ORD003402,2024-09-06 01:36:09,P0333,Gaviscon 200ml Bottle - Store Brand - Store Brand - Store Brand,Gastrointestinal,2,48.24,0.0,13.74,C00187,Khobar,E076,Web,Completed,0,48.24
ORD003403,2025-05-22 09:42:21,P0209,Omega-3 Fish Oil Pack - Store Brand - Store Brand,Vitamins,4,197.6,0.0,100.96,C00871,Dammam,E094,Web,Completed,0,197.6
ORD003404,2024-10-09 12:27:44,P0127,Pampers Baby Dry Box - Store Brand,Baby Care,4,397.16,19.86,162.48,C00215,Dammam,E034,Web,Completed,0,377.3
ORD003405,2024-11-20 02:48:53,P0062,Earol Ear Drops Bottle,Ear Care,4,103.52,0.0,41.88,C00526,Mecca,E089,Mobile,Completed,1,103.52
ORD003406,2024-09-27 01:29:16,P0306,Mometasone Furoate 0.1% 15g Pack - Store Brand - Store Brand - Store Brand,Dermatology,5,190.45,0.0,112.9,C00617,Dammam,E108,Mobile,Returned,0,190.45
ORD003407,2024-05-11 03:30:38,P0354,Band-Aid Assorted Bottle - Store Brand - Store Brand,First Aid,2,10.3,0.52,5.98,C00572,Medina,E061,Retail,Completed,0,9.78
ORD003408,2024-11-07 15:55:23,P0099,Voltaren Emulgel 50g Bottle - Store Brand,Pain Relief,3,113.01,0.0,35.91,C00563,Jeddah,E026,Web,Completed,0,113.01
ORD003409,2024-12-29 11:40:45,P0349,Redoxon Vitamin C 1000mg Bottle - Store Brand - Store Brand,Vitamins,1,13.39,0.0,7.36,C00758,Riyadh,E009,Web,Completed,0,13.39
ORD003410,2024-11-16 15:57:21,P0056,Mometasone Furoate 0.1% 15g Bottle,Dermatology,1,104.79,15.72,43.65,C00843,Khobar,E057,Mobile,Completed,0,89.07
ORD003411,2024-04-28 19:49:45,P0123,Imodium 2mg Box - Store Brand - Store Brand,Gastrointestinal,2,32.52,4.88,13.32,C00722,Dammam,E047,Mobile,Completed,0,27.64
ORD003412,2024-11-26 08:07:51,P0161,Gaviscon 200ml Bottle - Store Brand,Gastrointestinal,2,76.06,11.41,29.24,C01148,Dammam,E031,Mobile,Completed,0,64.65
ORD003413,2024-06-23 22:13:58,P0202,Symbicort Inhaler Bottle - Store Brand - Store Brand - Store Brand - Store Brand - Store Brand,Respiratory,3,205.11,10.26,116.79,C01098,Dammam,E077,Mobile,Completed,0,194.85
ORD003414,2024-12-13 00:28:56,P0115,NeoCitran Hot Drink Pack - Store Brand,Cold & Flu,1,16.2,2.43,8.05,C00608,Riyadh,E040,Mobile,Returned,0,13.77
ORD003415,2024-04-09 18:16:51,P0310,Aspirin 100mg Pack - Store Brand,Pain Relief,2,11.38,0.0,3.6,C00574,Mecca,E118,Mobile,Completed,1,11.38
ORD003416,2025-09-09 22:11:06,P0371,Clobetasol Cream 0.05% 30g Box - Store Brand - Store Brand - Store Brand,Dermatology,2,73.2,0.0,39.2,C00396,Jeddah,E008,Retail,Completed,0,73.2
ORD003417,2024-07-25 06:33:34,P0236,Band-Aid Assorted Bottle - Store Brand - Store Brand - Store Brand,First Aid,3,9.51,0.48,6.57,C00906,Riyadh,E103,Mobile,Completed,0,9.03
ORD003418,2025-02-10 04:12:30,P0221,Otrivin Nasal Spray Box - Store Brand - Store Brand - Store Brand,Cold & Flu,4,36.0,1.8,19.0,C00859,Khobar,E020,Mobile,Completed,1,34.2
ORD003419,2024-12-24 08:34:47,P0252,Earol Ear Drops Pack - Store Brand - Store Brand - Store Brand,Ear Care,5,28.2,4.23,21.75,C01030,Mecca,E022,Mobile,Completed,1,23.97
ORD003420,2024-07-14 09:04:58,P0234,Earol Ear Drops Pack - Store Brand - Store Brand,Ear Care,1,7.54,0.38,5.43,C01137,Mecca,E081,Web,Completed,0,7.16
ORD003421,2024-03-25 23:37:04,P0161,Gaviscon 200ml Bottle - Store Brand,Gastrointestinal,1,38.03,1.9,14.62,C00716,Medina,E018,Mobile,Completed,0,36.13
ORD003422,2025-04-09 07:56:57,P0381,Multivitamin Gummies Kids Box - Store Brand,Vitamins,1,41.57,2.08,15.85,C00382,Jeddah,E071,Mobile,Completed,0,39.49
ORD003423,2024-07-23 14:43:46,P0315,Pampers Baby Dry Pack - Store Brand - Store Brand - Store Brand - Store Brand,Baby Care,1,24.97,0.0,13.03,C00013,Dammam,E083,Mobile,Completed,0,24.97
ORD003424,2025-05-31 01:05:35,P0108,Duphaston 10mg Pack - Store Brand,Women's Health,1,52.41,7.86,17.17,C00033,Khobar,E095,Web,Completed,1,44.55
ORD003425,2024-06-25 19:17:39,P0183,Band-Aid Assorted Box - Store Brand - Store Brand - Store Brand,First Aid,1,6.34,0.63,2.68,C00470,Medina,E012,Web,Completed,0,5.71
ORD003426,2024-12-05 04:56:25,P0093,Multivitamin Gummies Kids Box,Vitamins,3,162.45,0.0,64.11,C00052,Medina,E091,Retail,Completed,1,162.45
ORD003427,2024-04-04 08:18:32,P0121,Aspirin 100mg Pack - Store Brand - Store Brand,Pain Relief,4,18.04,0.0,5.4,C00786,Mecca,E037,Mobile,Completed,0,18.04
ORD003428,2024-10-12 14:01:47,P0353,Duphaston 10mg Pack - Store Brand - Store Brand,Women's Health,1,40.23,4.02,13.62,C00177,Jeddah,E109,Web,Completed,1,36.21
ORD003429,2025-01-26 23:44:43,P0187,Omega-3 Fish Oil Pack - Store Brand,Vitamins,3,203.01,20.3,103.56,C01049,Medina,E006,Mobile,Completed,0,182.71
ORD003430,2025-07-28 20:23:03,P0257,Refresh Tears Eye Drops Pack - Store Brand,Eye Care,2,69.88,6.99,25.24,C00582,Riyadh,E056,Web,Completed,0,62.89
ORD003431,2024-04-19 08:51:43,P0024,Otrivin Nasal Spray Box,Cold & Flu,1,24.5,3.68,11.45,C00726,Dammam,E043,Mobile,Completed,0,20.82
ORD003432,2024-09-10 06:44:21,P0352,Earol Ear Drops Pack - Store Brand - Store Brand - Store Brand - Store Brand,Ear Care,2,9.26,1.39,5.68,C00711,Riyadh,E068,Mobile,Completed,1,7.87
ORD003433,2024-12-17 22:53:00,P0013,Brufen 400mg Pack,Pain Relief,2,45.54,2.28,19.14,C01107,Mecca,E010,Web,Completed,0,43.26
ORD003434,2025-02-09 14:55:16,P0224,Pampers Baby Dry Pack - Store Brand - Store Brand - Store Brand,Baby Care,2,69.38,3.47,31.36,C00596,Medina,E108,Mobile,Completed,0,65.91
ORD003435,2024-08-20 06:54:09,P0344,Redoxon Vitamin C 1000mg Pack - Store Brand - Store Brand - Store Brand - Store Brand,Vitamins,2,15.16,0.0,4.48,C00493,Dammam,E119,Web,Completed,0,15.16
ORD003436,2025-08-21 19:22:24,P0199,Otrivin Nasal Spray Bottle - Store Brand,Cold & Flu,3,44.1,0.0,23.31,C00974,Medina,E097,Mobile,Completed,0,44.1
ORD003437,2024-08-30 23:52:13,P0041,Nivea Body Lotion 400ml Bottle,Personal Care,1,32.87,3.29,15.61,C00269,Dammam,E110,Retail,Completed,0,29.58
ORD003438,2024-09-29 23:00:17,P0199,Otrivin Nasal Spray Bottle - Store Brand,Cold & Flu,2,29.4,2.94,15.54,C00069,Riyadh,E040,Web,Completed,0,26.46
ORD003439,2024-10-10 14:49:53,P0066,Gaviscon 200ml Box,Gastrointestinal,2,107.52,0.0,34.22,C00812,Riyadh,E047,Web,Completed,0,107.52
ORD003440,2025-06-23 02:07:47,P0075,Pampers Baby Dry Box,Baby Care,1,125.75,0.0,48.65,C00119,Riyadh,E095,Web,Completed,0,125.75
ORD003441,2025-06-04 08:24:57,P0140,Ventolin Inhaler Bottle - Store Brand,Respiratory,1,148.67,7.43,69.38,C00994,Mecca,E017,Mobile,Completed,0,141.24
ORD003442,2025-05-29 06:53:49,P0090,Colgate Total Box,Oral Care,1,19.23,2.88,7.66,C00537,Medina,E105,Mobile,Completed,1,16.35
ORD003443,2024-12-05 15:07:07,P0194,Savlon Antiseptic 100ml Bottle - Store Brand,First Aid,1,14.48,0.72,5.98,C01128,Khobar,E076,Retail,Completed,0,13.76
ORD003444,2024-07-24 08:25:54,P0174,Duphaston 10mg Pack - Store Brand,Women's Health,2,106.1,5.3,39.34,C00046,Mecca,E092,Mobile,Completed,0,100.8
ORD003445,2025-05-06 06:09:54,P0245,Imodium 2mg Box - Store Brand,Gastrointestinal,1,25.8,1.29,6.96,C00954,Dammam,E048,Web,Completed,0,24.51
ORD003446,2025-02-17 16:51:20,P0047,Savlon Antiseptic 100ml Bottle,First Aid,2,36.44,3.64,16.56,C00967,Khobar,E088,Retail,Completed,1,32.8
ORD003447,2025-08-01 09:39:18,P0232,Clobetasol Cream 0.05% 30g Box - Store Brand,Dermatology,2,172.9,0.0,65.44,C00553,Jeddah,E079,Retail,Completed,0,172.9
ORD003448,2025-03-30 12:11:57,P0203,Ventolin Inhaler Bottle - Store Brand,Respiratory,5,879.1,87.91,360.95,C00428,Riyadh,E074,Web,Completed,0,791.19
ORD003449,2024-07-14 19:18:41,P0138,Centrum Multivitamins Bottle - Store Brand,Vitamins,1,96.03,9.6,25.38,C01003,Riyadh,E082,Web,Returned,0,86.43
ORD003450,2024-12-15 15:17:54,P0173,Cetaphil Gentle Cleanser Box - Store Brand,Skincare,3,183.96,18.4,68.25,C01092,Medina,E077,Mobile,Returned,1,165.56
ORD003451,2024-10-22 05:00:25,P0279,Cetaphil Gentle Cleanser Box - Store Brand - Store Brand,Skincare,2,93.78,14.07,26.44,C01128,Khobar,E036,Web,Completed,0,79.71
ORD003452,2025-05-05 23:06:01,P0382,Redoxon Vitamin C 1000mg Pack - Store Brand,Vitamins,1,24.54,1.23,11.51,C01103,Dammam,E055,Web,Completed,0,23.31
ORD003453,2025-07-15 06:45:04,P0189,Aspirin 100mg Pack - Store Brand - Store Brand - Store Brand,Pain Relief,2,7.42,1.11,1.96,C00424,Jeddah,E033,Web,Completed,1,6.31
ORD003454,2024-12-24 03:58:35,P0149,Band-Aid Assorted Box - Store Brand,First Aid,3,27.36,0.0,13.77,C00696,Medina,E099,Web,Completed,0,27.36
ORD003455,2024-06-17 15:28:49,P0177,Mometasone Furoate 0.1% 15g Box - Store Brand,Dermatology,2,187.84,28.18,62.72,C00500,Mecca,E068,Mobile,Completed,0,159.66
ORD003456,2024-04-30 15:58:01,P0059,Refresh Tears Eye Drops Bottle,Eye Care,2,90.04,4.5,30.52,C00817,Jeddah,E045,Mobile,Completed,0,85.54
ORD003457,2024-06-16 14:35:33,P0395,Omega-3 Fish Oil Pack - Store Brand - Store Brand - Store Brand - Store Brand,Vitamins,1,24.24,1.21,10.94,C00579,Dammam,E108,Web,Completed,0,23.03
ORD003458,2025-06-13 01:20:38,P0025,Centrum Multivitamins Pack,Vitamins,2,223.28,11.16,73.34,C01194,Dammam,E023,Retail,Completed,0,212.12
ORD003459,2025-05-17 12:36:39,P0397,Omega-3 Fish Oil Pack - Store Brand - Store Brand - Store Brand - Store Brand - Store Brand,Vitamins,3,55.74,2.79,23.91,C00995,Riyadh,E040,Mobile,Completed,1,52.95
ORD003460,2025-01-13 08:14:09,P0320,Brufen 400mg Box - Store Brand - Store Brand,Pain Relief,2,17.82,0.0,9.38,C00093,Khobar,E073,Mobile,Completed,1,17.82
ORD003461,2025-08-13 15:35:46,P0363,Earol Ear Drops Pack - Store Brand,Ear Care,3,44.04,0.0,21.69,C00794,Jeddah,E103,Mobile,Completed,0,44.04
ORD003462,2024-10-22 06:03:24,P0331,Omega-3 Fish Oil Pack - Store Brand - Store Brand - Store Brand - Store Brand,Vitamins,1,24.72,1.24,9.83,C01187,Dammam,E026,Retail,Completed,0,23.48
ORD003463,2024-12-07 02:49:15,P0286,Femibion Prenatal Box - Store Brand - Store Brand,Vitamins,4,301.16,45.17,160.36,C01166,Jeddah,E096,Web,Completed,1,255.99
ORD003464,2025-01-27 20:21:28,P0061,Earol Ear Drops Pack,Ear Care,5,100.05,15.01,47.55,C00438,Riyadh,E014,Retail,Completed,0,85.04
ORD003465,2025-02-09 17:30:04,P0203,Ventolin Inhaler Bottle - Store Brand,Respiratory,4,703.28,70.33,288.76,C00660,Mecca,E032,Mobile,Completed,0,632.95
ORD003466,2025-07-13 16:41:25,P0089,Colgate Total Bottle,Oral Care,4,75.76,11.36,29.76,C00285,Medina,E110,Web,Completed,1,64.4
ORD003467,2025-07-27 15:04:30,P0171,Earol Ear Drops Bottle - Store Brand,Ear Care,3,64.05,9.61,25.17,C00102,Dammam,E018,Web,Completed,0,54.44
ORD003468,2025-01-23 20:13:01,P0340,Aspirin 100mg Bottle - Store Brand - Store Brand,Pain Relief,5,17.7,1.77,9.1,C00499,Dammam,E080,Mobile,Completed,0,15.93
ORD003469,2025-05-09 04:30:14,P0161,Gaviscon 200ml Bottle - Store Brand,Gastrointestinal,4,152.12,15.21,58.48,C01015,Dammam,E053,Web,Completed,0,136.91
ORD003470,2025-04-16 08:22:20,P0176,Clobetasol Cream 0.05% 30g Pack - Store Brand - Store Brand,Dermatology,1,67.66,0.0,17.3,C00147,Mecca,E022,Retail,Completed,0,67.66
ORD003471,2024-11-27 06:47:32,P0356,Clobetasol Cream 0.05% 30g Pack - Store Brand - Store Brand - Store Brand - Store Brand,Dermatology,3,117.12,5.86,29.25,C01157,Mecca,E072,Web,Completed,1,111.26
ORD003472,2025-03-10 14:12:41,P0253,Duphaston 10mg Pack - Store Brand - Store Brand,Women's Health,1,37.64,3.76,14.81,C00272,Riyadh,E071,Web,Completed,1,33.88
ORD003473,2024-08-11 15:18:00,P0296,Otrivin Nasal Spray Box - Store Brand - Store Brand - Store Brand,Cold & Flu,2,18.38,0.92,6.66,C00583,Khobar,E078,Web,Completed,0,17.46
ORD003474,2024-11-02 02:36:29,P0186,Mometasone Furoate 0.1% 15g Pack - Store Brand - Store Brand,Dermatology,3,132.0,0.0,77.13,C00898,Riyadh,E058,Mobile,Completed,0,132.0
ORD003475,2025-03-31 04:22:24,P0126,Clobetasol Cream 0.05% 30g Box - Store Brand,Dermatology,4,285.48,0.0,134.8,C00184,Mecca,E086,Mobile,Completed,0,285.48
ORD003476,2025-07-07 13:20:31,P0066,Gaviscon 200ml Box,Gastrointestinal,2,107.52,16.13,34.22,C00937,Dammam,E062,Web,Completed,0,91.39
ORD003477,2024-11-10 03:48:23,P0362,Band-Aid Assorted Bottle - Store Brand - Store Brand - Store Brand,First Aid,1,4.42,0.44,1.91,C00932,Medina,E078,Mobile,Completed,0,3.98
ORD003478,2025-02-19 12:39:54,P0108,Duphaston 10mg Pack - Store Brand,Women's Health,4,209.64,10.48,68.68,C00532,Jeddah,E067,Mobile,Completed,0,199.16
ORD003479,2025-08-19 21:47:06,P0336,Panadol Advance Bottle - Store Brand - Store Brand,Pain Relief,2,21.56,2.16,9.82,C00592,Medina,E057,Web,Completed,0,19.4
ORD003480,2025-06-18 07:01:07,P0086,Symbicort Inhaler Bottle,Respiratory,4,1821.28,273.19,702.12,C00428,Riyadh,E003,Web,Completed,0,1548.09
ORD003481,2025-08-08 18:48:52,P0053,Clobetasol Cream 0.05% 30g Bottle,Dermatology,3,339.33,16.97,132.96,C00141,Dammam,E082,Mobile,Completed,1,322.36
ORD003482,2025-05-14 02:27:49,P0115,NeoCitran Hot Drink Pack - Store Brand,Cold & Flu,2,32.4,4.86,16.1,C00267,Jeddah,E014,Web,Completed,0,27.54
ORD003483,2024-07-10 09:08:37,P0060,Refresh Tears Eye Drops Box,Eye Care,3,136.59,13.66,53.52,C00137,Mecca,E099,Mobile,Completed,1,122.93
ORD003484,2025-01-31 11:25:00,P0108,Duphaston 10mg Pack - Store Brand,Women's Health,5,262.05,13.1,85.85,C00941,Riyadh,E039,Retail,Completed,0,248.95
ORD003485,2025-06-27 03:24:28,P0272,Clobetasol Cream 0.05% 30g Pack - Store Brand - Store Brand - Store Brand - Store Brand,Dermatology,2,87.24,0.0,16.36,C00013,Dammam,E007,Mobile,Completed,0,87.24
ORD003486,2025-08-04 18:00:24,P0399,Earol Ear Drops Pack - Store Brand - Store Brand - Store Brand - Store Brand - Store Brand,Ear Care,1,3.83,0.57,1.44,C00471,Riyadh,E110,Web,Completed,0,3.26
ORD003487,2024-09-25 16:28:42,P0017,Vicks VapoRub 50g Bottle,Cold & Flu,3,45.75,4.58,17.16,C00925,Riyadh,E089,Mobile,Completed,0,41.17
ORD003488,2024-12-31 16:36:20,P0232,Clobetasol Cream 0.05% 30g Box - Store Brand,Dermatology,2,172.9,17.29,65.44,C00763,Mecca,E052,Web,Completed,0,155.61
ORD003489,2025-08-08 09:47:05,P0398,Johnson's Baby Oil 200ml Box - Store Brand,Baby Care,5,153.45,23.02,46.75,C00573,Riyadh,E040,Web,Completed,0,130.43
ORD003490,2025-03-21 03:48:48,P0080,Femibion Prenatal Bottle,Vitamins,1,184.6,18.46,63.26,C01049,Medina,E020,Web,Completed,0,166.14
ORD003491,2025-01-06 14:13:18,P0084,Ventolin Inhaler Box,Respiratory,1,234.11,0.0,102.91,C00982,Mecca,E107,Mobile,Completed,0,234.11
ORD003492,2025-04-04 10:39:14,P0208,Voltaren Emulgel 50g Box - Store Brand,Pain Relief,3,99.21,9.92,41.43,C00009,Medina,E107,Web,Returned,0,89.29
ORD003493,2025-08-12 15:37:43,P0279,Cetaphil Gentle Cleanser Box - Store Brand - Store Brand,Skincare,2,93.78,0.0,26.44,C01069,Jeddah,E020,Mobile,Completed,0,93.78
ORD003494,2025-07-23 19:19:06,P0217,Femibion Prenatal Box - Store Brand - Store Brand,Vitamins,2,195.74,9.79,65.48,C00819,Mecca,E053,Web,Completed,0,185.95
ORD003495,2025-03-02 20:44:45,P0365,Otrivin Nasal Spray Box - Store Brand,Cold & Flu,1,18.99,0.0,7.08,C01014,Jeddah,E060,Web,Completed,1,18.99
ORD003496,2025-07-28 02:22:50,P0129,Pampers Baby Dry Bottle - Store Brand,Baby Care,3,350.16,35.02,137.61,C00528,Khobar,E094,Retail,Completed,1,315.14
ORD003497,2025-09-12 15:39:57,P0128,Centrum Multivitamins Bottle - Store Brand - Store Brand,Vitamins,1,60.6,6.06,23.24,C00941,Riyadh,E016,Mobile,Completed,0,54.54
ORD003498,2024-04-24 09:20:24,P0314,Omega-3 Fish Oil Bottle - Store Brand,Vitamins,2,119.32,5.97,53.86,C00539,Riyadh,E064,Retail,Completed,1,113.35
ORD003499,2024-04-20 18:27:43,P0223,Clobetasol Cream 0.05% 30g Pack - Store Brand - Store Brand - Store Brand,Dermatology,1,51.26,0.0,11.68,C00512,Dammam,E025,Mobile,Completed,0,51.26
ORD003500,2024-05-22 10:09:42,P0239,Omega-3 Fish Oil Pack - Store Brand - Store Brand - Store Brand,Vitamins,2,63.6,0.0,30.78,C01028,Khobar,E085,Mobile,Completed,1,63.6
ORD003501,2024-04-19 08:39:06,P0252,Earol Ear Drops Pack - Store Brand - Store Brand - Store Brand,Ear Care,5,28.2,4.23,21.75,C00348,Riyadh,E074,Mobile,Completed,0,23.97
ORD003502,2025-04-06 16:39:15,P0138,Centrum Multivitamins Bottle - Store Brand,Vitamins,2,192.06,9.6,50.76,C00951,Khobar,E068,Web,Completed,1,182.46
ORD003503,2024-07-22 05:05:04,P0011,Voltaren Emulgel 50g Bottle,Pain Relief,1,52.44,5.24,19.04,C00581,Dammam,E075,Mobile,Completed,1,47.2
ORD003504,2025-03-03 17:48:40,P0052,Clobetasol Cream 0.05% 30g Pack,Dermatology,2,208.0,10.4,76.18,C01115,Mecca,E046,Retail,Completed,1,197.6
ORD003505,2024-09-25 12:01:11,P0219,Brufen 400mg Pack - Store Brand,Pain Relief,1,17.43,1.74,7.31,C01003,Riyadh,E091,Mobile,Completed,1,15.69
ORD003506,2024-05-06 20:35:10,P0163,Colgate Total Box - Store Brand,Oral Care,2,27.48,1.37,10.02,C01071,Riyadh,E069,Mobile,Completed,0,26.11
ORD003507,2024-09-04 21:37:19,P0029,Redoxon Vitamin C 1000mg Bottle,Vitamins,1,34.61,3.46,11.43,C00617,Dammam,E105,Web,Completed,0,31.15
ORD003508,2024-05-19 18:21:47,P0260,Duphaston 10mg Pack - Store Brand - Store Brand,Women's Health,1,38.71,0.0,15.19,C00953,Jeddah,E078,Web,Completed,0,38.71
ORD003509,2025-04-09 12:05:34,P0231,Nivea Body Lotion 400ml Box - Store Brand,Personal Care,2,50.2,2.51,23.38,C00676,Medina,E056,Web,Completed,0,47.69
ORD003510,2024-11-21 14:04:29,P0396,Mometasone Furoate 0.1% 15g Box - Store Brand - Store Brand,Dermatology,2,133.86,20.08,39.84,C00287,Mecca,E057,Mobile,Completed,0,113.78
ORD003511,2025-04-30 23:44:03,P0155,Pampers Baby Dry Pack - Store Brand,Baby Care,5,369.85,18.49,164.6,C01051,Medina,E091,Mobile,Returned,0,351.36
ORD003512,2025-08-20 20:42:17,P0349,Redoxon Vitamin C 1000mg Bottle - Store Brand - Store Brand,Vitamins,1,13.39,2.01,7.36,C00547,Dammam,E087,Mobile,Completed,1,11.38
ORD003513,2024-12-31 06:49:09,P0324,Aspirin 100mg Pack - Store Brand - Store Brand - Store Brand - Store Brand,Pain Relief,2,5.86,0.29,1.44,C00855,Riyadh,E050,Mobile,Completed,0,5.57
ORD003514,2024-08-10 22:10:56,P0142,Pampers Baby Dry Pack - Store Brand - Store Brand,Baby Care,5,294.5,44.18,167.3,C00482,Jeddah,E031,Retail,Completed,0,250.32
ORD003515,2024-05-15 00:37:48,P0146,Aspirin 100mg Bottle - Store Brand,Pain Relief,1,5.27,0.79,2.62,C00649,Riyadh,E055,Retail,Completed,0,4.48
ORD003516,2025-08-27 02:19:16,P0365,Otrivin Nasal Spray Box - Store Brand,Cold & Flu,1,18.99,0.95,7.08,C00045,Khobar,E102,Mobile,Completed,0,18.04
ORD003517,2024-11-28 06:49:15,P0320,Brufen 400mg Box - Store Brand - Store Brand,Pain Relief,4,35.64,5.35,18.76,C00666,Riyadh,E011,Retail,Completed,0,30.29
ORD003518,2024-12-06 17:33:09,P0076,Duphaston 10mg Pack,Women's Health,4,319.16,31.92,111.64,C00610,Jeddah,E051,Retail,Completed,1,287.24
ORD003519,2024-10-14 02:32:22,P0024,Otrivin Nasal Spray Box,Cold & Flu,2,49.0,4.9,22.9,C00564,Mecca,E049,Retail,Completed,0,44.1
ORD003520,2025-01-08 01:44:27,P0152,NeoCitran Hot Drink Pack - Store Brand - Store Brand,Cold & Flu,3,31.32,3.13,19.74,C00559,Medina,E036,Web,Completed,0,28.19
ORD003521,2025-09-07 23:47:01,P0324,Aspirin 100mg Pack - Store Brand - Store Brand - Store Brand - Store Brand,Pain Relief,2,5.86,0.59,1.44,C01127,Riyadh,E011,Web,Returned,0,5.27
ORD003522,2025-04-24 00:52:54,P0107,Refresh Tears Eye Drops Box - Store Brand - Store Brand,Eye Care,5,111.5,11.15,60.85,C00622,Riyadh,E019,Web,Completed,0,100.35
ORD003523,2025-09-09 22:05:31,P0121,Aspirin 100mg Pack - Store Brand - Store Brand,Pain Relief,2,9.02,1.35,2.7,C00577,Mecca,E108,Retail,Completed,0,7.67
ORD003524,2024-06-08 10:06:27,P0274,Panadol Extra Pack - Store Brand,Pain Relief,2,20.76,2.08,8.24,C00766,Riyadh,E111,Web,Completed,1,18.68
ORD003525,2025-08-25 23:08:01,P0308,Omega-3 Fish Oil Pack - Store Brand - Store Brand - Store Brand,Vitamins,1,44.01,0.0,18.55,C00210,Mecca,E010,Web,Completed,0,44.01
ORD003526,2024-09-27 15:52:02,P0326,Band-Aid Assorted Box - Store Brand - Store Brand,First Aid,1,6.6,0.0,3.03,C00069,Riyadh,E116,Web,Completed,0,6.6
ORD003527,2025-05-17 17:19:03,P0089,Colgate Total Bottle,Oral Care,1,18.94,2.84,7.44,C00422,Khobar,E002,Web,Completed,1,16.1
ORD003528,2024-11-04 01:22:12,P0300,Nivea Body Lotion 400ml Bottle - Store Brand - Store Brand - Store Brand,Personal Care,2,20.42,3.06,15.44,C00766,Riyadh,E006,Mobile,Completed,1,17.36
ORD003529,2025-08-18 16:38:32,P0364,Duphaston 10mg Pack - Store Brand - Store Brand - Store Brand - Store Brand,Women's Health,3,50.16,7.52,25.65,C00203,Riyadh,E014,Retail,Completed,1,42.64
ORD003530,2025-01-09 23:04:20,P0284,Johnson's Baby Oil 200ml Box - Store Brand,Baby Care,1,30.04,3.0,11.32,C00069,Riyadh,E001,Web,Completed,0,27.04
ORD003531,2025-07-30 08:37:43,P0394,Femibion Prenatal Pack - Store Brand - Store Brand,Vitamins,2,135.64,0.0,75.98,C00540,Dammam,E064,Web,Completed,1,135.64
ORD003532,2025-06-01 15:26:45,P0149,Band-Aid Assorted Box - Store Brand,First Aid,1,9.12,0.91,4.59,C00275,Medina,E014,Mobile,Completed,0,8.21
ORD003533,2024-04-26 16:49:00,P0010,Voltaren Emulgel 50g Pack,Pain Relief,1,42.35,2.12,17.28,C00703,Mecca,E050,Mobile,Completed,1,40.23
ORD003534,2024-10-08 08:31:53,P0374,Johnson's Baby Oil 200ml Box - Store Brand - Store Brand,Baby Care,2,49.18,7.38,14.38,C00175,Jeddah,E039,Web,Completed,1,41.8
ORD003535,2024-04-20 17:04:14,P0170,Pampers Baby Dry Pack - Store Brand - Store Brand,Baby Care,1,55.48,2.77,21.48,C00359,Riyadh,E078,Mobile,Completed,0,52.71
ORD003536,2025-06-08 00:33:37,P0349,Redoxon Vitamin C 1000mg Bottle - Store Brand - Store Brand,Vitamins,1,13.39,2.01,7.36,C00609,Riyadh,E083,Web,Completed,0,11.38
ORD003537,2025-08-19 03:53:27,P0337,NeoCitran Hot Drink Pack - Store Brand - Store Brand - Store Brand,Cold & Flu,5,43.75,6.56,22.75,C01004,Mecca,E088,Web,Completed,0,37.19
ORD003538,2025-05-30 21:17:57,P0396,Mometasone Furoate 0.1% 15g Box - Store Brand - Store Brand,Dermatology,2,133.86,6.69,39.84,C00805,Mecca,E051,Retail,Completed,1,127.17
ORD003539,2025-03-18 19:01:45,P0277,Redoxon Vitamin C 1000mg Pack - Store Brand,Vitamins,5,121.4,18.21,56.05,C01023,Medina,E036,Web,Returned,0,103.19
ORD003540,2024-05-13 23:56:00,P0090,Colgate Total Box,Oral Care,2,38.46,5.77,15.32,C01142,Riyadh,E094,Web,Completed,0,32.69
ORD003541,2025-01-28 20:17:35,P0185,Femibion Prenatal Pack - Store Brand,Vitamins,3,321.12,16.06,145.5,C01117,Mecca,E023,Web,Completed,0,305.06
ORD003542,2025-05-24 11:30:09,P0335,Neutrogena Hydro Boost Bottle - Store Brand,Skincare,3,277.89,41.68,94.47,C00810,Mecca,E047,Mobile,Completed,0,236.21
ORD003543,2025-07-04 17:00:29,P0215,Panadol Advance Box - Store Brand,Pain Relief,1,12.25,1.23,4.88,C00209,Mecca,E070,Web,Completed,0,11.02
ORD003544,2024-08-19 04:42:05,P0318,Duphaston 10mg Pack - Store Brand - Store Brand - Store Brand,Women's Health,3,69.57,0.0,30.21,C00977,Medina,E001,Web,Completed,0,69.57
ORD003545,2024-05-27 13:42:56,P0008,Aspirin 100mg Bottle,Pain Relief,2,16.38,1.64,6.4,C00614,Khobar,E118,Web,Completed,0,14.74
ORD003546,2024-06-25 19:41:16,P0057,Mometasone Furoate 0.1% 15g Box,Dermatology,1,121.72,6.09,41.28,C00463,Dammam,E095,Web,Completed,0,115.63
ORD003547,2024-07-17 21:33:03,P0194,Savlon Antiseptic 100ml Bottle - Store Brand,First Aid,4,57.92,2.9,23.92,C01194,Dammam,E025,Web,Completed,1,55.02
ORD003548,2025-06-05 19:07:30,P0088,Colgate Total Pack,Oral Care,2,37.98,1.9,18.68,C00709,Dammam,E044,Mobile,Completed,1,36.08
ORD003549,2024-06-08 14:45:15,P0330,Nivea Body Lotion 400ml Bottle - Store Brand - Store Brand - Store Brand - Store Brand,Personal Care,2,16.58,2.49,9.28,C00534,Medina,E011,Retail,Completed,0,14.09
ORD003550,2024-04-17 08:02:36,P0056,Mometasone Furoate 0.1% 15g Bottle,Dermatology,1,104.79,15.72,43.65,C00229,Medina,E117,Web,Completed,0,89.07
ORD003551,2024-07-01 14:35:53,P0291,Clobetasol Cream 0.05% 30g Pack - Store Brand - Store Brand - Store Brand - Store Brand - Store Brand,Dermatology,1,34.2,5.13,6.04,C00387,Riyadh,E001,Web,Returned,0,29.07
ORD003552,2025-05-17 01:48:26,P0269,Aspirin 100mg Bottle - Store Brand - Store Brand - Store Brand,Pain Relief,4,11.76,1.18,3.52,C00479,Dammam,E027,Web,Completed,0,10.58
ORD003553,2024-06-20 12:39:27,P0118,Mometasone Furoate 0.1% 15g Pack - Store Brand,Dermatology,3,197.73,29.66,109.53,C00702,Medina,E098,Mobile,Completed,1,168.07
ORD003554,2024-05-09 01:40:42,P0105,Pampers Baby Dry Pack - Store Brand,Baby Care,1,75.01,7.5,42.36,C00615,Dammam,E029,Web,Returned,1,67.51
ORD003555,2025-08-30 06:48:35,P0057,Mometasone Furoate 0.1% 15g Box,Dermatology,2,243.44,12.17,82.56,C00025,Khobar,E108,Web,Completed,0,231.27
ORD003556,2024-04-26 14:47:11,P0114,Otrivin Nasal Spray Box - Store Brand - Store Brand,Cold & Flu,1,12.95,0.65,6.44,C00225,Mecca,E034,Mobile,Completed,1,12.3
ORD003557,2024-12-06 20:59:17,P0034,Cetaphil Gentle Cleanser Pack,Skincare,4,320.68,48.1,114.76,C00860,Mecca,E115,Retail,Cancelled,0,272.58
ORD003558,2024-06-21 07:25:51,P0326,Band-Aid Assorted Box - Store Brand - Store Brand,First Aid,3,19.8,1.98,9.09,C01017,Riyadh,E070,Web,Completed,0,17.82
ORD003559,2025-06-21 15:10:18,P0176,Clobetasol Cream 0.05% 30g Pack - Store Brand - Store Brand,Dermatology,1,67.66,10.15,17.3,C00200,Medina,E093,Mobile,Completed,0,57.51
ORD003560,2024-12-15 12:02:46,P0184,Mometasone Furoate 0.1% 15g Box - Store Brand,Dermatology,1,83.84,8.38,32.45,C00491,Riyadh,E109,Web,Completed,1,75.46
ORD003561,2025-06-27 14:45:46,P0019,NeoCitran Hot Drink Pack,Cold & Flu,3,77.13,7.71,30.6,C01068,Dammam,E105,Mobile,Completed,1,69.42
ORD003562,2025-02-07 04:30:03,P0384,Band-Aid Assorted Box - Store Brand - Store Brand,First Aid,4,28.0,0.0,12.16,C00459,Jeddah,E014,Web,Returned,1,28.0
ORD003563,2025-01-21 14:28:25,P0099,Voltaren Emulgel 50g Bottle - Store Brand,Pain Relief,1,37.67,5.65,11.97,C01163,Mecca,E047,Web,Completed,1,32.02
ORD003564,2024-12-13 03:47:14,P0112,Voltaren Emulgel 50g Bottle - Store Brand,Pain Relief,2,73.28,10.99,30.98,C00055,Dammam,E020,Web,Completed,0,62.29
ORD003565,2024-11-07 21:53:41,P0165,Otrivin Nasal Spray Box - Store Brand - Store Brand,Cold & Flu,2,25.32,2.53,9.58,C00850,Mecca,E088,Web,Completed,0,22.79
ORD003566,2025-07-08 21:07:45,P0059,Refresh Tears Eye Drops Bottle,Eye Care,2,90.04,13.51,30.52,C00863,Khobar,E068,Retail,Completed,0,76.53
ORD003567,2025-02-22 23:13:54,P0200,Imodium 2mg Box - Store Brand - Store Brand,Gastrointestinal,1,17.03,0.85,7.84,C00086,Jeddah,E119,Retail,Completed,1,16.18
ORD003568,2024-05-14 12:52:56,P0364,Duphaston 10mg Pack - Store Brand - Store Brand - Store Brand - Store Brand,Women's Health,1,16.72,0.84,8.55,C00030,Mecca,E120,Web,Completed,0,15.88
ORD003569,2025-07-21 06:17:04,P0012,Voltaren Emulgel 50g Box,Pain Relief,3,147.06,22.06,61.59,C00762,Riyadh,E114,Web,Completed,0,125.0
ORD003570,2025-03-21 18:37:18,P0378,Mometasone Furoate 0.1% 15g Box - Store Brand - Store Brand,Dermatology,1,61.32,3.07,25.92,C00962,Mecca,E073,Mobile,Completed,0,58.25
ORD003571,2025-01-09 05:01:43,P0162,Johnson's Baby Oil 200ml Bottle - Store Brand,Baby Care,1,25.99,3.9,10.85,C01087,Khobar,E076,Web,Completed,1,22.09
ORD003572,2024-05-16 03:39:05,P0382,Redoxon Vitamin C 1000mg Pack - Store Brand,Vitamins,3,73.62,0.0,34.53,C00711,Riyadh,E008,Retail,Completed,0,73.62
ORD003573,2024-06-26 15:54:46,P0098,Panadol Advance Pack - Store Brand,Pain Relief,1,11.31,1.7,5.08,C00387,Riyadh,E023,Web,Completed,1,9.61
ORD003574,2025-05-16 02:51:06,P0210,Voltaren Emulgel 50g Bottle - Store Brand - Store Brand,Pain Relief,5,150.6,7.53,65.75,C00086,Jeddah,E037,Web,Completed,0,143.07
ORD003575,2024-05-02 06:28:06,P0010,Voltaren Emulgel 50g Pack,Pain Relief,3,127.05,6.35,51.84,C00276,Jeddah,E079,Mobile,Completed,0,120.7
ORD003576,2025-01-11 09:54:31,P0076,Duphaston 10mg Pack,Women's Health,1,79.79,11.97,27.91,C00016,Riyadh,E105,Mobile,Completed,1,67.82
ORD003577,2025-06-05 14:13:48,P0317,Duphaston 10mg Pack - Store Brand - Store Brand - Store Brand,Women's Health,5,135.75,13.58,54.35,C00874,Dammam,E091,Web,Completed,1,122.17
ORD003578,2025-07-11 07:14:03,P0378,Mometasone Furoate 0.1% 15g Box - Store Brand - Store Brand,Dermatology,1,61.32,3.07,25.92,C00825,Mecca,E025,Web,Completed,1,58.25
ORD003579,2024-11-28 22:37:01,P0297,Centrum Multivitamins Bottle - Store Brand - Store Brand - Store Brand,Vitamins,3,121.5,12.15,58.62,C01046,Medina,E012,Web,Completed,1,109.35
ORD003580,2024-04-29 16:28:29,P0283,Mometasone Furoate 0.1% 15g Pack - Store Brand,Dermatology,1,65.04,9.76,30.37,C00303,Medina,E111,Retail,Completed,0,55.28
ORD003581,2024-11-01 02:19:09,P0344,Redoxon Vitamin C 1000mg Pack - Store Brand - Store Brand - Store Brand - Store Brand,Vitamins,2,15.16,1.52,4.48,C01099,Jeddah,E032,Web,Returned,0,13.64
ORD003582,2024-10-07 18:02:13,P0369,Vicks VapoRub 50g Pack - Store Brand,Cold & Flu,1,12.65,1.27,4.62,C00240,Riyadh,E040,Retail,Completed,0,11.38
ORD003583,2024-11-29 14:44:16,P0199,Otrivin Nasal Spray Bottle - Store Brand,Cold & Flu,1,14.7,2.2,7.77,C00718,Dammam,E053,Mobile,Completed,0,12.5
ORD003584,2024-12-31 14:23:22,P0193,Mometasone Furoate 0.1% 15g Pack - Store Brand - Store Brand,Dermatology,1,41.91,0.0,29.78,C00590,Mecca,E062,Mobile,Returned,1,41.91
ORD003585,2025-05-24 16:04:52,P0188,Symbicort Inhaler Bottle - Store Brand - Store Brand - Store Brand - Store Brand,Respiratory,2,197.24,29.59,129.02,C00393,Jeddah,E070,Web,Completed,0,167.65
ORD003586,2024-09-16 14:14:35,P0048,Savlon Antiseptic 100ml Box,First Aid,3,55.02,2.75,19.53,C00928,Riyadh,E022,Web,Completed,1,52.27
ORD003587,2024-04-18 12:27:32,P0097,Femibion Prenatal Box - Store Brand,Vitamins,4,477.92,0.0,197.24,C00475,Jeddah,E080,Retail,Completed,1,477.92
ORD003588,2025-02-08 01:55:20,P0143,Mometasone Furoate 0.1% 15g Pack - Store Brand - Store Brand,Dermatology,5,266.35,13.32,139.15,C00584,Mecca,E070,Mobile,Completed,1,253.03
ORD003589,2024-07-24 20:09:45,P0288,Duphaston 10mg Pack - Store Brand - Store Brand,Women's Health,4,133.04,19.96,55.36,C00202,Jeddah,E026,Mobile,Completed,0,113.08
ORD003590,2024-07-23 07:21:43,P0120,Refresh Tears Eye Drops Box - Store Brand - Store Brand - Store Brand,Eye Care,4,66.8,6.68,33.08,C00077,Khobar,E103,Web,Completed,0,60.12
ORD003591,2025-03-26 01:11:15,P0012,Voltaren Emulgel 50g Box,Pain Relief,4,196.08,29.41,82.12,C00179,Jeddah,E040,Web,Completed,0,166.67
ORD003592,2024-08-21 04:41:02,P0019,NeoCitran Hot Drink Pack,Cold & Flu,3,77.13,0.0,30.6,C00707,Medina,E061,Web,Completed,0,77.13
ORD003593,2024-08-08 20:16:26,P0034,Cetaphil Gentle Cleanser Pack,Skincare,2,160.34,16.03,57.38,C00046,Mecca,E044,Mobile,Completed,0,144.31
ORD003594,2024-07-15 06:07:42,P0131,Band-Aid Assorted Bottle - Store Brand - Store Brand,First Aid,3,15.36,0.0,8.43,C00601,Riyadh,E011,Mobile,Completed,0,15.36
ORD003595,2025-01-01 16:40:59,P0278,Pampers Baby Dry Pack - Store Brand - Store Brand - Store Brand,Baby Care,5,205.3,0.0,81.1,C00933,Khobar,E051,Web,Completed,0,205.3
ORD003596,2025-08-16 11:28:56,P0105,Pampers Baby Dry Pack - Store Brand,Baby Care,4,300.04,0.0,169.44,C00983,Dammam,E008,Retail,Completed,1,300.04
ORD003597,2024-07-03 04:35:58,P0359,Multivitamin Gummies Kids Bottle - Store Brand,Vitamins,4,196.56,19.66,63.76,C00175,Jeddah,E084,Mobile,Completed,0,176.9
ORD003598,2024-08-02 21:06:19,P0319,Redoxon Vitamin C 1000mg Pack - Store Brand - Store Brand - Store Brand,Vitamins,2,22.94,3.44,7.36,C00926,Dammam,E033,Web,Completed,0,19.5
ORD003599,2025-01-26 07:02:08,P0153,Aspirin 100mg Bottle - Store Brand - Store Brand,Pain Relief,1,3.99,0.4,1.58,C00023,Jeddah,E038,Mobile,Returned,0,3.59
ORD003600,2024-08-26 14:31:20,P0209,Omega-3 Fish Oil Pack - Store Brand - Store Brand,Vitamins,1,49.4,4.94,25.24,C00541,Medina,E065,Retail,Completed,0,44.46
ORD003601,2025-09-08 23:18:28,P0013,Brufen 400mg Pack,Pain Relief,2,45.54,6.83,19.14,C01169,Mecca,E069,Mobile,Completed,0,38.71
ORD003602,2024-05-30 06:16:48,P0127,Pampers Baby Dry Box - Store Brand,Baby Care,4,397.16,39.72,162.48,C00687,Khobar,E058,Retail,Completed,0,357.44
ORD003603,2025-01-28 16:41:31,P0360,Otrivin Nasal Spray Bottle - Store Brand - Store Brand - Store Brand,Cold & Flu,2,18.1,1.81,9.66,C00044,Khobar,E095,Mobile,Completed,0,16.29
ORD003604,2025-07-18 06:47:46,P0257,Refresh Tears Eye Drops Pack - Store Brand,Eye Care,2,69.88,0.0,25.24,C00124,Riyadh,E013,Web,Completed,1,69.88
ORD003605,2025-04-12 11:54:34,P0300,Nivea Body Lotion 400ml Bottle - Store Brand - Store Brand - Store Brand,Personal Care,2,20.42,3.06,15.44,C01073,Mecca,E086,Web,Completed,0,17.36
ORD003606,2024-05-19 03:30:41,P0167,Pampers Baby Dry Pack - Store Brand,Baby Care,2,164.46,0.0,67.4,C00431,Jeddah,E016,Mobile,Completed,0,164.46
ORD003607,2024-06-29 02:10:12,P0241,Imodium 2mg Box - Store Brand - Store Brand,Gastrointestinal,1,19.07,0.95,5.81,C00783,Riyadh,E073,Web,Completed,0,18.12
ORD003608,2025-06-12 20:31:58,P0310,Aspirin 100mg Pack - Store Brand,Pain Relief,2,11.38,0.57,3.6,C00076,Mecca,E097,Web,Completed,0,10.81
ORD003609,2025-06-26 20:50:08,P0094,Aspirin 100mg Pack - Store Brand,Pain Relief,4,21.76,2.18,8.76,C01191,Riyadh,E069,Retail,Completed,0,19.58
ORD003610,2024-11-28 15:04:18,P0315,Pampers Baby Dry Pack - Store Brand - Store Brand - Store Brand - Store Brand,Baby Care,4,99.88,0.0,52.12,C00924,Khobar,E055,Mobile,Completed,1,99.88
ORD003611,2024-05-26 15:44:08,P0086,Symbicort Inhaler Bottle,Respiratory,1,455.32,22.77,175.53,C01062,Mecca,E003,Retail,Completed,1,432.55
ORD003612,2024-11-13 02:03:29,P0160,Sensodyne Repair & Protect Box - Store Brand,Oral Care,3,71.34,0.0,22.92,C00274,Khobar,E102,Retail,Completed,0,71.34
ORD003613,2025-06-01 22:25:20,P0318,Duphaston 10mg Pack - Store Brand - Store Brand - Store Brand,Women's Health,4,92.76,4.64,40.28,C00437,Medina,E075,Web,Completed,0,88.12
ORD003614,2025-07-03 00:06:30,P0081,Femibion Prenatal Box,Vitamins,1,159.3,7.97,75.87,C00026,Jeddah,E089,Web,Completed,1,151.33
ORD003615,2025-03-07 03:07:38,P0170,Pampers Baby Dry Pack - Store Brand - Store Brand,Baby Care,1,55.48,8.32,21.48,C00564,Mecca,E091,Mobile,Completed,0,47.16
ORD003616,2024-11-08 16:58:40,P0296,Otrivin Nasal Spray Box - Store Brand - Store Brand - Store Brand,Cold & Flu,1,9.19,0.92,3.33,C00311,Mecca,E026,Mobile,Completed,0,8.27
ORD003617,2025-07-19 14:01:20,P0069,Imodium 2mg Box,Gastrointestinal,4,125.92,18.89,44.68,C00413,Mecca,E022,Mobile,Completed,0,107.03
ORD003618,2025-03-28 02:50:18,P0312,Femibion Prenatal Bottle - Store Brand - Store Brand,Vitamins,1,97.42,14.61,29.28,C01168,Mecca,E097,Mobile,Completed,0,82.81
ORD003619,2024-07-22 16:11:34,P0132,Neutrogena Hydro Boost Pack - Store Brand,Skincare,2,189.64,0.0,68.54,C00434,Medina,E098,Mobile,Completed,0,189.64
ORD003620,2025-08-02 14:53:59,P0270,Redoxon Vitamin C 1000mg Pack - Store Brand - Store Brand,Vitamins,1,17.5,1.75,7.41,C00365,Khobar,E061,Mobile,Completed,0,15.75
ORD003621,2025-07-22 13:45:37,P0017,Vicks VapoRub 50g Bottle,Cold & Flu,1,15.25,0.0,5.72,C00679,Medina,E073,Web,Completed,1,15.25
ORD003622,2024-12-23 04:33:43,P0238,Duphaston 10mg Pack - Store Brand,Women's Health,2,106.28,15.94,34.2,C00181,Khobar,E054,Web,Completed,1,90.34
ORD003623,2025-01-13 15:10:53,P0222,Band-Aid Assorted Bottle - Store Brand - Store Brand,First Aid,3,19.53,0.98,8.22,C01140,Medina,E017,Web,Completed,0,18.55
ORD003624,2024-09-10 11:42:05,P0155,Pampers Baby Dry Pack - Store Brand,Baby Care,2,147.94,7.4,65.84,C00261,Dammam,E007,Mobile,Completed,0,140.54
ORD003625,2025-07-24 22:31:12,P0035,Cetaphil Gentle Cleanser Bottle,Skincare,5,448.65,0.0,174.65,C00535,Dammam,E087,Web,Completed,0,448.65
ORD003626,2024-06-19 05:49:00,P0033,Omega-3 Fish Oil Box,Vitamins,3,301.98,15.1,115.47,C00340,Jeddah,E105,Web,Completed,0,286.88
ORD003627,2024-10-09 20:21:40,P0373,Femibion Prenatal Pack - Store Brand - Store Brand,Vitamins,2,175.16,17.52,74.06,C00827,Jeddah,E054,Mobile,Completed,0,157.64
ORD003628,2025-07-28 12:22:13,P0065,Gaviscon 200ml Bottle,Gastrointestinal,1,50.56,5.06,17.49,C00778,Riyadh,E017,Retail,Completed,0,45.5
ORD003629,2024-12-04 06:07:55,P0145,Refresh Tears Eye Drops Box - Store Brand - Store Brand,Eye Care,2,38.44,3.84,23.48,C00188,Mecca,E058,Mobile,Completed,0,34.6
ORD003630,2025-08-07 19:17:57,P0063,Earol Ear Drops Box,Ear Care,3,63.78,9.57,28.23,C00256,Dammam,E088,Web,Completed,1,54.21
ORD003631,2024-05-25 23:40:03,P0087,Symbicort Inhaler Box,Respiratory,5,1909.55,95.48,993.5,C00670,Jeddah,E111,Mobile,Completed,0,1814.07
ORD003632,2025-02-20 22:49:09,P0120,Refresh Tears Eye Drops Box - Store Brand - Store Brand - Store Brand,Eye Care,3,50.1,2.51,24.81,C00515,Mecca,E095,Web,Completed,0,47.59
ORD003633,2025-01-29 17:49:21,P0298,Aspirin 100mg Bottle - Store Brand - Store Brand,Pain Relief,1,3.86,0.0,1.46,C00610,Jeddah,E093,Web,Completed,0,3.86
ORD003634,2025-06-12 07:29:18,P0376,Earol Ear Drops Pack - Store Brand - Store Brand - Store Brand - Store Brand,Ear Care,1,4.66,0.0,2.33,C00988,Riyadh,E056,Web,Completed,0,4.66
ORD003635,2025-08-05 21:27:02,P0385,Otrivin Nasal Spray Box - Store Brand - Store Brand,Cold & Flu,1,13.26,0.66,5.75,C00738,Mecca,E058,Mobile,Completed,0,12.6
ORD003636,2024-11-25 01:02:28,P0298,Aspirin 100mg Bottle - Store Brand - Store Brand,Pain Relief,1,3.86,0.0,1.46,C00006,Medina,E092,Retail,Completed,0,3.86
ORD003637,2024-06-28 00:18:57,P0070,Johnson's Baby Oil 200ml Pack,Baby Care,2,78.36,11.75,31.2,C00508,Jeddah,E077,Web,Completed,0,66.61
ORD003638,2025-02-22 04:29:28,P0196,Brufen 400mg Box - Store Brand,Pain Relief,2,25.58,2.56,11.18,C01186,Jeddah,E104,Retail,Returned,0,23.02
ORD003639,2025-07-19 01:39:41,P0176,Clobetasol Cream 0.05% 30g Pack - Store Brand - Store Brand,Dermatology,1,67.66,3.38,17.3,C00905,Khobar,E088,Mobile,Completed,0,64.28
ORD003640,2024-11-26 02:30:07,P0161,Gaviscon 200ml Bottle - Store Brand,Gastrointestinal,4,152.12,7.61,58.48,C00703,Mecca,E102,Retail,Completed,1,144.51
ORD003641,2025-05-30 07:55:38,P0118,Mometasone Furoate 0.1% 15g Pack - Store Brand,Dermatology,3,197.73,19.77,109.53,C00674,Jeddah,E059,Web,Completed,0,177.96
ORD003642,2024-09-10 20:51:35,P0102,Otrivin Nasal Spray Box - Store Brand,Cold & Flu,1,16.97,2.55,7.96,C00031,Medina,E030,Web,Completed,0,14.42
ORD003643,2024-05-01 04:08:40,P0243,Cetaphil Gentle Cleanser Box - Store Brand,Skincare,1,60.18,3.01,19.14,C00497,Dammam,E055,Web,Completed,0,57.17
ORD003644,2024-11-05 15:24:20,P0231,Nivea Body Lotion 400ml Box - Store Brand,Personal Care,3,75.3,7.53,35.07,C00505,Jeddah,E003,Mobile,Completed,0,67.77
ORD003645,2025-03-14 04:50:52,P0134,Symbicort Inhaler Pack - Store Brand,Respiratory,1,301.12,15.06,110.92,C00179,Jeddah,E030,Web,Completed,0,286.06
ORD003646,2025-01-27 11:20:08,P0304,Imodium 2mg Bottle - Store Brand,Gastrointestinal,1,25.39,1.27,8.99,C00730,Jeddah,E106,Web,Completed,0,24.12
ORD003647,2025-04-05 14:24:58,P0188,Symbicort Inhaler Bottle - Store Brand - Store Brand - Store Brand - Store Brand,Respiratory,3,295.86,29.59,193.53,C00270,Dammam,E046,Web,Completed,0,266.27
ORD003648,2025-06-22 11:51:45,P0285,Voltaren Emulgel 50g Bottle - Store Brand - Store Brand - Store Brand,Pain Relief,5,94.4,9.44,49.5,C00960,Khobar,E082,Retail,Completed,0,84.96
ORD003649,2024-07-19 06:33:39,P0236,Band-Aid Assorted Bottle - Store Brand - Store Brand - Store Brand,First Aid,4,12.68,1.27,8.76,C00830,Medina,E044,Web,Completed,0,11.41
ORD003650,2025-01-05 09:26:52,P0344,Redoxon Vitamin C 1000mg Pack - Store Brand - Store Brand - Store Brand - Store Brand,Vitamins,4,30.32,0.0,8.96,C00337,Jeddah,E017,Web,Completed,0,30.32
ORD003651,2025-04-04 16:48:00,P0066,Gaviscon 200ml Box,Gastrointestinal,3,161.28,0.0,51.33,C00830,Medina,E076,Web,Completed,0,161.28
ORD003652,2024-04-08 12:42:36,P0112,Voltaren Emulgel 50g Bottle - Store Brand,Pain Relief,1,36.64,1.83,15.49,C00106,Riyadh,E094,Mobile,Completed,0,34.81
ORD003653,2024-05-15 01:58:27,P0258,Omega-3 Fish Oil Box - Store Brand,Vitamins,2,133.96,20.09,52.24,C01197,Jeddah,E015,Web,Completed,0,113.87
ORD003654,2024-12-25 23:46:35,P0057,Mometasone Furoate 0.1% 15g Box,Dermatology,2,243.44,0.0,82.56,C01069,Jeddah,E115,Retail,Completed,0,243.44
ORD003655,2024-08-04 20:50:02,P0060,Refresh Tears Eye Drops Box,Eye Care,5,227.65,11.38,89.2,C00508,Jeddah,E036,Web,Completed,1,216.27
ORD003656,2024-06-24 10:15:40,P0253,Duphaston 10mg Pack - Store Brand - Store Brand,Women's Health,3,112.92,5.65,44.43,C00004,Riyadh,E109,Retail,Completed,0,107.27
ORD003657,2025-02-21 23:02:07,P0032,Omega-3 Fish Oil Bottle,Vitamins,1,77.22,3.86,39.97,C00106,Riyadh,E002,Retail,Completed,1,73.36
ORD003658,2024-05-18 19:00:13,P0058,Refresh Tears Eye Drops Pack,Eye Care,1,42.51,4.25,17.77,C00231,Riyadh,E020,Web,Completed,1,38.26
ORD003659,2025-04-16 02:05:45,P0033,Omega-3 Fish Oil Box,Vitamins,4,402.64,60.4,153.96,C00042,Medina,E077,Web,Completed,0,342.24
ORD003660,2024-08-17 10:15:40,P0250,Redoxon Vitamin C 1000mg Bottle - Store Brand,Vitamins,3,65.73,9.86,26.79,C01099,Jeddah,E004,Retail,Completed,0,55.87
ORD003661,2024-06-15 20:49:39,P0308,Omega-3 Fish Oil Pack - Store Brand - Store Brand - Store Brand,Vitamins,1,44.01,4.4,18.55,C00600,Dammam,E098,Mobile,Completed,0,39.61
ORD003662,2024-09-07 04:00:53,P0161,Gaviscon 200ml Bottle - Store Brand,Gastrointestinal,2,76.06,11.41,29.24,C00943,Mecca,E107,Mobile,Completed,0,64.65
ORD003663,2025-05-14 19:18:24,P0115,NeoCitran Hot Drink Pack - Store Brand,Cold & Flu,2,32.4,0.0,16.1,C00322,Medina,E036,Mobile,Completed,0,32.4
ORD003664,2025-01-16 16:27:20,P0320,Brufen 400mg Box - Store Brand - Store Brand,Pain Relief,5,44.55,0.0,23.45,C00984,Medina,E053,Retail,Completed,0,44.55
ORD003665,2024-05-30 18:46:41,P0066,Gaviscon 200ml Box,Gastrointestinal,2,107.52,10.75,34.22,C00567,Mecca,E120,Web,Completed,0,96.77
ORD003666,2025-07-23 12:37:12,P0278,Pampers Baby Dry Pack - Store Brand - Store Brand - Store Brand,Baby Care,1,41.06,6.16,16.22,C00168,Riyadh,E043,Retail,Completed,0,34.9
ORD003667,2025-01-12 06:34:08,P0171,Earol Ear Drops Bottle - Store Brand,Ear Care,2,42.7,0.0,16.78,C00168,Riyadh,E002,Web,Completed,1,42.7
ORD003668,2024-07-22 14:21:10,P0218,Femibion Prenatal Bottle - Store Brand - Store Brand,Vitamins,4,373.96,0.0,136.92,C00006,Medina,E087,Mobile,Completed,1,373.96
ORD003669,2024-07-20 20:18:46,P0145,Refresh Tears Eye Drops Box - Store Brand - Store Brand,Eye Care,2,38.44,5.77,23.48,C00040,Khobar,E027,Web,Completed,1,32.67
ORD003670,2025-04-27 13:48:18,P0088,Colgate Total Pack,Oral Care,1,18.99,0.0,9.34,C00613,Jeddah,E069,Web,Completed,1,18.99
ORD003671,2025-05-01 04:44:42,P0219,Brufen 400mg Pack - Store Brand,Pain Relief,3,52.29,5.23,21.93,C00063,Dammam,E014,Mobile,Completed,0,47.06
ORD003672,2025-07-07 21:04:41,P0036,Cetaphil Gentle Cleanser Box,Skincare,2,157.16,23.57,59.56,C00890,Dammam,E060,Retail,Completed,1,133.59
ORD003673,2024-10-13 14:02:28,P0021,NeoCitran Hot Drink Box,Cold & Flu,2,46.58,6.99,20.34,C00493,Dammam,E049,Mobile,Completed,1,39.59
ORD003674,2025-01-06 08:32:07,P0004,Panadol Advance Pack,Pain Relief,1,17.36,1.74,6.69,C00489,Medina,E098,Web,Completed,1,15.62
ORD003675,2024-11-14 08:13:14,P0263,Nivea Body Lotion 400ml Bottle - Store Brand - Store Brand,Personal Care,1,15.13,0.0,9.96,C00207,Medina,E045,Mobile,Completed,1,15.13
ORD003676,2024-08-30 22:15:43,P0152,NeoCitran Hot Drink Pack - Store Brand - Store Brand,Cold & Flu,5,52.2,2.61,32.9,C00992,Jeddah,E119,Mobile,Completed,1,49.59
ORD003677,2024-09-01 16:46:48,P0371,Clobetasol Cream 0.05% 30g Box - Store Brand - Store Brand - Store Brand,Dermatology,2,73.2,3.66,39.2,C00418,Dammam,E003,Mobile,Completed,0,69.54
ORD003678,2025-02-18 19:28:53,P0020,NeoCitran Hot Drink Bottle,Cold & Flu,1,20.19,1.01,10.78,C00561,Dammam,E031,Mobile,Completed,1,19.18
ORD003679,2024-09-26 21:36:04,P0342,Gaviscon 200ml Bottle - Store Brand - Store Brand - Store Brand - Store Brand,Gastrointestinal,1,14.53,0.73,5.27,C01031,Riyadh,E013,Web,Completed,1,13.8
ORD003680,2024-06-15 01:27:39,P0022,Otrivin Nasal Spray Pack,Cold & Flu,2,60.0,3.0,23.84,C01006,Dammam,E108,Web,Completed,1,57.0
ORD003681,2025-08-27 22:25:36,P0280,Clobetasol Cream 0.05% 30g Box - Store Brand - Store Brand,Dermatology,1,54.33,0.0,25.84,C01145,Riyadh,E019,Web,Completed,0,54.33
ORD003682,2024-11-03 06:35:19,P0128,Centrum Multivitamins Bottle - Store Brand - Store Brand,Vitamins,1,60.6,0.0,23.24,C00853,Dammam,E085,Web,Completed,0,60.6
ORD003683,2025-04-20 23:38:52,P0014,Brufen 400mg Bottle,Pain Relief,5,113.45,0.0,40.3,C01109,Dammam,E086,Mobile,Completed,0,113.45
ORD003684,2025-06-07 04:03:59,P0292,Band-Aid Assorted Bottle - Store Brand - Store Brand - Store Brand,First Aid,4,21.08,3.16,7.88,C00762,Riyadh,E081,Web,Completed,1,17.92
ORD003685,2024-07-05 21:46:50,P0025,Centrum Multivitamins Pack,Vitamins,1,111.64,0.0,36.67,C00815,Riyadh,E051,Web,Completed,0,111.64
ORD003686,2024-10-02 03:55:23,P0364,Duphaston 10mg Pack - Store Brand - Store Brand - Store Brand - Store Brand,Women's Health,2,33.44,0.0,17.1,C00280,Medina,E004,Web,Completed,0,33.44
ORD003687,2024-11-20 23:35:33,P0010,Voltaren Emulgel 50g Pack,Pain Relief,1,42.35,4.24,17.28,C00851,Mecca,E080,Retail,Cancelled,1,38.11
ORD003688,2025-09-11 04:23:16,P0066,Gaviscon 200ml Box,Gastrointestinal,5,268.8,26.88,85.55,C00387,Riyadh,E014,Web,Completed,1,241.92
ORD003689,2024-11-21 22:20:43,P0201,Voltaren Emulgel 50g Bottle - Store Brand - Store Brand,Pain Relief,5,113.25,16.99,43.9,C00821,Medina,E097,Web,Completed,1,96.26
ORD003690,2025-09-12 09:11:27,P0138,Centrum Multivitamins Bottle - Store Brand,Vitamins,1,96.03,0.0,25.38,C00822,Riyadh,E067,Mobile,Completed,0,96.03
ORD003691,2024-12-09 14:05:52,P0327,Neutrogena Hydro Boost Box - Store Brand,Skincare,1,82.1,8.21,27.8,C00829,Riyadh,E081,Web,Completed,0,73.89
ORD003692,2024-10-03 00:04:32,P0329,Mometasone Furoate 0.1% 15g Pack - Store Brand - Store Brand - Store Brand,Dermatology,1,39.37,1.97,17.6,C00727,Medina,E115,Retail,Completed,1,37.4
ORD003693,2025-03-21 13:13:22,P0294,Colgate Total Bottle - Store Brand,Oral Care,2,29.64,0.0,9.4,C00633,Khobar,E024,Web,Completed,0,29.64
ORD003694,2024-10-12 18:38:11,P0124,Voltaren Emulgel 50g Bottle - Store Brand - Store Brand,Pain Relief,1,22.1,1.11,12.01,C00965,Jeddah,E099,Retail,Completed,0,20.99
ORD003695,2024-12-09 13:55:14,P0276,Earol Ear Drops Pack - Store Brand - Store Brand - Store Brand,Ear Care,1,6.32,0.95,3.75,C00979,Khobar,E056,Web,Completed,0,5.37
ORD003696,2024-08-09 12:57:54,P0325,Panadol Extra Pack - Store Brand - Store Brand - Store Brand,Pain Relief,1,4.52,0.23,2.61,C01059,Mecca,E063,Mobile,Completed,0,4.29
ORD003697,2025-04-04 09:20:41,P0043,Sensodyne Repair & Protect Pack,Oral Care,2,55.84,0.0,19.94,C00016,Riyadh,E075,Mobile,Completed,1,55.84
ORD003698,2024-05-26 08:34:17,P0005,Panadol Advance Bottle,Pain Relief,1,17.71,2.66,8.16,C00678,Medina,E051,Mobile,Completed,0,15.05
ORD003699,2024-11-13 02:50:41,P0086,Symbicort Inhaler Bottle,Respiratory,1,455.32,0.0,175.53,C00338,Dammam,E019,Web,Returned,0,455.32
ORD003700,2024-10-03 23:23:05,P0213,Voltaren Emulgel 50g Box - Store Brand - Store Brand,Pain Relief,2,46.36,6.95,18.14,C00961,Medina,E025,Mobile,Completed,1,39.41
ORD003701,2024-09-21 06:28:30,P0132,Neutrogena Hydro Boost Pack - Store Brand,Skincare,2,189.64,18.96,68.54,C00032,Jeddah,E047,Web,Returned,0,170.68
ORD003702,2025-05-10 23:20:28,P0356,Clobetasol Cream 0.05% 30g Pack - Store Brand - Store Brand - Store Brand - Store Brand,Dermatology,1,39.04,1.95,9.75,C00589,Jeddah,E049,Mobile,Completed,0,37.09
ORD003703,2024-10-13 16:33:12,P0140,Ventolin Inhaler Bottle - Store Brand,Respiratory,3,446.01,22.3,208.14,C00989,Mecca,E086,Mobile,Completed,0,423.71
ORD003704,2024-04-11 00:05:48,P0024,Otrivin Nasal Spray Box,Cold & Flu,1,24.5,0.0,11.45,C00135,Dammam,E112,Mobile,Completed,0,24.5
ORD003705,2024-06-10 03:28:01,P0265,NeoCitran Hot Drink Pack - Store Brand - Store Brand - Store Brand,Cold & Flu,4,44.44,2.22,20.08,C00009,Medina,E094,Web,Returned,0,42.22
ORD003706,2024-11-13 22:00:07,P0143,Mometasone Furoate 0.1% 15g Pack - Store Brand - Store Brand,Dermatology,3,159.81,23.97,83.49,C00932,Medina,E072,Mobile,Completed,0,135.84
ORD003707,2024-05-11 04:55:59,P0318,Duphaston 10mg Pack - Store Brand - Store Brand - Store Brand,Women's Health,5,115.95,5.8,50.35,C01171,Khobar,E034,Web,Completed,0,110.15
ORD003708,2025-04-27 12:00:32,P0386,Pampers Baby Dry Pack - Store Brand - Store Brand - Store Brand,Baby Care,1,38.24,0.0,16.49,C00747,Dammam,E040,Web,Cancelled,0,38.24
ORD003709,2024-09-18 17:53:53,P0084,Ventolin Inhaler Box,Respiratory,1,234.11,0.0,102.91,C00114,Jeddah,E057,Retail,Completed,0,234.11
ORD003710,2024-11-20 03:58:40,P0181,Centrum Multivitamins Pack - Store Brand,Vitamins,2,160.24,16.02,57.58,C00974,Medina,E054,Web,Completed,0,144.22
ORD003711,2025-01-17 02:06:57,P0359,Multivitamin Gummies Kids Bottle - Store Brand,Vitamins,2,98.28,9.83,31.88,C00343,Khobar,E085,Mobile,Completed,0,88.45
ORD003712,2024-05-15 17:23:48,P0368,Sensodyne Repair & Protect Box - Store Brand - Store Brand - Store Brand,Oral Care,1,12.43,0.0,3.91,C00536,Mecca,E034,Mobile,Completed,1,12.43
ORD003713,2024-10-20 01:20:18,P0139,Duphaston 10mg Bottle - Store Brand,Women's Health,1,66.04,3.3,24.72,C00279,Mecca,E098,Web,Completed,1,62.74
ORD003714,2025-07-01 17:24:47,P0366,Omega-3 Fish Oil Box - Store Brand - Store Brand,Vitamins,1,41.97,0.0,20.81,C01196,Riyadh,E059,Mobile,Completed,0,41.97
ORD003715,2025-03-07 06:53:24,P0328,Redoxon Vitamin C 1000mg Pack - Store Brand - Store Brand,Vitamins,1,11.46,1.72,7.03,C00774,Medina,E001,Mobile,Completed,0,9.74
ORD003716,2024-09-16 15:37:53,P0283,Mometasone Furoate 0.1% 15g Pack - Store Brand,Dermatology,1,65.04,6.5,30.37,C00960,Khobar,E012,Web,Completed,0,58.54
ORD003717,2024-05-16 23:12:42,P0337,NeoCitran Hot Drink Pack - Store Brand - Store Brand - Store Brand,Cold & Flu,1,8.75,1.31,4.55,C00210,Mecca,E003,Web,Completed,1,7.44
ORD003718,2024-12-20 06:46:24,P0195,Johnson's Baby Oil 200ml Bottle - Store Brand - Store Brand,Baby Care,1,22.0,0.0,7.36,C01120,Riyadh,E090,Mobile,Completed,1,22.0
ORD003719,2025-01-24 23:59:14,P0342,Gaviscon 200ml Bottle - Store Brand - Store Brand - Store Brand - Store Brand,Gastrointestinal,1,14.53,0.0,5.27,C00750,Dammam,E011,Web,Completed,1,14.53
ORD003720,2025-08-05 04:24:38,P0301,Gaviscon 200ml Bottle - Store Brand - Store Brand,Gastrointestinal,1,29.59,4.44,12.19,C01010,Mecca,E101,Web,Completed,1,25.15
ORD003721,2024-04-21 01:24:03,P0019,NeoCitran Hot Drink Pack,Cold & Flu,1,25.71,2.57,10.2,C00738,Mecca,E003,Web,Completed,1,23.14
ORD003722,2025-03-18 06:34:55,P0256,Imodium 2mg Box - Store Brand - Store Brand - Store Brand - Store Brand,Gastrointestinal,2,14.34,2.15,9.52,C00508,Jeddah,E100,Mobile,Completed,0,12.19
ORD003723,2025-04-22 03:19:33,P0249,Duphaston 10mg Pack - Store Brand - Store Brand,Women's Health,1,39.95,0.0,13.72,C00883,Mecca,E060,Web,Completed,1,39.95
ORD003724,2024-06-13 16:59:36,P0077,Duphaston 10mg Bottle,Women's Health,1,78.29,0.0,34.78,C00120,Dammam,E118,Retail,Completed,0,78.29
ORD003725,2024-05-17 17:59:42,P0341,Clobetasol Cream 0.05% 30g Pack - Store Brand - Store Brand - Store Brand - Store Brand - Store Brand,Dermatology,2,62.7,3.14,12.12,C01011,Dammam,E084,Web,Completed,0,59.56
ORD003726,2025-06-28 12:30:51,P0078,Duphaston 10mg Box,Women's Health,1,82.15,4.11,33.18,C00764,Mecca,E105,Retail,Completed,0,78.04
ORD003727,2024-06-16 21:52:39,P0377,Duphaston 10mg Pack - Store Brand - Store Brand,Women's Health,5,206.25,0.0,70.9,C00880,Khobar,E057,Web,Completed,1,206.25
ORD003728,2024-05-02 09:55:06,P0331,Omega-3 Fish Oil Pack - Store Brand - Store Brand - Store Brand - Store Brand,Vitamins,5,123.6,12.36,49.15,C00340,Jeddah,E079,Web,Returned,0,111.24
ORD003729,2024-10-31 14:07:14,P0319,Redoxon Vitamin C 1000mg Pack - Store Brand - Store Brand - Store Brand,Vitamins,1,11.47,1.15,3.68,C00144,Dammam,E043,Mobile,Completed,0,10.32
ORD003730,2024-09-15 15:12:58,P0378,Mometasone Furoate 0.1% 15g Box - Store Brand - Store Brand,Dermatology,1,61.32,6.13,25.92,C00052,Medina,E085,Mobile,Completed,0,55.19
ORD003731,2025-01-07 11:35:26,P0379,Nivea Body Lotion 400ml Bottle - Store Brand - Store Brand - Store Brand,Personal Care,5,48.1,2.41,32.15,C00355,Dammam,E073,Retail,Completed,0,45.69
ORD003732,2024-09-02 22:44:01,P0257,Refresh Tears Eye Drops Pack - Store Brand,Eye Care,3,104.82,10.48,37.86,C00817,Jeddah,E032,Retail,Completed,0,94.34
ORD003733,2024-11-19 14:53:01,P0073,Pampers Baby Dry Pack,Baby Care,2,243.78,12.19,107.5,C01107,Mecca,E050,Mobile,Returned,0,231.59
ORD003734,2025-01-16 17:15:32,P0316,Clobetasol Cream 0.05% 30g Bottle - Store Brand,Dermatology,3,255.87,38.38,102.24,C00121,Jeddah,E083,Mobile,Completed,1,217.49
ORD003735,2024-09-07 02:16:43,P0251,Johnson's Baby Oil 200ml Bottle - Store Brand - Store Brand - Store Brand - Store Brand,Baby Care,5,73.4,7.34,13.85,C00721,Medina,E098,Web,Completed,0,66.06
ORD003736,2025-04-20 10:20:13,P0364,Duphaston 10mg Pack - Store Brand - Store Brand - Store Brand - Store Brand,Women's Health,2,33.44,1.67,17.1,C00438,Riyadh,E119,Retail,Completed,0,31.77
ORD003737,2025-05-05 13:34:14,P0106,Symbicort Inhaler Bottle - Store Brand,Respiratory,1,284.2,28.42,134.64,C00137,Mecca,E085,Web,Completed,1,255.78
ORD003738,2025-08-16 17:09:34,P0128,Centrum Multivitamins Bottle - Store Brand - Store Brand,Vitamins,4,242.4,36.36,92.96,C00898,Riyadh,E085,Web,Completed,0,206.04
ORD003739,2024-10-21 09:16:36,P0277,Redoxon Vitamin C 1000mg Pack - Store Brand,Vitamins,2,48.56,0.0,22.42,C00936,Dammam,E115,Mobile,Completed,1,48.56
ORD003740,2025-02-27 23:22:41,P0348,Clobetasol Cream 0.05% 30g Pack - Store Brand - Store Brand,Dermatology,5,259.75,38.96,117.25,C00251,Mecca,E001,Web,Completed,0,220.79
ORD003741,2025-03-29 00:03:09,P0310,Aspirin 100mg Pack - Store Brand,Pain Relief,4,22.76,2.28,7.2,C00329,Mecca,E060,Mobile,Completed,0,20.48
ORD003742,2025-01-18 18:55:34,P0316,Clobetasol Cream 0.05% 30g Bottle - Store Brand,Dermatology,1,85.29,0.0,34.08,C00493,Dammam,E051,Mobile,Completed,0,85.29
ORD003743,2025-01-05 03:05:07,P0126,Clobetasol Cream 0.05% 30g Box - Store Brand,Dermatology,3,214.11,32.12,101.1,C01102,Khobar,E039,Web,Completed,1,181.99
ORD003744,2024-04-04 01:35:48,P0140,Ventolin Inhaler Bottle - Store Brand,Respiratory,1,148.67,14.87,69.38,C00565,Dammam,E085,Retail,Completed,0,133.8
ORD003745,2025-04-04 10:54:01,P0030,Redoxon Vitamin C 1000mg Box,Vitamins,1,32.33,1.62,13.7,C00355,Dammam,E077,Mobile,Completed,0,30.71
ORD003746,2025-03-27 06:01:09,P0046,Savlon Antiseptic 100ml Pack,First Aid,3,62.55,0.0,24.96,C00268,Riyadh,E093,Mobile,Completed,0,62.55
ORD003747,2024-12-29 05:34:37,P0078,Duphaston 10mg Box,Women's Health,1,82.15,0.0,33.18,C00580,Riyadh,E043,Web,Returned,1,82.15
ORD003748,2024-05-03 14:20:57,P0114,Otrivin Nasal Spray Box - Store Brand - Store Brand,Cold & Flu,1,12.95,0.0,6.44,C00507,Khobar,E101,Retail,Completed,0,12.95
ORD003749,2024-05-26 13:32:27,P0234,Earol Ear Drops Pack - Store Brand - Store Brand,Ear Care,4,30.16,4.52,21.72,C00775,Medina,E010,Web,Completed,1,25.64
ORD003750,2024-08-19 12:12:04,P0171,Earol Ear Drops Bottle - Store Brand,Ear Care,2,42.7,4.27,16.78,C00977,Medina,E099,Mobile,Completed,0,38.43
ORD003751,2024-07-09 04:16:08,P0297,Centrum Multivitamins Bottle - Store Brand - Store Brand - Store Brand,Vitamins,5,202.5,10.12,97.7,C00398,Medina,E001,Web,Completed,0,192.38
ORD003752,2025-08-13 20:06:08,P0062,Earol Ear Drops Bottle,Ear Care,3,77.64,7.76,31.41,C00038,Medina,E086,Retail,Completed,0,69.88
ORD003753,2025-09-02 10:48:31,P0135,Band-Aid Assorted Bottle - Store Brand - Store Brand,First Aid,3,20.91,3.14,10.38,C00451,Khobar,E062,Web,Completed,0,17.77
ORD003754,2024-05-19 02:48:39,P0380,Clobetasol Cream 0.05% 30g Bottle - Store Brand - Store Brand,Dermatology,1,68.97,6.9,22.1,C00613,Jeddah,E068,Web,Completed,1,62.07
ORD003755,2025-07-23 19:49:31,P0004,Panadol Advance Pack,Pain Relief,1,17.36,2.6,6.69,C00763,Mecca,E110,Retail,Completed,0,14.76
ORD003756,2025-02-11 09:48:18,P0036,Cetaphil Gentle Cleanser Box,Skincare,1,78.58,3.93,29.78,C00801,Dammam,E017,Retail,Completed,0,74.65
ORD003757,2024-07-09 11:36:54,P0322,Pampers Baby Dry Bottle - Store Brand - Store Brand,Baby Care,1,75.96,3.8,37.49,C01151,Riyadh,E097,Web,Completed,1,72.16
ORD003758,2024-11-01 05:16:31,P0136,Panadol Advance Box - Store Brand,Pain Relief,1,11.22,1.68,6.07,C01045,Medina,E009,Mobile,Completed,0,9.54
ORD003759,2024-04-14 12:53:12,P0318,Duphaston 10mg Pack - Store Brand - Store Brand - Store Brand,Women's Health,1,23.19,3.48,10.07,C00424,Jeddah,E034,Mobile,Completed,1,19.71
ORD003760,2025-07-07 20:48:50,P0352,Earol Ear Drops Pack - Store Brand - Store Brand - Store Brand - Store Brand,Ear Care,1,4.63,0.23,2.84,C00509,Riyadh,E041,Retail,Completed,0,4.4
ORD003761,2025-02-07 09:32:40,P0154,Imodium 2mg Pack - Store Brand,Gastrointestinal,4,99.08,14.86,30.92,C00367,Medina,E036,Web,Completed,0,84.22
ORD003762,2025-06-14 10:51:38,P0309,Panadol Extra Pack - Store Brand - Store Brand,Pain Relief,3,20.91,1.05,10.02,C00752,Riyadh,E085,Web,Completed,0,19.86
ORD003763,2025-07-29 05:42:36,P0304,Imodium 2mg Bottle - Store Brand,Gastrointestinal,4,101.56,15.23,35.96,C00447,Medina,E117,Web,Completed,0,86.33
ORD003764,2025-03-16 02:41:19,P0329,Mometasone Furoate 0.1% 15g Pack - Store Brand - Store Brand - Store Brand,Dermatology,2,78.74,7.87,35.2,C00893,Medina,E109,Retail,Returned,0,70.87
ORD003765,2024-08-13 16:04:02,P0254,Imodium 2mg Box - Store Brand - Store Brand - Store Brand,Gastrointestinal,4,46.96,7.04,19.04,C00141,Dammam,E098,Web,Completed,0,39.92
ORD003766,2024-10-01 20:07:47,P0224,Pampers Baby Dry Pack - Store Brand - Store Brand - Store Brand,Baby Care,4,138.76,20.81,62.72,C00337,Jeddah,E099,Mobile,Completed,0,117.95
ORD003767,2024-06-21 04:22:52,P0310,Aspirin 100mg Pack - Store Brand,Pain Relief,1,5.69,0.28,1.8,C00416,Mecca,E029,Web,Completed,0,5.41
ORD003768,2024-11-26 21:19:37,P0319,Redoxon Vitamin C 1000mg Pack - Store Brand - Store Brand - Store Brand,Vitamins,2,22.94,3.44,7.36,C00208,Riyadh,E011,Mobile,Completed,0,19.5
ORD003769,2025-06-27 05:04:55,P0221,Otrivin Nasal Spray Box - Store Brand - Store Brand - Store Brand,Cold & Flu,3,27.0,0.0,14.25,C00610,Jeddah,E099,Mobile,Completed,0,27.0
ORD003770,2025-03-31 22:43:04,P0032,Omega-3 Fish Oil Bottle,Vitamins,2,154.44,0.0,79.94,C00997,Riyadh,E022,Retail,Completed,0,154.44
ORD003771,2024-04-04 05:59:37,P0241,Imodium 2mg Box - Store Brand - Store Brand,Gastrointestinal,3,57.21,5.72,17.43,C00827,Jeddah,E050,Retail,Completed,0,51.49
ORD003772,2025-02-06 07:59:27,P0330,Nivea Body Lotion 400ml Bottle - Store Brand - Store Brand - Store Brand - Store Brand,Personal Care,1,8.29,1.24,4.64,C00230,Medina,E051,Mobile,Completed,0,7.05
ORD003773,2024-11-29 15:03:44,P0053,Clobetasol Cream 0.05% 30g Bottle,Dermatology,2,226.22,0.0,88.64,C00576,Mecca,E069,Mobile,Completed,0,226.22
ORD003774,2024-12-15 16:55:54,P0077,Duphaston 10mg Bottle,Women's Health,3,234.87,35.23,104.34,C00928,Riyadh,E060,Mobile,Completed,0,199.64
ORD003775,2025-07-03 06:42:39,P0025,Centrum Multivitamins Pack,Vitamins,4,446.56,66.98,146.68,C00522,Medina,E110,Mobile,Completed,0,379.58
ORD003776,2025-06-04 07:01:44,P0113,Panadol Advance Bottle - Store Brand,Pain Relief,5,64.25,3.21,33.65,C01171,Khobar,E033,Mobile,Completed,0,61.04
ORD003777,2024-05-19 01:12:33,P0240,Pampers Baby Dry Box - Store Brand,Baby Care,1,86.77,4.34,37.42,C00667,Jeddah,E051,Retail,Completed,0,82.43
ORD003778,2025-05-06 20:24:06,P0079,Femibion Prenatal Pack,Vitamins,2,303.62,30.36,118.04,C00436,Medina,E051,Retail,Completed,1,273.26
ORD003779,2024-06-11 19:18:30,P0308,Omega-3 Fish Oil Pack - Store Brand - Store Brand - Store Brand,Vitamins,1,44.01,4.4,18.55,C00134,Mecca,E072,Web,Completed,0,39.61
ORD003780,2024-08-31 12:32:33,P0105,Pampers Baby Dry Pack - Store Brand,Baby Care,1,75.01,0.0,42.36,C00517,Khobar,E070,Web,Completed,0,75.01
ORD003781,2024-04-16 21:08:20,P0339,Imodium 2mg Box - Store Brand - Store Brand,Gastrointestinal,3,55.83,2.79,19.08,C01186,Jeddah,E074,Retail,Completed,0,53.04
ORD003782,2025-04-24 02:07:48,P0244,Multivitamin Gummies Kids Bottle - Store Brand,Vitamins,2,101.38,5.07,36.16,C00115,Khobar,E103,Web,Completed,0,96.31
ORD003783,2024-05-26 14:39:57,P0206,Femibion Prenatal Bottle - Store Brand,Vitamins,1,116.71,17.51,44.02,C00246,Khobar,E030,Mobile,Cancelled,0,99.2
ORD003784,2025-05-20 02:28:12,P0066,Gaviscon 200ml Box,Gastrointestinal,1,53.76,2.69,17.11,C00793,Dammam,E001,Web,Completed,1,51.07
ORD003785,2024-04-09 10:47:11,P0111,Pampers Baby Dry Bottle - Store Brand,Baby Care,2,234.46,11.72,80.44,C00781,Mecca,E070,Web,Completed,0,222.74
ORD003786,2025-02-25 06:47:17,P0384,Band-Aid Assorted Box - Store Brand - Store Brand,First Aid,3,21.0,1.05,9.12,C00690,Jeddah,E063,Mobile,Completed,0,19.95
ORD003787,2025-07-24 16:57:26,P0335,Neutrogena Hydro Boost Bottle - Store Brand,Skincare,1,92.63,0.0,31.49,C00871,Dammam,E021,Mobile,Completed,0,92.63
ORD003788,2024-12-05 20:29:31,P0289,Gaviscon 200ml Pack - Store Brand,Gastrointestinal,1,42.15,0.0,12.09,C00440,Riyadh,E003,Retail,Completed,0,42.15
ORD003789,2025-04-25 15:14:56,P0022,Otrivin Nasal Spray Pack,Cold & Flu,1,30.0,3.0,11.92,C01076,Riyadh,E089,Mobile,Completed,0,27.0
ORD003790,2024-07-01 00:39:05,P0229,Imodium 2mg Box - Store Brand - Store Brand - Store Brand,Gastrointestinal,2,22.68,1.13,11.46,C00131,Medina,E027,Mobile,Completed,1,21.55
ORD003791,2024-03-31 07:22:09,P0130,Symbicort Inhaler Bottle - Store Brand - Store Brand,Respiratory,5,946.45,47.32,514.1,C00492,Jeddah,E017,Web,Completed,0,899.13
ORD003792,2024-03-25 03:49:37,P0053,Clobetasol Cream 0.05% 30g Bottle,Dermatology,3,339.33,16.97,132.96,C00407,Riyadh,E086,Web,Completed,0,322.36
ORD003793,2024-08-23 08:45:15,P0182,Nivea Body Lotion 400ml Bottle - Store Brand - Store Brand,Personal Care,5,80.1,8.01,39.2,C00275,Medina,E104,Web,Completed,1,72.09
ORD003794,2025-06-11 03:07:03,P0310,Aspirin 100mg Pack - Store Brand,Pain Relief,1,5.69,0.0,1.8,C00733,Dammam,E111,Mobile,Completed,1,5.69
ORD003795,2024-09-10 17:06:11,P0020,NeoCitran Hot Drink Bottle,Cold & Flu,1,20.19,3.03,10.78,C00468,Medina,E079,Web,Completed,0,17.16
ORD003796,2024-03-30 03:40:32,P0209,Omega-3 Fish Oil Pack - Store Brand - Store Brand,Vitamins,1,49.4,0.0,25.24,C01100,Riyadh,E033,Web,Completed,0,49.4
ORD003797,2024-04-06 14:49:18,P0068,Imodium 2mg Bottle,Gastrointestinal,1,30.04,4.51,11.79,C01148,Dammam,E051,Web,Completed,0,25.53
ORD003798,2025-09-06 15:00:23,P0251,Johnson's Baby Oil 200ml Bottle - Store Brand - Store Brand - Store Brand - Store Brand,Baby Care,2,29.36,2.94,5.54,C00286,Mecca,E101,Mobile,Completed,0,26.42
ORD003799,2024-12-03 15:56:25,P0054,Clobetasol Cream 0.05% 30g Box,Dermatology,3,335.91,0.0,136.32,C00959,Mecca,E063,Web,Completed,1,335.91
ORD003800,2025-09-12 11:15:18,P0070,Johnson's Baby Oil 200ml Pack,Baby Care,1,39.18,0.0,15.6,C00434,Medina,E076,Web,Completed,0,39.18
ORD003801,2024-03-27 16:25:23,P0365,Otrivin Nasal Spray Box - Store Brand,Cold & Flu,1,18.99,0.0,7.08,C00605,Khobar,E084,Mobile,Completed,1,18.99
ORD003802,2024-06-07 15:26:17,P0185,Femibion Prenatal Pack - Store Brand,Vitamins,3,321.12,16.06,145.5,C00979,Khobar,E016,Web,Completed,0,305.06
ORD003803,2025-01-06 06:44:19,P0365,Otrivin Nasal Spray Box - Store Brand,Cold & Flu,1,18.99,0.95,7.08,C00094,Medina,E090,Web,Completed,0,18.04
ORD003804,2024-11-29 22:04:38,P0017,Vicks VapoRub 50g Bottle,Cold & Flu,2,30.5,1.52,11.44,C00206,Medina,E059,Mobile,Completed,0,28.98
ORD003805,2024-12-19 16:45:55,P0152,NeoCitran Hot Drink Pack - Store Brand - Store Brand,Cold & Flu,5,52.2,0.0,32.9,C00152,Jeddah,E090,Retail,Completed,1,52.2
ORD003806,2024-08-05 09:29:39,P0251,Johnson's Baby Oil 200ml Bottle - Store Brand - Store Brand - Store Brand - Store Brand,Baby Care,5,73.4,3.67,13.85,C00079,Riyadh,E077,Web,Completed,0,69.73
ORD003807,2024-06-20 22:07:49,P0056,Mometasone Furoate 0.1% 15g Bottle,Dermatology,4,419.16,20.96,174.6,C00270,Dammam,E105,Web,Completed,1,398.2
ORD003808,2024-08-11 00:05:16,P0066,Gaviscon 200ml Box,Gastrointestinal,2,107.52,5.38,34.22,C01159,Jeddah,E052,Web,Completed,1,102.14
ORD003809,2024-10-23 14:58:43,P0313,Clobetasol Cream 0.05% 30g Pack - Store Brand - Store Brand,Dermatology,2,129.74,0.0,32.12,C00592,Medina,E031,Web,Completed,0,129.74
ORD003810,2025-05-11 11:08:40,P0173,Cetaphil Gentle Cleanser Box - Store Brand,Skincare,4,245.28,0.0,91.0,C00017,Medina,E091,Mobile,Completed,1,245.28
ORD003811,2024-05-14 07:48:17,P0028,Redoxon Vitamin C 1000mg Pack,Vitamins,3,90.57,9.06,41.46,C00441,Mecca,E106,Retail,Completed,0,81.51
ORD003812,2025-01-02 18:49:16,P0048,Savlon Antiseptic 100ml Box,First Aid,5,91.7,9.17,32.55,C00588,Jeddah,E089,Mobile,Completed,0,82.53
ORD003813,2025-06-29 02:17:20,P0310,Aspirin 100mg Pack - Store Brand,Pain Relief,4,22.76,0.0,7.2,C00685,Mecca,E042,Mobile,Completed,1,22.76
ORD003814,2025-03-02 00:31:17,P0364,Duphaston 10mg Pack - Store Brand - Store Brand - Store Brand - Store Brand,Women's Health,1,16.72,2.51,8.55,C00588,Jeddah,E077,Mobile,Completed,0,14.21
ORD003815,2025-09-02 14:54:49,P0027,Centrum Multivitamins Box,Vitamins,1,109.63,16.44,45.57,C00887,Mecca,E076,Mobile,Completed,0,93.19
ORD003816,2024-12-05 08:12:50,P0262,Otrivin Nasal Spray Box - Store Brand - Store Brand - Store Brand,Cold & Flu,2,20.12,1.01,7.82,C00308,Riyadh,E057,Retail,Completed,0,19.11
ORD003817,2024-05-30 03:16:17,P0065,Gaviscon 200ml Bottle,Gastrointestinal,5,252.8,0.0,87.45,C00031,Medina,E071,Mobile,Completed,0,252.8
ORD003818,2025-05-09 02:28:39,P0075,Pampers Baby Dry Box,Baby Care,2,251.5,0.0,97.3,C00351,Mecca,E103,Mobile,Completed,0,251.5
ORD003819,2024-08-10 23:17:18,P0311,Pampers Baby Dry Box - Store Brand,Baby Care,1,77.12,3.86,29.88,C00396,Jeddah,E026,Web,Completed,1,73.26
ORD003820,2024-05-09 04:24:59,P0268,Duphaston 10mg Pack - Store Brand - Store Brand - Store Brand,Women's Health,1,25.38,1.27,11.56,C00519,Dammam,E035,Web,Completed,0,24.11
ORD003821,2024-07-01 20:50:50,P0390,Femibion Prenatal Pack - Store Brand,Vitamins,3,337.65,16.88,122.37,C00795,Jeddah,E001,Mobile,Returned,0,320.77
ORD003822,2025-01-20 05:07:39,P0293,Band-Aid Assorted Pack - Store Brand - Store Brand,First Aid,4,26.8,0.0,11.68,C00587,Medina,E096,Web,Completed,1,26.8
ORD003823,2025-06-14 09:12:00,P0301,Gaviscon 200ml Bottle - Store Brand - Store Brand,Gastrointestinal,4,118.36,5.92,48.76,C00421,Riyadh,E060,Web,Completed,0,112.44
ORD003824,2025-01-22 22:57:27,P0093,Multivitamin Gummies Kids Box,Vitamins,5,270.75,13.54,106.85,C00009,Medina,E028,Mobile,Completed,0,257.21
ORD003825,2024-07-14 00:11:41,P0081,Femibion Prenatal Box,Vitamins,2,318.6,47.79,151.74,C00313,Dammam,E066,Mobile,Completed,0,270.81
ORD003826,2024-09-21 09:12:28,P0257,Refresh Tears Eye Drops Pack - Store Brand,Eye Care,5,174.7,26.2,63.1,C00072,Medina,E051,Mobile,Completed,0,148.5
ORD003827,2025-08-05 23:50:57,P0114,Otrivin Nasal Spray Box - Store Brand - Store Brand,Cold & Flu,1,12.95,0.65,6.44,C00922,Dammam,E064,Mobile,Completed,0,12.3
ORD003828,2024-10-23 21:10:47,P0037,Neutrogena Hydro Boost Pack,Skincare,1,125.66,12.57,44.5,C00888,Jeddah,E112,Mobile,Completed,0,113.09
ORD003829,2025-03-08 23:15:53,P0306,Mometasone Furoate 0.1% 15g Pack - Store Brand - Store Brand - Store Brand,Dermatology,2,76.18,3.81,45.16,C00017,Medina,E096,Web,Completed,0,72.37
ORD003830,2024-10-30 04:28:37,P0012,Voltaren Emulgel 50g Box,Pain Relief,3,147.06,14.71,61.59,C00410,Jeddah,E099,Web,Completed,0,132.35
ORD003831,2025-09-09 10:01:21,P0398,Johnson's Baby Oil 200ml Box - Store Brand,Baby Care,1,30.69,3.07,9.35,C01124,Khobar,E032,Web,Completed,0,27.62
ORD003832,2025-07-10 17:17:14,P0080,Femibion Prenatal Bottle,Vitamins,2,369.2,0.0,126.52,C00101,Medina,E060,Mobile,Completed,1,369.2
ORD003833,2024-12-30 14:21:21,P0348,Clobetasol Cream 0.05% 30g Pack - Store Brand - Store Brand,Dermatology,2,103.9,10.39,46.9,C00394,Dammam,E058,Mobile,Completed,1,93.51
ORD003834,2024-12-04 04:23:23,P0239,Omega-3 Fish Oil Pack - Store Brand - Store Brand - Store Brand,Vitamins,2,63.6,0.0,30.78,C00874,Dammam,E049,Web,Completed,0,63.6
ORD003835,2024-11-16 02:22:12,P0015,Brufen 400mg Box,Pain Relief,3,63.81,9.57,25.08,C00852,Medina,E108,Retail,Completed,1,54.24
ORD003836,2025-08-11 12:17:36,P0184,Mometasone Furoate 0.1% 15g Box - Store Brand,Dermatology,3,251.52,37.73,97.35,C01021,Jeddah,E060,Retail,Completed,0,213.79
ORD003837,2024-11-23 15:33:44,P0027,Centrum Multivitamins Box,Vitamins,3,328.89,0.0,136.71,C00458,Riyadh,E063,Mobile,Completed,0,328.89
ORD003838,2024-07-16 09:34:50,P0029,Redoxon Vitamin C 1000mg Bottle,Vitamins,1,34.61,3.46,11.43,C00613,Jeddah,E037,Web,Completed,1,31.15
ORD003839,2025-06-17 17:51:24,P0371,Clobetasol Cream 0.05% 30g Box - Store Brand - Store Brand - Store Brand,Dermatology,2,73.2,7.32,39.2,C00068,Riyadh,E017,Retail,Completed,0,65.88
ORD003840,2024-08-15 10:31:54,P0103,Otrivin Nasal Spray Box - Store Brand,Cold & Flu,1,17.43,0.87,7.62,C00302,Khobar,E120,Mobile,Completed,0,16.56
ORD003841,2024-08-21 20:53:21,P0156,Clobetasol Cream 0.05% 30g Pack - Store Brand - Store Brand,Dermatology,1,66.9,3.35,16.49,C00477,Riyadh,E041,Mobile,Completed,0,63.55
ORD003842,2024-10-30 03:15:04,P0031,Omega-3 Fish Oil Pack,Vitamins,2,188.58,9.43,84.54,C01165,Mecca,E034,Mobile,Completed,0,179.15
ORD003843,2024-06-30 08:34:30,P0275,Clobetasol Cream 0.05% 30g Pack - Store Brand - Store Brand - Store Brand,Dermatology,1,55.03,8.25,12.21,C00791,Mecca,E063,Web,Completed,0,46.78
ORD003844,2024-04-17 21:29:35,P0170,Pampers Baby Dry Pack - Store Brand - Store Brand,Baby Care,2,110.96,11.1,42.96,C00029,Jeddah,E041,Web,Completed,0,99.86
ORD003845,2024-07-16 13:00:58,P0182,Nivea Body Lotion 400ml Bottle - Store Brand - Store Brand,Personal Care,1,16.02,2.4,7.84,C00658,Riyadh,E015,Web,Completed,1,13.62
ORD003846,2024-11-18 02:33:34,P0258,Omega-3 Fish Oil Box - Store Brand,Vitamins,1,66.98,6.7,26.12,C00236,Khobar,E073,Web,Completed,1,60.28
ORD003847,2024-06-17 07:21:57,P0247,Otrivin Nasal Spray Box - Store Brand - Store Brand,Cold & Flu,3,43.95,0.0,15.27,C00119,Riyadh,E071,Mobile,Returned,0,43.95
ORD003848,2025-07-29 02:02:19,P0181,Centrum Multivitamins Pack - Store Brand,Vitamins,1,80.12,0.0,28.79,C00951,Khobar,E108,Web,Completed,1,80.12
ORD003849,2024-06-11 06:09:59,P0025,Centrum Multivitamins Pack,Vitamins,4,446.56,22.33,146.68,C00115,Khobar,E112,Web,Returned,0,424.23
ORD003850,2025-08-14 15:59:12,P0161,Gaviscon 200ml Bottle - Store Brand,Gastrointestinal,3,114.09,0.0,43.86,C01085,Mecca,E047,Web,Completed,0,114.09
ORD003851,2024-10-01 20:29:56,P0192,Clobetasol Cream 0.05% 30g Pack - Store Brand,Dermatology,3,213.93,21.39,96.75,C00562,Mecca,E048,Web,Completed,0,192.54
ORD003852,2025-06-16 23:01:08,P0216,Aspirin 100mg Pack - Store Brand - Store Brand,Pain Relief,1,4.23,0.21,1.75,C00107,Riyadh,E053,Web,Completed,0,4.02
ORD003853,2025-04-15 02:44:55,P0361,Omega-3 Fish Oil Pack - Store Brand - Store Brand - Store Brand,Vitamins,2,68.86,6.89,38.24,C00748,Dammam,E119,Mobile,Completed,0,61.97
ORD003854,2025-04-06 03:11:03,P0177,Mometasone Furoate 0.1% 15g Box - Store Brand,Dermatology,2,187.84,9.39,62.72,C01154,Riyadh,E074,Mobile,Completed,1,178.45
ORD003855,2024-04-19 10:30:41,P0349,Redoxon Vitamin C 1000mg Bottle - Store Brand - Store Brand,Vitamins,1,13.39,0.67,7.36,C00603,Khobar,E089,Mobile,Completed,1,12.72
ORD003856,2025-08-18 03:23:31,P0293,Band-Aid Assorted Pack - Store Brand - Store Brand,First Aid,5,33.5,1.68,14.6,C00722,Dammam,E055,Retail,Completed,0,31.82
ORD003857,2025-09-06 12:43:34,P0147,Clobetasol Cream 0.05% 30g Pack - Store Brand,Dermatology,1,84.16,0.0,25.23,C00268,Riyadh,E073,Web,Returned,0,84.16
ORD003858,2025-01-27 23:27:05,P0208,Voltaren Emulgel 50g Box - Store Brand,Pain Relief,1,33.07,0.0,13.81,C00888,Jeddah,E056,Mobile,Completed,0,33.07
ORD003859,2024-05-14 02:44:10,P0297,Centrum Multivitamins Bottle - Store Brand - Store Brand - Store Brand,Vitamins,5,202.5,0.0,97.7,C01027,Mecca,E023,Web,Completed,0,202.5
ORD003860,2024-10-05 08:44:23,P0294,Colgate Total Bottle - Store Brand,Oral Care,1,14.82,0.0,4.7,C01128,Khobar,E059,Web,Completed,0,14.82
ORD003861,2024-06-19 21:46:47,P0143,Mometasone Furoate 0.1% 15g Pack - Store Brand - Store Brand,Dermatology,1,53.27,0.0,27.83,C01184,Khobar,E071,Mobile,Completed,0,53.27
ORD003862,2025-06-22 19:27:38,P0041,Nivea Body Lotion 400ml Bottle,Personal Care,3,98.61,0.0,46.83,C00076,Mecca,E095,Mobile,Completed,1,98.61
ORD003863,2025-08-08 21:43:19,P0375,Otrivin Nasal Spray Pack - Store Brand,Cold & Flu,2,36.08,0.0,17.86,C01033,Medina,E001,Retail,Completed,1,36.08
ORD003864,2024-05-28 00:30:09,P0209,Omega-3 Fish Oil Pack - Store Brand - Store Brand,Vitamins,1,49.4,7.41,25.24,C01080,Mecca,E006,Retail,Completed,0,41.99
ORD003865,2024-07-13 20:09:53,P0358,Pampers Baby Dry Pack - Store Brand - Store Brand - Store Brand,Baby Care,2,67.62,10.14,26.56,C00727,Medina,E057,Mobile,Completed,0,57.48
ORD003866,2024-11-23 01:38:53,P0123,Imodium 2mg Box - Store Brand - Store Brand,Gastrointestinal,1,16.26,1.63,6.66,C00210,Mecca,E063,Mobile,Completed,1,14.63
ORD003867,2024-07-30 07:18:42,P0187,Omega-3 Fish Oil Pack - Store Brand,Vitamins,4,270.68,13.53,138.08,C00307,Mecca,E008,Web,Completed,0,257.15
ORD003868,2024-05-23 10:42:58,P0255,Clobetasol Cream 0.05% 30g Pack - Store Brand - Store Brand - Store Brand,Dermatology,5,277.4,13.87,67.65,C00023,Jeddah,E054,Retail,Completed,0,263.53
ORD003869,2024-10-09 21:30:33,P0091,Multivitamin Gummies Kids Pack,Vitamins,2,122.0,18.3,49.14,C00779,Medina,E047,Mobile,Completed,0,103.7
ORD003870,2025-04-08 09:26:55,P0159,Panadol Extra Box - Store Brand,Pain Relief,2,19.06,2.86,5.42,C00480,Khobar,E105,Mobile,Completed,1,16.2
ORD003871,2024-10-15 00:13:41,P0195,Johnson's Baby Oil 200ml Bottle - Store Brand - Store Brand,Baby Care,2,44.0,4.4,14.72,C00198,Mecca,E118,Mobile,Completed,0,39.6
ORD003872,2025-03-16 01:30:22,P0191,Brufen 400mg Bottle - Store Brand,Pain Relief,1,18.55,2.78,5.14,C00638,Mecca,E089,Web,Completed,0,15.77
ORD003873,2024-04-02 21:58:45,P0162,Johnson's Baby Oil 200ml Bottle - Store Brand,Baby Care,2,51.98,5.2,21.7,C00147,Mecca,E054,Web,Completed,0,46.78
ORD003874,2025-02-23 01:09:11,P0219,Brufen 400mg Pack - Store Brand,Pain Relief,1,17.43,2.61,7.31,C00366,Jeddah,E118,Web,Completed,1,14.82
ORD003875,2025-05-02 18:28:18,P0161,Gaviscon 200ml Bottle - Store Brand,Gastrointestinal,1,38.03,1.9,14.62,C00975,Mecca,E066,Mobile,Completed,1,36.13
ORD003876,2025-09-07 14:10:50,P0041,Nivea Body Lotion 400ml Bottle,Personal Care,3,98.61,14.79,46.83,C00626,Medina,E033,Web,Completed,0,83.82
ORD003877,2024-08-22 02:37:30,P0241,Imodium 2mg Box - Store Brand - Store Brand,Gastrointestinal,4,76.28,0.0,23.24,C01191,Riyadh,E083,Mobile,Completed,0,76.28
ORD003878,2025-01-17 17:02:25,P0210,Voltaren Emulgel 50g Bottle - Store Brand - Store Brand,Pain Relief,3,90.36,13.55,39.45,C00981,Khobar,E070,Mobile,Completed,0,76.81
ORD003879,2025-09-09 21:17:24,P0307,Duphaston 10mg Pack - Store Brand - Store Brand - Store Brand,Women's Health,4,95.8,14.37,41.12,C00088,Dammam,E049,Web,Completed,0,81.43
ORD003880,2025-07-29 22:43:35,P0319,Redoxon Vitamin C 1000mg Pack - Store Brand - Store Brand - Store Brand,Vitamins,1,11.47,1.72,3.68,C00603,Khobar,E075,Mobile,Completed,0,9.75
ORD003881,2024-10-12 20:45:46,P0068,Imodium 2mg Bottle,Gastrointestinal,1,30.04,3.0,11.79,C00749,Medina,E031,Retail,Completed,0,27.04
ORD003882,2024-05-26 14:19:02,P0331,Omega-3 Fish Oil Pack - Store Brand - Store Brand - Store Brand - Store Brand,Vitamins,4,98.88,0.0,39.32,C00074,Mecca,E011,Mobile,Completed,0,98.88
ORD003883,2025-05-28 22:54:18,P0025,Centrum Multivitamins Pack,Vitamins,1,111.64,16.75,36.67,C00489,Medina,E001,Retail,Completed,0,94.89
ORD003884,2025-09-11 13:39:27,P0002,Panadol Extra Bottle,Pain Relief,2,24.44,3.67,8.18,C01032,Dammam,E063,Retail,Completed,0,20.77
ORD003885,2024-04-22 13:53:45,P0026,Centrum Multivitamins Bottle,Vitamins,2,227.8,0.0,77.26,C00962,Mecca,E093,Retail,Completed,0,227.8
ORD003886,2024-05-07 04:27:26,P0124,Voltaren Emulgel 50g Bottle - Store Brand - Store Brand,Pain Relief,1,22.1,1.11,12.01,C01072,Riyadh,E055,Retail,Completed,1,20.99
ORD003887,2025-06-29 18:02:49,P0392,Gaviscon 200ml Bottle - Store Brand - Store Brand,Gastrointestinal,1,25.16,1.26,9.58,C00274,Khobar,E083,Retail,Completed,0,23.9
ORD003888,2024-12-02 08:43:14,P0363,Earol Ear Drops Pack - Store Brand,Ear Care,5,73.4,0.0,36.15,C00653,Jeddah,E005,Retail,Completed,0,73.4
ORD003889,2024-05-01 18:27:41,P0026,Centrum Multivitamins Bottle,Vitamins,3,341.7,0.0,115.89,C00507,Khobar,E105,Web,Completed,0,341.7
ORD003890,2024-04-13 18:38:31,P0059,Refresh Tears Eye Drops Bottle,Eye Care,3,135.06,0.0,45.78,C00398,Medina,E048,Web,Completed,0,135.06
ORD003891,2025-06-05 02:03:44,P0031,Omega-3 Fish Oil Pack,Vitamins,2,188.58,9.43,84.54,C00911,Riyadh,E091,Mobile,Completed,0,179.15
ORD003892,2024-04-01 06:06:31,P0130,Symbicort Inhaler Bottle - Store Brand - Store Brand,Respiratory,5,946.45,47.32,514.1,C00774,Medina,E080,Retail,Completed,1,899.13
ORD003893,2024-10-17 22:20:17,P0289,Gaviscon 200ml Pack - Store Brand,Gastrointestinal,2,84.3,8.43,24.18,C00032,Jeddah,E082,Web,Completed,0,75.87
ORD003894,2025-06-28 02:54:30,P0163,Colgate Total Box - Store Brand,Oral Care,4,54.96,8.24,20.04,C01139,Dammam,E096,Web,Completed,0,46.72
ORD003895,2024-12-17 03:22:58,P0341,Clobetasol Cream 0.05% 30g Pack - Store Brand - Store Brand - Store Brand - Store Brand - Store Brand,Dermatology,1,31.35,3.14,6.06,C00006,Medina,E086,Mobile,Completed,0,28.21
ORD003896,2025-01-31 02:59:41,P0400,Neutrogena Hydro Boost Box - Store Brand,Skincare,1,104.48,10.45,35.1,C00304,Dammam,E100,Mobile,Completed,0,94.03
ORD003897,2025-09-02 02:08:38,P0031,Omega-3 Fish Oil Pack,Vitamins,4,377.16,0.0,169.08,C00543,Dammam,E116,Retail,Completed,1,377.16
ORD003898,2025-07-11 19:07:24,P0299,Mometasone Furoate 0.1% 15g Pack - Store Brand - Store Brand - Store Brand - Store Brand,Dermatology,3,61.08,9.16,61.44,C00072,Medina,E102,Web,Completed,1,51.92
ORD003899,2025-01-11 14:17:40,P0364,Duphaston 10mg Pack - Store Brand - Store Brand - Store Brand - Store Brand,Women's Health,2,33.44,5.02,17.1,C01180,Mecca,E099,Retail,Completed,0,28.42
ORD003900,2024-12-14 18:38:46,P0264,Redoxon Vitamin C 1000mg Pack - Store Brand,Vitamins,2,36.4,0.0,23.04,C00125,Jeddah,E104,Mobile,Completed,0,36.4
ORD003901,2024-12-30 01:13:45,P0235,Pampers Baby Dry Box - Store Brand - Store Brand,Baby Care,2,126.56,18.98,50.58,C00569,Jeddah,E067,Mobile,Completed,0,107.58
ORD003902,2025-04-27 09:00:53,P0147,Clobetasol Cream 0.05% 30g Pack - Store Brand,Dermatology,1,84.16,8.42,25.23,C01044,Khobar,E065,Web,Completed,0,75.74
ORD003903,2025-08-28 08:32:40,P0022,Otrivin Nasal Spray Pack,Cold & Flu,1,30.0,3.0,11.92,C00691,Mecca,E034,Web,Completed,1,27.0
ORD003904,2024-09-01 09:08:58,P0027,Centrum Multivitamins Box,Vitamins,1,109.63,10.96,45.57,C00641,Mecca,E098,Web,Completed,1,98.67
ORD003905,2025-06-25 03:18:53,P0337,NeoCitran Hot Drink Pack - Store Brand - Store Brand - Store Brand,Cold & Flu,1,8.75,0.0,4.55,C01059,Mecca,E012,Mobile,Completed,0,8.75
ORD003906,2025-09-12 05:21:35,P0145,Refresh Tears Eye Drops Box - Store Brand - Store Brand,Eye Care,4,76.88,7.69,46.96,C01162,Dammam,E053,Mobile,Completed,0,69.19
ORD003907,2025-06-29 05:57:43,P0309,Panadol Extra Pack - Store Brand - Store Brand,Pain Relief,1,6.97,0.35,3.34,C00044,Khobar,E010,Web,Completed,1,6.62
ORD003908,2024-06-22 10:54:33,P0039,Neutrogena Hydro Boost Box,Skincare,2,253.9,12.7,86.42,C00787,Dammam,E007,Mobile,Completed,0,241.2
ORD003909,2025-08-10 11:40:49,P0304,Imodium 2mg Bottle - Store Brand,Gastrointestinal,1,25.39,0.0,8.99,C00339,Mecca,E113,Mobile,Completed,0,25.39
ORD003910,2025-08-14 23:55:25,P0359,Multivitamin Gummies Kids Bottle - Store Brand,Vitamins,4,196.56,19.66,63.76,C01045,Medina,E020,Web,Returned,1,176.9
ORD003911,2025-08-19 16:49:48,P0203,Ventolin Inhaler Bottle - Store Brand,Respiratory,5,879.1,0.0,360.95,C00089,Dammam,E043,Retail,Completed,0,879.1
ORD003912,2025-06-12 03:42:13,P0395,Omega-3 Fish Oil Pack - Store Brand - Store Brand - Store Brand - Store Brand,Vitamins,2,48.48,7.27,21.88,C01166,Jeddah,E118,Mobile,Completed,0,41.21
ORD003913,2024-05-11 20:43:33,P0307,Duphaston 10mg Pack - Store Brand - Store Brand - Store Brand,Women's Health,4,95.8,9.58,41.12,C00064,Khobar,E061,Retail,Completed,0,86.22
ORD003914,2025-03-05 01:15:21,P0056,Mometasone Furoate 0.1% 15g Bottle,Dermatology,1,104.79,0.0,43.65,C00070,Dammam,E038,Web,Completed,1,104.79
ORD003915,2024-06-11 12:14:16,P0022,Otrivin Nasal Spray Pack,Cold & Flu,2,60.0,6.0,23.84,C00353,Khobar,E088,Web,Completed,0,54.0
ORD003916,2024-05-24 13:49:00,P0067,Imodium 2mg Pack,Gastrointestinal,1,31.47,0.0,10.01,C01025,Medina,E059,Web,Completed,0,31.47
ORD003917,2024-10-19 18:57:17,P0193,Mometasone Furoate 0.1% 15g Pack - Store Brand - Store Brand,Dermatology,1,41.91,2.1,29.78,C00219,Mecca,E080,Mobile,Completed,1,39.81
ORD003918,2025-02-18 07:05:23,P0058,Refresh Tears Eye Drops Pack,Eye Care,2,85.02,12.75,35.54,C00588,Jeddah,E076,Retail,Completed,1,72.27
ORD003919,2024-12-04 18:52:41,P0369,Vicks VapoRub 50g Pack - Store Brand,Cold & Flu,1,12.65,1.27,4.62,C00706,Medina,E066,Web,Completed,0,11.38
ORD003920,2024-05-15 18:33:25,P0054,Clobetasol Cream 0.05% 30g Box,Dermatology,1,111.97,0.0,45.44,C01047,Jeddah,E015,Retail,Returned,0,111.97
ORD003921,2025-06-17 10:26:00,P0094,Aspirin 100mg Pack - Store Brand,Pain Relief,5,27.2,1.36,10.95,C00900,Medina,E054,Retail,Completed,0,25.84
ORD003922,2025-07-03 14:35:20,P0110,Imodium 2mg Box - Store Brand,Gastrointestinal,2,48.6,7.29,18.64,C00692,Riyadh,E043,Mobile,Completed,0,41.31
ORD003923,2024-10-04 01:21:24,P0234,Earol Ear Drops Pack - Store Brand - Store Brand,Ear Care,1,7.54,0.38,5.43,C00653,Jeddah,E067,Mobile,Completed,0,7.16
ORD003924,2025-05-07 01:37:03,P0133,Otrivin Nasal Spray Box - Store Brand - Store Brand,Cold & Flu,1,10.63,1.06,6.27,C00313,Dammam,E062,Mobile,Completed,0,9.57
ORD003925,2025-02-02 04:34:52,P0299,Mometasone Furoate 0.1% 15g Pack - Store Brand - Store Brand - Store Brand - Store Brand,Dermatology,1,20.36,0.0,20.48,C00303,Medina,E047,Web,Completed,0,20.36
ORD003926,2024-07-03 17:44:21,P0085,Symbicort Inhaler Pack,Respiratory,3,1169.19,58.46,543.42,C00096,Riyadh,E112,Retail,Returned,1,1110.73
ORD003927,2024-04-13 21:21:37,P0196,Brufen 400mg Box - Store Brand,Pain Relief,3,38.37,3.84,16.77,C00055,Dammam,E079,Web,Completed,0,34.53
ORD003928,2024-09-19 05:15:51,P0283,Mometasone Furoate 0.1% 15g Pack - Store Brand,Dermatology,1,65.04,0.0,30.37,C01119,Jeddah,E017,Mobile,Completed,0,65.04
ORD003929,2024-09-26 08:53:33,P0238,Duphaston 10mg Pack - Store Brand,Women's Health,1,53.14,2.66,17.1,C00509,Riyadh,E108,Web,Completed,1,50.48
ORD003930,2024-05-14 07:46:58,P0070,Johnson's Baby Oil 200ml Pack,Baby Care,2,78.36,3.92,31.2,C00301,Dammam,E037,Web,Completed,0,74.44
ORD003931,2025-02-10 22:13:35,P0025,Centrum Multivitamins Pack,Vitamins,1,111.64,0.0,36.67,C00085,Jeddah,E103,Mobile,Completed,0,111.64
ORD003932,2024-09-01 20:28:06,P0048,Savlon Antiseptic 100ml Box,First Aid,2,36.68,0.0,13.02,C00844,Mecca,E063,Mobile,Completed,1,36.68
ORD003933,2025-05-16 01:51:55,P0327,Neutrogena Hydro Boost Box - Store Brand,Skincare,3,246.3,0.0,83.4,C00607,Khobar,E116,Web,Completed,0,246.3
ORD003934,2024-12-17 06:31:06,P0088,Colgate Total Pack,Oral Care,2,37.98,3.8,18.68,C01193,Jeddah,E066,Web,Completed,1,34.18
ORD003935,2024-12-01 06:15:25,P0334,Earol Ear Drops Pack - Store Brand - Store Brand - Store Brand - Store Brand,Ear Care,3,13.5,1.35,9.63,C01046,Medina,E011,Mobile,Completed,0,12.15
ORD003936,2024-12-10 22:59:45,P0007,Aspirin 100mg Pack,Pain Relief,1,7.79,0.39,2.97,C00430,Riyadh,E118,Mobile,Completed,1,7.4
ORD003937,2025-02-22 03:03:44,P0023,Otrivin Nasal Spray Bottle,Cold & Flu,2,46.5,4.65,21.94,C00444,Medina,E107,Retail,Completed,0,41.85
ORD003938,2024-08-06 08:43:38,P0009,Aspirin 100mg Box,Pain Relief,2,14.7,0.74,5.9,C00308,Riyadh,E089,Mobile,Cancelled,1,13.96
ORD003939,2024-04-19 22:23:56,P0029,Redoxon Vitamin C 1000mg Bottle,Vitamins,1,34.61,0.0,11.43,C00252,Riyadh,E032,Web,Completed,0,34.61
ORD003940,2025-07-15 02:58:54,P0093,Multivitamin Gummies Kids Box,Vitamins,2,108.3,16.24,42.74,C00322,Medina,E012,Mobile,Completed,0,92.06
ORD003941,2024-09-01 18:37:39,P0345,Otrivin Nasal Spray Box - Store Brand - Store Brand - Store Brand,Cold & Flu,3,26.4,0.0,11.49,C00104,Jeddah,E027,Retail,Returned,1,26.4
ORD003942,2024-11-05 12:47:21,P0278,Pampers Baby Dry Pack - Store Brand - Store Brand - Store Brand,Baby Care,1,41.06,6.16,16.22,C00655,Riyadh,E119,Retail,Completed,1,34.9
ORD003943,2024-07-06 17:54:08,P0283,Mometasone Furoate 0.1% 15g Pack - Store Brand,Dermatology,2,130.08,13.01,60.74,C00959,Mecca,E024,Web,Completed,1,117.07
ORD003944,2024-04-14 12:58:13,P0077,Duphaston 10mg Bottle,Women's Health,3,234.87,11.74,104.34,C00719,Khobar,E001,Mobile,Completed,1,223.13
ORD003945,2025-06-01 17:45:24,P0114,Otrivin Nasal Spray Box - Store Brand - Store Brand,Cold & Flu,1,12.95,1.3,6.44,C00532,Jeddah,E057,Retail,Returned,0,11.65
ORD003946,2025-02-01 20:41:01,P0347,Refresh Tears Eye Drops Box - Store Brand - Store Brand - Store Brand,Eye Care,1,11.65,0.58,8.56,C00080,Medina,E106,Web,Completed,0,11.07
ORD003947,2025-07-30 10:29:38,P0039,Neutrogena Hydro Boost Box,Skincare,3,380.85,57.13,129.63,C00667,Jeddah,E032,Web,Completed,0,323.72
ORD003948,2025-08-10 03:05:58,P0164,Duphaston 10mg Box - Store Brand,Women's Health,1,63.2,9.48,26.75,C01166,Jeddah,E064,Mobile,Completed,0,53.72
ORD003949,2024-10-06 19:00:18,P0372,Aspirin 100mg Bottle - Store Brand - Store Brand - Store Brand,Pain Relief,1,3.07,0.31,1.31,C00647,Mecca,E068,Web,Completed,0,2.76
ORD003950,2024-05-09 06:25:29,P0129,Pampers Baby Dry Bottle - Store Brand,Baby Care,5,583.6,87.54,229.35,C00919,Mecca,E029,Mobile,Completed,0,496.06
ORD003951,2024-08-02 04:17:26,P0130,Symbicort Inhaler Bottle - Store Brand - Store Brand,Respiratory,2,378.58,56.79,205.64,C00217,Jeddah,E119,Retail,Completed,0,321.79
ORD003952,2024-10-06 16:50:48,P0091,Multivitamin Gummies Kids Pack,Vitamins,1,61.0,3.05,24.57,C00117,Dammam,E043,Web,Completed,1,57.95
ORD003953,2025-05-01 19:15:40,P0299,Mometasone Furoate 0.1% 15g Pack - Store Brand - Store Brand - Store Brand - Store Brand,Dermatology,2,40.72,2.04,40.96,C00423,Riyadh,E075,Mobile,Completed,1,38.68
ORD003954,2025-08-09 05:56:26,P0050,Band-Aid Assorted Bottle,First Aid,1,11.37,0.0,5.69,C00811,Khobar,E014,Web,Returned,0,11.37
ORD003955,2024-12-27 08:15:52,P0299,Mometasone Furoate 0.1% 15g Pack - Store Brand - Store Brand - Store Brand - Store Brand,Dermatology,3,61.08,9.16,61.44,C00413,Mecca,E082,Mobile,Completed,1,51.92
ORD003956,2024-09-19 19:49:28,P0399,Earol Ear Drops Pack - Store Brand - Store Brand - Store Brand - Store Brand - Store Brand,Ear Care,2,7.66,0.77,2.88,C00169,Khobar,E049,Mobile,Completed,0,6.89
ORD003957,2025-04-26 21:39:57,P0302,Voltaren Emulgel 50g Bottle - Store Brand - Store Brand,Pain Relief,3,71.46,7.15,35.13,C00366,Jeddah,E096,Mobile,Completed,0,64.31
ORD003958,2024-08-30 22:16:42,P0264,Redoxon Vitamin C 1000mg Pack - Store Brand,Vitamins,1,18.2,0.91,11.52,C01029,Mecca,E080,Mobile,Returned,0,17.29
ORD003959,2024-10-29 02:38:40,P0269,Aspirin 100mg Bottle - Store Brand - Store Brand - Store Brand,Pain Relief,2,5.88,0.59,1.76,C00507,Khobar,E046,Mobile,Completed,1,5.29
ORD003960,2024-04-14 11:59:08,P0177,Mometasone Furoate 0.1% 15g Box - Store Brand,Dermatology,1,93.92,14.09,31.36,C00071,Dammam,E115,Web,Completed,0,79.83
ORD003961,2024-11-20 21:59:48,P0375,Otrivin Nasal Spray Pack - Store Brand,Cold & Flu,2,36.08,3.61,17.86,C00366,Jeddah,E021,Web,Completed,1,32.47
ORD003962,2024-04-10 15:11:21,P0190,Band-Aid Assorted Box - Store Brand - Store Brand - Store Brand,First Aid,2,10.68,1.07,4.74,C01053,Riyadh,E027,Web,Completed,0,9.61
ORD003963,2024-09-14 00:48:07,P0196,Brufen 400mg Box - Store Brand,Pain Relief,4,51.16,2.56,22.36,C00387,Riyadh,E074,Mobile,Completed,0,48.6
ORD003964,2025-04-18 20:49:35,P0114,Otrivin Nasal Spray Box - Store Brand - Store Brand,Cold & Flu,2,25.9,3.88,12.88,C01119,Jeddah,E019,Mobile,Completed,1,22.02
ORD003965,2025-05-23 22:50:31,P0322,Pampers Baby Dry Bottle - Store Brand - Store Brand,Baby Care,2,151.92,15.19,74.98,C00385,Khobar,E115,Retail,Completed,0,136.73
ORD003966,2024-04-21 15:10:42,P0361,Omega-3 Fish Oil Pack - Store Brand - Store Brand - Store Brand,Vitamins,2,68.86,0.0,38.24,C00342,Riyadh,E015,Web,Completed,1,68.86
ORD003967,2024-10-26 14:37:12,P0116,Otrivin Nasal Spray Bottle - Store Brand,Cold & Flu,4,77.88,3.89,28.16,C01068,Dammam,E042,Web,Completed,1,73.99
ORD003968,2025-04-08 08:11:30,P0193,Mometasone Furoate 0.1% 15g Pack - Store Brand - Store Brand,Dermatology,1,41.91,6.29,29.78,C00616,Khobar,E010,Retail,Returned,0,35.62
ORD003969,2025-07-08 08:02:25,P0186,Mometasone Furoate 0.1% 15g Pack - Store Brand - Store Brand,Dermatology,2,88.0,8.8,51.42,C00181,Khobar,E060,Mobile,Completed,0,79.2
ORD003970,2024-12-22 12:05:37,P0181,Centrum Multivitamins Pack - Store Brand,Vitamins,5,400.6,40.06,143.95,C01077,Riyadh,E073,Web,Completed,0,360.54
ORD003971,2024-04-11 17:04:29,P0128,Centrum Multivitamins Bottle - Store Brand - Store Brand,Vitamins,4,242.4,24.24,92.96,C00121,Jeddah,E115,Mobile,Completed,1,218.16
ORD003972,2024-07-05 01:15:31,P0047,Savlon Antiseptic 100ml Bottle,First Aid,2,36.44,0.0,16.56,C00772,Medina,E057,Web,Completed,0,36.44
ORD003973,2024-05-19 16:25:29,P0008,Aspirin 100mg Bottle,Pain Relief,2,16.38,1.64,6.4,C01008,Jeddah,E021,Mobile,Completed,0,14.74
ORD003974,2024-07-12 08:38:41,P0139,Duphaston 10mg Bottle - Store Brand,Women's Health,4,264.16,0.0,98.88,C00191,Medina,E059,Retail,Completed,0,264.16
ORD003975,2024-05-19 16:24:38,P0391,Johnson's Baby Oil 200ml Bottle - Store Brand - Store Brand,Baby Care,1,21.82,2.18,6.97,C00956,Khobar,E013,Retail,Completed,0,19.64
ORD003976,2024-06-02 20:09:28,P0348,Clobetasol Cream 0.05% 30g Pack - Store Brand - Store Brand,Dermatology,1,51.95,5.2,23.45,C01070,Dammam,E063,Web,Completed,0,46.75
ORD003977,2024-05-08 14:30:59,P0337,NeoCitran Hot Drink Pack - Store Brand - Store Brand - Store Brand,Cold & Flu,4,35.0,0.0,18.2,C00330,Jeddah,E102,Mobile,Completed,1,35.0
ORD003978,2025-07-19 20:05:08,P0103,Otrivin Nasal Spray Box - Store Brand,Cold & Flu,4,69.72,10.46,30.48,C00036,Mecca,E026,Web,Completed,0,59.26
ORD003979,2024-11-11 03:06:41,P0388,Band-Aid Assorted Box - Store Brand - Store Brand,First Aid,5,33.3,1.66,16.75,C00329,Mecca,E106,Mobile,Completed,0,31.64
ORD003980,2024-08-03 19:12:22,P0162,Johnson's Baby Oil 200ml Bottle - Store Brand,Baby Care,3,77.97,0.0,32.55,C00636,Dammam,E101,Web,Cancelled,0,77.97
ORD003981,2024-03-30 10:20:02,P0358,Pampers Baby Dry Pack - Store Brand - Store Brand - Store Brand,Baby Care,3,101.43,5.07,39.84,C00351,Mecca,E075,Web,Completed,0,96.36
ORD003982,2024-11-02 21:03:57,P0149,Band-Aid Assorted Box - Store Brand,First Aid,2,18.24,0.0,9.18,C00740,Dammam,E074,Web,Completed,0,18.24
ORD003983,2025-05-25 11:15:31,P0119,Centrum Multivitamins Bottle - Store Brand,Vitamins,4,386.96,38.7,116.96,C00478,Jeddah,E092,Mobile,Completed,1,348.26
ORD003984,2025-06-10 00:01:34,P0394,Femibion Prenatal Pack - Store Brand - Store Brand,Vitamins,1,67.82,0.0,37.99,C00865,Jeddah,E091,Web,Returned,1,67.82
ORD003985,2025-07-08 01:07:41,P0358,Pampers Baby Dry Pack - Store Brand - Store Brand - Store Brand,Baby Care,4,135.24,0.0,53.12,C00940,Medina,E018,Mobile,Completed,0,135.24
ORD003986,2024-11-30 08:08:56,P0089,Colgate Total Bottle,Oral Care,1,18.94,0.0,7.44,C00438,Riyadh,E012,Mobile,Completed,0,18.94
ORD003987,2024-08-28 09:05:01,P0086,Symbicort Inhaler Bottle,Respiratory,3,1365.96,68.3,526.59,C00965,Jeddah,E034,Mobile,Completed,1,1297.66
ORD003988,2024-05-15 07:06:50,P0012,Voltaren Emulgel 50g Box,Pain Relief,1,49.02,7.35,20.53,C01030,Mecca,E089,Web,Completed,1,41.67
ORD003989,2024-05-29 16:28:47,P0078,Duphaston 10mg Box,Women's Health,1,82.15,4.11,33.18,C00267,Jeddah,E038,Mobile,Completed,0,78.04
ORD003990,2024-07-18 01:11:42,P0013,Brufen 400mg Pack,Pain Relief,1,22.77,1.14,9.57,C01077,Riyadh,E080,Web,Completed,0,21.63
ORD003991,2025-04-17 06:32:30,P0070,Johnson's Baby Oil 200ml Pack,Baby Care,1,39.18,1.96,15.6,C00866,Medina,E006,Web,Completed,0,37.22
ORD003992,2025-06-01 07:25:01,P0260,Duphaston 10mg Pack - Store Brand - Store Brand,Women's Health,1,38.71,0.0,15.19,C01054,Jeddah,E072,Mobile,Completed,0,38.71
ORD003993,2025-06-15 05:19:30,P0088,Colgate Total Pack,Oral Care,1,18.99,2.85,9.34,C00109,Riyadh,E039,Mobile,Completed,0,16.14
ORD003994,2025-06-10 11:18:15,P0115,NeoCitran Hot Drink Pack - Store Brand,Cold & Flu,1,16.2,0.0,8.05,C01168,Mecca,E066,Web,Completed,0,16.2
ORD003995,2024-11-27 05:52:51,P0395,Omega-3 Fish Oil Pack - Store Brand - Store Brand - Store Brand - Store Brand,Vitamins,1,24.24,1.21,10.94,C00944,Mecca,E013,Web,Completed,1,23.03
ORD003996,2025-07-22 05:23:31,P0353,Duphaston 10mg Pack - Store Brand - Store Brand,Women's Health,1,40.23,0.0,13.62,C00051,Jeddah,E039,Retail,Completed,0,40.23
ORD003997,2025-04-03 02:22:50,P0354,Band-Aid Assorted Bottle - Store Brand - Store Brand,First Aid,1,5.15,0.26,2.99,C00871,Dammam,E089,Mobile,Completed,0,4.89
ORD003998,2025-04-20 03:04:59,P0357,Earol Ear Drops Pack - Store Brand - Store Brand - Store Brand - Store Brand - Store Brand,Ear Care,3,8.88,1.33,6.09,C00778,Riyadh,E038,Web,Completed,0,7.55
ORD003999,2024-06-17 23:20:59,P0361,Omega-3 Fish Oil Pack - Store Brand - Store Brand - Store Brand,Vitamins,1,34.43,1.72,19.12,C00972,Riyadh,E101,Web,Completed,0,32.71
ORD004000,2024-10-20 13:43:36,P0371,Clobetasol Cream 0.05% 30g Box - Store Brand - Store Brand - Store Brand,Dermatology,5,183.0,18.3,98.0,C00237,Dammam,E076,Web,Completed,1,164.7
ORD004001,2024-05-21 11:25:15,P0013,Brufen 400mg Pack,Pain Relief,1,22.77,3.42,9.57,C01107,Mecca,E099,Web,Completed,1,19.35
ORD004002,2025-03-10 10:21:23,P0001,Panadol Extra Pack,Pain Relief,1,12.87,0.64,5.16,C00088,Dammam,E046,Mobile,Completed,0,12.23
ORD004003,2024-09-14 13:56:21,P0340,Aspirin 100mg Bottle - Store Brand - Store Brand,Pain Relief,1,3.54,0.53,1.82,C00320,Dammam,E097,Mobile,Completed,0,3.01
ORD004004,2024-08-22 02:05:11,P0274,Panadol Extra Pack - Store Brand,Pain Relief,3,31.14,0.0,12.36,C01030,Mecca,E012,Mobile,Completed,0,31.14
ORD004005,2024-11-22 23:47:50,P0223,Clobetasol Cream 0.05% 30g Pack - Store Brand - Store Brand - Store Brand,Dermatology,3,153.78,23.07,35.04,C00832,Medina,E109,Retail,Returned,1,130.71
ORD004006,2024-08-29 19:09:30,P0242,Johnson's Baby Oil 200ml Bottle - Store Brand - Store Brand - Store Brand,Baby Care,1,18.1,2.72,4.43,C00014,Dammam,E112,Web,Completed,0,15.38
ORD004007,2025-01-29 16:08:17,P0080,Femibion Prenatal Bottle,Vitamins,4,738.4,110.76,253.04,C00299,Mecca,E051,Mobile,Completed,0,627.64
ORD004008,2024-10-01 10:55:17,P0080,Femibion Prenatal Bottle,Vitamins,1,184.6,27.69,63.26,C00549,Medina,E008,Web,Completed,0,156.91
ORD004009,2025-05-03 03:05:21,P0032,Omega-3 Fish Oil Bottle,Vitamins,4,308.88,0.0,159.88,C00189,Mecca,E075,Web,Completed,0,308.88
ORD004010,2025-08-14 11:18:36,P0312,Femibion Prenatal Bottle - Store Brand - Store Brand,Vitamins,1,97.42,14.61,29.28,C00725,Khobar,E026,Web,Completed,0,82.81
ORD004011,2024-04-15 18:03:40,P0398,Johnson's Baby Oil 200ml Box - Store Brand,Baby Care,3,92.07,13.81,28.05,C00779,Medina,E044,Retail,Completed,0,78.26
ORD004012,2024-10-30 13:53:22,P0238,Duphaston 10mg Pack - Store Brand,Women's Health,4,212.56,10.63,68.4,C00975,Mecca,E080,Retail,Completed,1,201.93
ORD004013,2024-12-08 05:06:10,P0346,Refresh Tears Eye Drops Bottle - Store Brand,Eye Care,2,62.72,0.0,22.44,C00600,Dammam,E108,Mobile,Completed,0,62.72
ORD004014,2025-05-17 18:00:00,P0085,Symbicort Inhaler Pack,Respiratory,4,1558.92,77.95,724.56,C00030,Mecca,E088,Web,Returned,0,1480.97
ORD004015,2024-12-24 12:53:14,P0051,Band-Aid Assorted Box,First Aid,1,13.65,0.0,5.7,C00479,Dammam,E028,Mobile,Completed,1,13.65
ORD004016,2024-04-10 13:15:55,P0350,Voltaren Emulgel 50g Bottle - Store Brand - Store Brand,Pain Relief,5,128.1,12.81,37.15,C00971,Jeddah,E067,Retail,Completed,0,115.29
ORD004017,2025-02-18 16:33:38,P0121,Aspirin 100mg Pack - Store Brand - Store Brand,Pain Relief,2,9.02,0.45,2.7,C00818,Mecca,E071,Mobile,Completed,0,8.57
ORD004018,2024-07-13 21:08:37,P0109,Band-Aid Assorted Bottle - Store Brand,First Aid,5,45.75,0.0,20.05,C00320,Dammam,E005,Web,Completed,0,45.75
ORD004019,2025-02-26 22:20:55,P0304,Imodium 2mg Bottle - Store Brand,Gastrointestinal,1,25.39,2.54,8.99,C00129,Khobar,E053,Web,Completed,1,22.85
ORD004020,2025-03-30 11:47:23,P0304,Imodium 2mg Bottle - Store Brand,Gastrointestinal,5,126.95,12.7,44.95,C00738,Mecca,E013,Web,Completed,0,114.25
ORD004021,2024-07-02 03:38:45,P0269,Aspirin 100mg Bottle - Store Brand - Store Brand - Store Brand,Pain Relief,1,2.94,0.15,0.88,C00731,Riyadh,E014,Web,Completed,0,2.79
ORD004022,2025-06-12 15:39:15,P0181,Centrum Multivitamins Pack - Store Brand,Vitamins,2,160.24,24.04,57.58,C00294,Jeddah,E005,Web,Completed,0,136.2
ORD004023,2024-03-26 18:02:52,P0376,Earol Ear Drops Pack - Store Brand - Store Brand - Store Brand - Store Brand,Ear Care,2,9.32,0.0,4.66,C01102,Khobar,E096,Mobile,Completed,0,9.32
ORD004024,2025-01-04 06:09:06,P0329,Mometasone Furoate 0.1% 15g Pack - Store Brand - Store Brand - Store Brand,Dermatology,2,78.74,0.0,35.2,C00157,Mecca,E091,Web,Completed,1,78.74
ORD004025,2024-05-15 03:05:55,P0093,Multivitamin Gummies Kids Box,Vitamins,1,54.15,8.12,21.37,C00036,Mecca,E016,Web,Completed,0,46.03
ORD004026,2024-08-23 22:46:12,P0394,Femibion Prenatal Pack - Store Brand - Store Brand,Vitamins,4,271.28,0.0,151.96,C00722,Dammam,E012,Mobile,Completed,0,271.28
ORD004027,2024-12-06 11:58:33,P0069,Imodium 2mg Box,Gastrointestinal,1,31.48,3.15,11.17,C00590,Mecca,E049,Retail,Completed,0,28.33
ORD004028,2025-01-26 06:54:54,P0222,Band-Aid Assorted Bottle - Store Brand - Store Brand,First Aid,2,13.02,0.65,5.48,C00250,Khobar,E049,Mobile,Completed,0,12.37
ORD004029,2025-04-15 04:47:21,P0268,Duphaston 10mg Pack - Store Brand - Store Brand - Store Brand,Women's Health,2,50.76,5.08,23.12,C00794,Jeddah,E104,Web,Completed,0,45.68
ORD004030,2025-07-26 18:24:26,P0296,Otrivin Nasal Spray Box - Store Brand - Store Brand - Store Brand,Cold & Flu,3,27.57,2.76,9.99,C00968,Khobar,E044,Mobile,Completed,1,24.81
ORD004031,2025-02-15 07:01:11,P0046,Savlon Antiseptic 100ml Pack,First Aid,1,20.85,1.04,8.32,C01083,Medina,E001,Retail,Completed,1,19.81
ORD004032,2025-08-04 19:29:42,P0321,Gaviscon 200ml Bottle - Store Brand - Store Brand,Gastrointestinal,5,160.0,8.0,44.85,C00666,Riyadh,E064,Mobile,Returned,1,152.0
ORD004033,2025-06-21 22:33:32,P0261,Band-Aid Assorted Pack - Store Brand,First Aid,2,16.84,1.68,7.06,C00607,Khobar,E088,Web,Completed,1,15.16
ORD004034,2024-08-31 06:17:57,P0030,Redoxon Vitamin C 1000mg Box,Vitamins,1,32.33,1.62,13.7,C00277,Medina,E069,Web,Completed,0,30.71
ORD004035,2025-06-17 04:33:52,P0122,Band-Aid Assorted Bottle - Store Brand,First Aid,1,8.4,1.26,4.2,C00074,Mecca,E003,Retail,Completed,0,7.14
ORD004036,2024-04-14 18:52:07,P0048,Savlon Antiseptic 100ml Box,First Aid,3,55.02,0.0,19.53,C00898,Riyadh,E053,Mobile,Completed,0,55.02
ORD004037,2025-05-19 04:36:29,P0355,Earol Ear Drops Pack - Store Brand - Store Brand - Store Brand - Store Brand,Ear Care,1,5.1,0.26,3.07,C00037,Dammam,E053,Mobile,Completed,0,4.84
ORD004038,2024-09-25 19:23:21,P0258,Omega-3 Fish Oil Box - Store Brand,Vitamins,1,66.98,6.7,26.12,C00731,Riyadh,E072,Web,Completed,1,60.28
ORD004039,2025-03-17 21:36:52,P0158,Imodium 2mg Box - Store Brand,Gastrointestinal,1,24.02,3.6,8.14,C00050,Khobar,E023,Mobile,Returned,0,20.42
ORD004040,2025-08-18 04:49:38,P0019,NeoCitran Hot Drink Pack,Cold & Flu,2,51.42,0.0,20.4,C01069,Jeddah,E040,Mobile,Completed,0,51.42
ORD004041,2024-10-07 02:20:26,P0242,Johnson's Baby Oil 200ml Bottle - Store Brand - Store Brand - Store Brand,Baby Care,1,18.1,2.72,4.43,C00918,Jeddah,E055,Mobile,Completed,0,15.38
ORD004042,2025-03-27 16:08:31,P0116,Otrivin Nasal Spray Bottle - Store Brand,Cold & Flu,4,77.88,7.79,28.16,C00941,Riyadh,E109,Web,Completed,0,70.09
ORD004043,2025-04-15 17:03:11,P0069,Imodium 2mg Box,Gastrointestinal,1,31.48,0.0,11.17,C00802,Riyadh,E015,Web,Returned,0,31.48
ORD004044,2025-08-08 13:34:21,P0284,Johnson's Baby Oil 200ml Box - Store Brand,Baby Care,5,150.2,7.51,56.6,C01009,Mecca,E035,Web,Completed,0,142.69
ORD004045,2024-11-25 16:25:36,P0387,Aspirin 100mg Pack - Store Brand - Store Brand - Store Brand,Pain Relief,2,5.64,0.28,2.04,C01103,Dammam,E041,Mobile,Completed,0,5.36
ORD004046,2025-05-24 18:57:23,P0099,Voltaren Emulgel 50g Bottle - Store Brand,Pain Relief,1,37.67,1.88,11.97,C01183,Jeddah,E055,Web,Completed,1,35.79
ORD004047,2024-06-01 17:24:28,P0390,Femibion Prenatal Pack - Store Brand,Vitamins,3,337.65,0.0,122.37,C00010,Jeddah,E007,Web,Completed,0,337.65
ORD004048,2024-06-28 09:48:16,P0152,NeoCitran Hot Drink Pack - Store Brand - Store Brand,Cold & Flu,3,31.32,3.13,19.74,C00775,Medina,E082,Mobile,Completed,0,28.19
ORD004049,2024-09-24 22:07:48,P0325,Panadol Extra Pack - Store Brand - Store Brand - Store Brand,Pain Relief,1,4.52,0.45,2.61,C00038,Medina,E112,Retail,Returned,0,4.07
ORD004050,2025-05-31 11:54:50,P0322,Pampers Baby Dry Bottle - Store Brand - Store Brand,Baby Care,1,75.96,7.6,37.49,C00899,Jeddah,E023,Mobile,Completed,0,68.36
ORD004051,2024-11-21 09:03:38,P0305,Multivitamin Gummies Kids Bottle - Store Brand,Vitamins,3,134.04,6.7,50.01,C00316,Mecca,E101,Retail,Completed,0,127.34
ORD004052,2025-08-01 23:58:27,P0383,Symbicort Inhaler Bottle - Store Brand - Store Brand - Store Brand - Store Brand - Store Brand,Respiratory,1,69.77,3.49,43.68,C01012,Mecca,E087,Mobile,Completed,0,66.28
ORD004053,2025-01-31 20:08:33,P0210,Voltaren Emulgel 50g Bottle - Store Brand - Store Brand,Pain Relief,3,90.36,0.0,39.45,C00815,Riyadh,E085,Web,Completed,1,90.36
ORD004054,2024-11-30 22:57:00,P0164,Duphaston 10mg Box - Store Brand,Women's Health,1,63.2,9.48,26.75,C00556,Riyadh,E092,Web,Completed,0,53.72
ORD004055,2025-04-29 00:59:26,P0360,Otrivin Nasal Spray Bottle - Store Brand - Store Brand - Store Brand,Cold & Flu,2,18.1,0.0,9.66,C00911,Riyadh,E107,Mobile,Cancelled,1,18.1
ORD004056,2024-04-21 02:39:22,P0279,Cetaphil Gentle Cleanser Box - Store Brand - Store Brand,Skincare,3,140.67,14.07,39.66,C00376,Riyadh,E010,Retail,Returned,1,126.6
ORD004057,2025-06-14 00:39:20,P0267,Voltaren Emulgel 50g Bottle - Store Brand - Store Brand - Store Brand,Pain Relief,1,15.09,2.26,8.04,C00364,Jeddah,E016,Web,Returned,0,12.83
ORD004058,2024-10-06 16:56:13,P0305,Multivitamin Gummies Kids Bottle - Store Brand,Vitamins,1,44.68,0.0,16.67,C00216,Khobar,E014,Retail,Completed,0,44.68
ORD004059,2024-05-08 20:15:55,P0387,Aspirin 100mg Pack - Store Brand - Store Brand - Store Brand,Pain Relief,3,8.46,1.27,3.06,C00635,Khobar,E047,Mobile,Completed,0,7.19
ORD004060,2025-04-07 03:40:52,P0386,Pampers Baby Dry Pack - Store Brand - Store Brand - Store Brand,Baby Care,1,38.24,3.82,16.49,C00190,Jeddah,E091,Web,Completed,1,34.42
ORD004061,2024-11-05 01:49:38,P0080,Femibion Prenatal Bottle,Vitamins,2,369.2,55.38,126.52,C00322,Medina,E059,Web,Completed,0,313.82
ORD004062,2025-07-27 06:19:54,P0329,Mometasone Furoate 0.1% 15g Pack - Store Brand - Store Brand - Store Brand,Dermatology,1,39.37,1.97,17.6,C00830,Medina,E023,Web,Completed,0,37.4
ORD004063,2025-08-09 16:25:27,P0098,Panadol Advance Pack - Store Brand,Pain Relief,3,33.93,0.0,15.24,C01070,Dammam,E071,Retail,Completed,1,33.93
ORD004064,2025-04-02 04:20:28,P0229,Imodium 2mg Box - Store Brand - Store Brand - Store Brand,Gastrointestinal,2,22.68,0.0,11.46,C00039,Riyadh,E079,Web,Completed,0,22.68
ORD004065,2024-07-16 05:40:19,P0370,Johnson's Baby Oil 200ml Pack - Store Brand,Baby Care,2,61.64,6.16,24.94,C00779,Medina,E117,Mobile,Completed,0,55.48
ORD004066,2025-06-09 13:09:12,P0035,Cetaphil Gentle Cleanser Bottle,Skincare,2,179.46,17.95,69.86,C00923,Khobar,E059,Web,Completed,0,161.51
ORD004067,2024-06-15 04:17:38,P0386,Pampers Baby Dry Pack - Store Brand - Store Brand - Store Brand,Baby Care,3,114.72,0.0,49.47,C00869,Medina,E107,Web,Completed,1,114.72
ORD004068,2024-03-30 10:41:40,P0194,Savlon Antiseptic 100ml Bottle - Store Brand,First Aid,4,57.92,0.0,23.92,C00370,Khobar,E058,Web,Completed,0,57.92
ORD004069,2025-05-06 20:50:37,P0255,Clobetasol Cream 0.05% 30g Pack - Store Brand - Store Brand - Store Brand,Dermatology,2,110.96,16.64,27.06,C01032,Dammam,E118,Mobile,Completed,0,94.32
ORD004070,2024-07-28 12:33:22,P0103,Otrivin Nasal Spray Box - Store Brand,Cold & Flu,1,17.43,0.0,7.62,C00532,Jeddah,E074,Retail,Completed,0,17.43
ORD004071,2024-10-20 23:38:11,P0157,Mometasone Furoate 0.1% 15g Box - Store Brand,Dermatology,2,185.46,9.27,63.52,C00519,Dammam,E087,Mobile,Completed,0,176.19
ORD004072,2025-05-17 00:57:20,P0183,Band-Aid Assorted Box - Store Brand - Store Brand - Store Brand,First Aid,2,12.68,1.9,5.36,C01029,Mecca,E120,Mobile,Completed,0,10.78
ORD004073,2024-05-08 00:01:51,P0059,Refresh Tears Eye Drops Bottle,Eye Care,4,180.08,18.01,61.04,C00559,Medina,E087,Retail,Completed,1,162.07
ORD004074,2024-11-23 22:15:25,P0220,Panadol Advance Box - Store Brand,Pain Relief,2,20.06,3.01,9.56,C00102,Dammam,E061,Web,Completed,0,17.05
ORD004075,2025-06-30 12:19:06,P0332,Femibion Prenatal Pack - Store Brand,Vitamins,2,252.66,0.0,88.44,C00965,Jeddah,E058,Retail,Completed,1,252.66
ORD004076,2025-06-14 10:40:01,P0363,Earol Ear Drops Pack - Store Brand,Ear Care,1,14.68,0.0,7.23,C00224,Dammam,E025,Web,Completed,0,14.68
ORD004077,2024-05-09 08:33:33,P0148,Redoxon Vitamin C 1000mg Pack - Store Brand - Store Brand,Vitamins,1,14.84,0.74,6.02,C00897,Mecca,E051,Mobile,Returned,0,14.1
ORD004078,2024-09-07 06:57:09,P0241,Imodium 2mg Box - Store Brand - Store Brand,Gastrointestinal,1,19.07,2.86,5.81,C00855,Riyadh,E085,Retail,Completed,0,16.21
ORD004079,2025-01-05 07:14:04,P0387,Aspirin 100mg Pack - Store Brand - Store Brand - Store Brand,Pain Relief,5,14.1,0.7,5.1,C00977,Medina,E031,Web,Completed,0,13.4
ORD004080,2025-03-16 09:14:02,P0239,Omega-3 Fish Oil Pack - Store Brand - Store Brand - Store Brand,Vitamins,3,95.4,9.54,46.17,C00096,Riyadh,E100,Mobile,Completed,0,85.86
ORD004081,2024-12-08 04:18:47,P0246,Omega-3 Fish Oil Pack - Store Brand - Store Brand - Store Brand,Vitamins,1,33.87,3.39,15.86,C00578,Dammam,E019,Mobile,Completed,1,30.48
ORD004082,2025-03-29 17:39:51,P0202,Symbicort Inhaler Bottle - Store Brand - Store Brand - Store Brand - Store Brand - Store Brand,Respiratory,1,68.37,3.42,38.93,C01120,Riyadh,E044,Mobile,Completed,0,64.95
ORD004083,2024-05-10 00:11:33,P0171,Earol Ear Drops Bottle - Store Brand,Ear Care,3,64.05,6.4,25.17,C01136,Medina,E108,Mobile,Completed,1,57.65
ORD004084,2025-07-02 08:59:25,P0295,Otrivin Nasal Spray Bottle - Store Brand - Store Brand,Cold & Flu,5,56.2,2.81,29.2,C00155,Khobar,E018,Web,Completed,0,53.39
ORD004085,2024-07-01 13:38:50,P0180,Ventolin Inhaler Box - Store Brand - Store Brand,Respiratory,1,156.36,15.64,44.18,C00942,Medina,E090,Web,Completed,0,140.72
ORD004086,2025-03-19 10:03:28,P0283,Mometasone Furoate 0.1% 15g Pack - Store Brand,Dermatology,1,65.04,3.25,30.37,C01067,Jeddah,E064,Mobile,Completed,0,61.79
ORD004087,2024-06-10 04:47:54,P0288,Duphaston 10mg Pack - Store Brand - Store Brand,Women's Health,1,33.26,1.66,13.84,C00657,Jeddah,E092,Web,Completed,0,31.6
ORD004088,2024-03-28 07:58:41,P0352,Earol Ear Drops Pack - Store Brand - Store Brand - Store Brand - Store Brand,Ear Care,2,9.26,0.93,5.68,C01104,Medina,E019,Mobile,Completed,0,8.33
ORD004089,2024-08-28 17:48:01,P0332,Femibion Prenatal Pack - Store Brand,Vitamins,3,378.99,0.0,132.66,C00836,Riyadh,E035,Web,Completed,0,378.99
ORD004090,2025-09-04 07:33:32,P0076,Duphaston 10mg Pack,Women's Health,1,79.79,3.99,27.91,C00280,Medina,E069,Web,Completed,0,75.8
ORD004091,2024-06-30 07:09:12,P0288,Duphaston 10mg Pack - Store Brand - Store Brand,Women's Health,1,33.26,4.99,13.84,C00705,Dammam,E115,Mobile,Returned,0,28.27
ORD004092,2025-03-18 22:37:47,P0265,NeoCitran Hot Drink Pack - Store Brand - Store Brand - Store Brand,Cold & Flu,1,11.11,0.0,5.02,C00208,Riyadh,E076,Mobile,Completed,0,11.11
ORD004093,2025-09-07 15:24:30,P0109,Band-Aid Assorted Bottle - Store Brand,First Aid,3,27.45,4.12,12.03,C00934,Jeddah,E054,Mobile,Completed,0,23.33
ORD004094,2025-08-11 19:37:38,P0092,Multivitamin Gummies Kids Bottle,Vitamins,2,123.08,12.31,43.1,C00242,Medina,E048,Mobile,Completed,0,110.77
ORD004095,2025-09-10 19:25:11,P0037,Neutrogena Hydro Boost Pack,Skincare,1,125.66,12.57,44.5,C00234,Khobar,E063,Mobile,Completed,0,113.09
ORD004096,2025-03-18 00:46:16,P0013,Brufen 400mg Pack,Pain Relief,2,45.54,2.28,19.14,C00483,Riyadh,E056,Web,Completed,0,43.26
ORD004097,2025-07-24 17:06:46,P0290,NeoCitran Hot Drink Pack - Store Brand - Store Brand - Store Brand,Cold & Flu,4,34.68,1.73,17.92,C00832,Medina,E083,Retail,Returned,1,32.95
ORD004098,2025-05-02 17:23:30,P0042,Nivea Body Lotion 400ml Box,Personal Care,2,82.3,4.12,32.3,C00330,Jeddah,E034,Mobile,Completed,0,78.18
ORD004099,2025-07-29 16:47:41,P0152,NeoCitran Hot Drink Pack - Store Brand - Store Brand,Cold & Flu,4,41.76,0.0,26.32,C00821,Medina,E029,Mobile,Completed,1,41.76
ORD004100,2025-08-30 18:17:48,P0175,Band-Aid Assorted Box - Store Brand - Store Brand,First Aid,3,23.04,1.15,10.53,C00820,Mecca,E087,Web,Completed,0,21.89
ORD004101,2024-09-23 20:18:33,P0181,Centrum Multivitamins Pack - Store Brand,Vitamins,1,80.12,8.01,28.79,C00715,Jeddah,E097,Mobile,Completed,0,72.11
ORD004102,2024-12-29 18:25:37,P0133,Otrivin Nasal Spray Box - Store Brand - Store Brand,Cold & Flu,3,31.89,0.0,18.81,C01151,Riyadh,E017,Web,Completed,1,31.89
ORD004103,2025-08-09 08:01:02,P0047,Savlon Antiseptic 100ml Bottle,First Aid,2,36.44,0.0,16.56,C00942,Medina,E052,Mobile,Completed,0,36.44
ORD004104,2025-04-10 20:01:58,P0138,Centrum Multivitamins Bottle - Store Brand,Vitamins,2,192.06,0.0,50.76,C01183,Jeddah,E112,Web,Completed,1,192.06
ORD004105,2024-09-30 12:26:59,P0121,Aspirin 100mg Pack - Store Brand - Store Brand,Pain Relief,1,4.51,0.45,1.35,C00633,Khobar,E093,Mobile,Completed,0,4.06
ORD004106,2024-09-18 11:28:06,P0061,Earol Ear Drops Pack,Ear Care,2,40.02,2.0,19.02,C00839,Dammam,E040,Web,Completed,0,38.02
ORD004107,2024-07-19 13:51:21,P0213,Voltaren Emulgel 50g Box - Store Brand - Store Brand,Pain Relief,1,23.18,2.32,9.07,C00059,Khobar,E073,Mobile,Completed,1,20.86
ORD004108,2024-11-07 01:38:01,P0374,Johnson's Baby Oil 200ml Box - Store Brand - Store Brand,Baby Care,1,24.59,3.69,7.19,C00522,Medina,E030,Mobile,Completed,0,20.9
ORD004109,2025-06-29 06:20:15,P0302,Voltaren Emulgel 50g Bottle - Store Brand - Store Brand,Pain Relief,1,23.82,1.19,11.71,C01176,Dammam,E072,Mobile,Completed,0,22.63
ORD004110,2025-02-08 02:54:00,P0219,Brufen 400mg Pack - Store Brand,Pain Relief,1,17.43,1.74,7.31,C00478,Jeddah,E026,Web,Completed,1,15.69
ORD004111,2024-09-07 16:09:27,P0350,Voltaren Emulgel 50g Bottle - Store Brand - Store Brand,Pain Relief,1,25.62,1.28,7.43,C00181,Khobar,E095,Retail,Completed,0,24.34
ORD004112,2025-03-21 06:36:22,P0212,Mometasone Furoate 0.1% 15g Pack - Store Brand - Store Brand - Store Brand,Dermatology,5,135.6,20.34,124.65,C00465,Jeddah,E086,Web,Completed,0,115.26
ORD004113,2024-12-20 12:56:44,P0200,Imodium 2mg Box - Store Brand - Store Brand,Gastrointestinal,3,51.09,7.66,23.52,C00040,Khobar,E027,Mobile,Completed,0,43.43
ORD004114,2024-08-28 19:29:57,P0037,Neutrogena Hydro Boost Pack,Skincare,1,125.66,18.85,44.5,C00765,Dammam,E035,Mobile,Completed,0,106.81
ORD004115,2025-02-16 22:02:21,P0400,Neutrogena Hydro Boost Box - Store Brand,Skincare,3,313.44,0.0,105.3,C00726,Dammam,E103,Web,Completed,0,313.44
ORD004116,2024-11-12 19:42:57,P0120,Refresh Tears Eye Drops Box - Store Brand - Store Brand - Store Brand,Eye Care,2,33.4,5.01,16.54,C00651,Khobar,E051,Mobile,Completed,1,28.39
ORD004117,2024-08-31 10:16:34,P0161,Gaviscon 200ml Bottle - Store Brand,Gastrointestinal,5,190.15,9.51,73.1,C00629,Dammam,E053,Web,Returned,1,180.64
ORD004118,2025-05-30 02:02:50,P0026,Centrum Multivitamins Bottle,Vitamins,4,455.6,22.78,154.52,C00356,Medina,E086,Web,Completed,0,432.82
ORD004119,2025-07-25 09:10:50,P0155,Pampers Baby Dry Pack - Store Brand,Baby Care,5,369.85,0.0,164.6,C01053,Riyadh,E062,Retail,Completed,0,369.85
ORD004120,2025-07-01 14:10:51,P0267,Voltaren Emulgel 50g Bottle - Store Brand - Store Brand - Store Brand,Pain Relief,1,15.09,0.0,8.04,C00307,Mecca,E118,Web,Completed,0,15.09
ORD004121,2025-07-31 21:45:43,P0106,Symbicort Inhaler Bottle - Store Brand,Respiratory,5,1421.0,0.0,673.2,C00386,Riyadh,E002,Web,Completed,0,1421.0
ORD004122,2024-10-20 03:50:03,P0220,Panadol Advance Box - Store Brand,Pain Relief,2,20.06,2.01,9.56,C00741,Khobar,E033,Retail,Completed,0,18.05
ORD004123,2025-05-16 01:24:38,P0326,Band-Aid Assorted Box - Store Brand - Store Brand,First Aid,2,13.2,0.0,6.06,C00301,Dammam,E096,Mobile,Completed,0,13.2
ORD004124,2024-07-02 12:56:21,P0323,Panadol Extra Box - Store Brand - Store Brand - Store Brand,Pain Relief,2,9.68,0.0,2.82,C01112,Jeddah,E085,Web,Completed,0,9.68
ORD004125,2025-05-26 14:15:37,P0252,Earol Ear Drops Pack - Store Brand - Store Brand - Store Brand,Ear Care,1,5.64,0.56,4.35,C00502,Dammam,E095,Web,Completed,0,5.08
ORD004126,2025-03-03 15:46:42,P0120,Refresh Tears Eye Drops Box - Store Brand - Store Brand - Store Brand,Eye Care,1,16.7,1.67,8.27,C00437,Medina,E046,Web,Completed,0,15.03
ORD004127,2025-07-16 17:40:42,P0120,Refresh Tears Eye Drops Box - Store Brand - Store Brand - Store Brand,Eye Care,1,16.7,0.0,8.27,C00723,Dammam,E051,Web,Completed,0,16.7
ORD004128,2024-09-25 04:23:37,P0273,Aspirin 100mg Bottle - Store Brand - Store Brand - Store Brand,Pain Relief,1,2.57,0.39,1.05,C00352,Dammam,E036,Web,Completed,0,2.18
ORD004129,2024-10-14 23:15:52,P0377,Duphaston 10mg Pack - Store Brand - Store Brand,Women's Health,5,206.25,20.62,70.9,C00938,Riyadh,E100,Retail,Completed,1,185.63
ORD004130,2025-06-28 00:19:42,P0057,Mometasone Furoate 0.1% 15g Box,Dermatology,1,121.72,0.0,41.28,C00516,Medina,E024,Mobile,Completed,1,121.72
ORD004131,2024-04-16 23:22:48,P0009,Aspirin 100mg Box,Pain Relief,4,29.4,4.41,11.8,C00180,Mecca,E009,Web,Completed,0,24.99
ORD004132,2024-12-04 09:05:01,P0167,Pampers Baby Dry Pack - Store Brand,Baby Care,4,328.92,49.34,134.8,C00444,Medina,E080,Web,Completed,0,279.58
ORD004133,2025-06-22 05:16:47,P0018,Vicks VapoRub 50g Box,Cold & Flu,4,59.72,2.99,23.16,C00341,Medina,E062,Web,Completed,1,56.73
ORD004134,2025-02-20 04:51:23,P0257,Refresh Tears Eye Drops Pack - Store Brand,Eye Care,3,104.82,0.0,37.86,C00158,Jeddah,E085,Mobile,Completed,0,104.82
ORD004135,2024-08-14 15:26:10,P0287,Pampers Baby Dry Bottle - Store Brand - Store Brand,Baby Care,1,83.73,8.37,31.99,C00877,Mecca,E006,Retail,Completed,1,75.36
ORD004136,2024-11-21 02:10:17,P0051,Band-Aid Assorted Box,First Aid,5,68.25,10.24,28.5,C00829,Riyadh,E091,Mobile,Returned,0,58.01
ORD004137,2025-07-31 21:15:32,P0122,Band-Aid Assorted Bottle - Store Brand,First Aid,2,16.8,0.0,8.4,C01039,Mecca,E006,Mobile,Completed,0,16.8
ORD004138,2025-05-01 17:53:09,P0313,Clobetasol Cream 0.05% 30g Pack - Store Brand - Store Brand,Dermatology,2,129.74,6.49,32.12,C00877,Mecca,E028,Web,Completed,1,123.25
ORD004139,2025-08-18 18:38:40,P0122,Band-Aid Assorted Bottle - Store Brand,First Aid,2,16.8,0.0,8.4,C00329,Mecca,E105,Web,Completed,0,16.8
ORD004140,2024-04-12 02:17:04,P0084,Ventolin Inhaler Box,Respiratory,1,234.11,23.41,102.91,C00626,Medina,E101,Retail,Completed,0,210.7
ORD004141,2024-06-13 05:53:21,P0381,Multivitamin Gummies Kids Box - Store Brand,Vitamins,5,207.85,0.0,79.25,C00801,Dammam,E009,Web,Completed,0,207.85
ORD004142,2025-03-19 16:28:59,P0393,Nivea Body Lotion 400ml Bottle - Store Brand - Store Brand - Store Brand - Store Brand,Personal Care,1,7.31,0.0,4.3,C00925,Riyadh,E117,Web,Completed,0,7.31
ORD004143,2025-06-30 05:52:52,P0085,Symbicort Inhaler Pack,Respiratory,1,389.73,0.0,181.14,C00876,Jeddah,E025,Retail,Completed,0,389.73
ORD004144,2024-04-20 01:43:48,P0103,Otrivin Nasal Spray Box - Store Brand,Cold & Flu,4,69.72,6.97,30.48,C00439,Medina,E016,Mobile,Completed,0,62.75
ORD004145,2025-06-13 15:54:18,P0341,Clobetasol Cream 0.05% 30g Pack - Store Brand - Store Brand - Store Brand - Store Brand - Store Brand,Dermatology,2,62.7,9.4,12.12,C01123,Khobar,E011,Mobile,Completed,1,53.3
ORD004146,2024-05-21 14:57:29,P0259,NeoCitran Hot Drink Pack - Store Brand - Store Brand,Cold & Flu,2,27.36,0.0,12.36,C01115,Mecca,E083,Web,Returned,0,27.36
ORD004147,2024-07-27 12:35:54,P0174,Duphaston 10mg Pack - Store Brand,Women's Health,3,159.15,15.92,59.01,C00495,Jeddah,E003,Web,Completed,0,143.23
ORD004148,2025-07-02 03:05:21,P0034,Cetaphil Gentle Cleanser Pack,Skincare,2,160.34,8.02,57.38,C00109,Riyadh,E076,Web,Completed,0,152.32
ORD004149,2024-08-21 04:57:59,P0354,Band-Aid Assorted Bottle - Store Brand - Store Brand,First Aid,1,5.15,0.52,2.99,C01095,Medina,E021,Retail,Completed,0,4.63
ORD004150,2024-04-24 02:02:28,P0343,Imodium 2mg Box - Store Brand - Store Brand - Store Brand - Store Brand,Gastrointestinal,3,22.47,1.12,13.08,C00860,Mecca,E062,Retail,Completed,1,21.35
ORD004151,2025-04-12 05:51:21,P0137,Femibion Prenatal Bottle - Store Brand,Vitamins,1,123.7,12.37,45.73,C00167,Khobar,E050,Web,Completed,0,111.33
ORD004152,2025-01-18 20:23:34,P0237,Clobetasol Cream 0.05% 30g Box - Store Brand - Store Brand,Dermatology,1,57.4,0.0,21.52,C00906,Riyadh,E089,Retail,Returned,0,57.4
ORD004153,2025-02-07 22:20:52,P0178,Band-Aid Assorted Bottle - Store Brand - Store Brand,First Aid,3,20.82,1.04,9.69,C01133,Khobar,E093,Web,Completed,0,19.78
ORD004154,2025-01-18 14:14:17,P0346,Refresh Tears Eye Drops Bottle - Store Brand,Eye Care,2,62.72,6.27,22.44,C00611,Dammam,E010,Web,Completed,0,56.45
ORD004155,2024-07-31 11:20:12,P0341,Clobetasol Cream 0.05% 30g Pack - Store Brand - Store Brand - Store Brand - Store Brand - Store Brand,Dermatology,1,31.35,4.7,6.06,C00290,Dammam,E007,Mobile,Completed,0,26.65
ORD004156,2024-06-25 07:01:53,P0396,Mometasone Furoate 0.1% 15g Box - Store Brand - Store Brand,Dermatology,3,200.79,10.04,59.76,C00405,Khobar,E111,Mobile,Completed,0,190.75
ORD004157,2025-09-01 18:55:33,P0215,Panadol Advance Box - Store Brand,Pain Relief,2,24.5,1.23,9.76,C00502,Dammam,E026,Web,Completed,1,23.27
ORD004158,2025-06-17 02:18:55,P0100,Band-Aid Assorted Box - Store Brand,First Aid,3,29.4,1.47,14.1,C00446,Medina,E008,Web,Completed,0,27.93
ORD004159,2024-10-29 22:30:22,P0140,Ventolin Inhaler Bottle - Store Brand,Respiratory,4,594.68,59.47,277.52,C01177,Riyadh,E077,Web,Completed,0,535.21
ORD004160,2024-04-07 15:07:47,P0381,Multivitamin Gummies Kids Box - Store Brand,Vitamins,4,166.28,24.94,63.4,C00553,Jeddah,E082,Web,Completed,0,141.34
ORD004161,2024-11-01 19:49:14,P0332,Femibion Prenatal Pack - Store Brand,Vitamins,1,126.33,12.63,44.22,C00148,Riyadh,E021,Web,Completed,0,113.7
ORD004162,2024-09-07 15:15:40,P0274,Panadol Extra Pack - Store Brand,Pain Relief,3,31.14,0.0,12.36,C00779,Medina,E067,Web,Completed,0,31.14
ORD004163,2025-09-09 03:49:17,P0012,Voltaren Emulgel 50g Box,Pain Relief,4,196.08,0.0,82.12,C00153,Khobar,E033,Web,Completed,1,196.08
ORD004164,2024-04-24 23:31:36,P0085,Symbicort Inhaler Pack,Respiratory,4,1558.92,0.0,724.56,C00907,Mecca,E089,Mobile,Completed,0,1558.92
ORD004165,2024-04-21 14:14:55,P0225,Sensodyne Repair & Protect Box - Store Brand - Store Brand,Oral Care,4,71.48,3.57,19.4,C01017,Riyadh,E035,Web,Completed,0,67.91
ORD004166,2025-06-05 14:58:55,P0214,Omega-3 Fish Oil Pack - Store Brand - Store Brand,Vitamins,4,229.04,0.0,90.12,C00683,Mecca,E105,Web,Completed,0,229.04
ORD004167,2025-04-16 11:55:39,P0137,Femibion Prenatal Bottle - Store Brand,Vitamins,1,123.7,6.18,45.73,C00324,Medina,E089,Retail,Completed,1,117.52
ORD004168,2025-02-21 16:00:36,P0115,NeoCitran Hot Drink Pack - Store Brand,Cold & Flu,2,32.4,1.62,16.1,C01189,Riyadh,E088,Mobile,Completed,0,30.78
ORD004169,2025-06-09 20:45:14,P0312,Femibion Prenatal Bottle - Store Brand - Store Brand,Vitamins,3,292.26,43.84,87.84,C00297,Khobar,E034,Web,Cancelled,0,248.42
ORD004170,2024-11-14 21:46:31,P0087,Symbicort Inhaler Box,Respiratory,1,381.91,0.0,198.7,C00982,Mecca,E038,Mobile,Completed,1,381.91
ORD004171,2025-02-20 19:07:58,P0258,Omega-3 Fish Oil Box - Store Brand,Vitamins,1,66.98,3.35,26.12,C00766,Riyadh,E087,Mobile,Completed,1,63.63
ORD004172,2025-02-01 12:02:35,P0068,Imodium 2mg Bottle,Gastrointestinal,3,90.12,0.0,35.37,C01149,Dammam,E113,Mobile,Completed,0,90.12
ORD004173,2024-06-05 07:42:50,P0331,Omega-3 Fish Oil Pack - Store Brand - Store Brand - Store Brand - Store Brand,Vitamins,1,24.72,2.47,9.83,C00758,Riyadh,E064,Web,Cancelled,1,22.25
ORD004174,2024-06-26 20:45:40,P0370,Johnson's Baby Oil 200ml Pack - Store Brand,Baby Care,2,61.64,6.16,24.94,C00358,Jeddah,E087,Mobile,Completed,0,55.48
ORD004175,2025-06-18 08:54:31,P0038,Neutrogena Hydro Boost Bottle,Skincare,4,465.48,23.27,185.4,C00685,Mecca,E101,Retail,Completed,1,442.21
ORD004176,2025-01-18 09:40:01,P0007,Aspirin 100mg Pack,Pain Relief,1,7.79,1.17,2.97,C00319,Jeddah,E050,Web,Completed,1,6.62
ORD004177,2025-02-24 03:26:09,P0398,Johnson's Baby Oil 200ml Box - Store Brand,Baby Care,1,30.69,1.53,9.35,C00189,Mecca,E040,Mobile,Completed,1,29.16
ORD004178,2025-05-22 22:00:32,P0075,Pampers Baby Dry Box,Baby Care,2,251.5,37.72,97.3,C01117,Mecca,E062,Mobile,Completed,0,213.78
ORD004179,2025-01-10 22:36:23,P0093,Multivitamin Gummies Kids Box,Vitamins,1,54.15,8.12,21.37,C01038,Khobar,E096,Web,Completed,0,46.03
ORD004180,2024-07-23 19:08:13,P0105,Pampers Baby Dry Pack - Store Brand,Baby Care,1,75.01,7.5,42.36,C01017,Riyadh,E106,Retail,Returned,0,67.51
ORD004181,2024-05-29 08:08:30,P0330,Nivea Body Lotion 400ml Bottle - Store Brand - Store Brand - Store Brand - Store Brand,Personal Care,3,24.87,1.24,13.92,C00495,Jeddah,E042,Web,Completed,0,23.63
ORD004182,2024-12-12 05:05:14,P0074,Pampers Baby Dry Bottle,Baby Care,1,142.89,21.43,55.94,C00169,Khobar,E107,Web,Completed,0,121.46
ORD004183,2025-07-02 03:51:02,P0008,Aspirin 100mg Bottle,Pain Relief,1,8.19,0.0,3.2,C00400,Mecca,E058,Web,Completed,0,8.19
ORD004184,2024-12-11 15:35:56,P0229,Imodium 2mg Box - Store Brand - Store Brand - Store Brand,Gastrointestinal,3,34.02,0.0,17.19,C00624,Mecca,E081,Web,Completed,0,34.02
ORD004185,2024-12-04 15:25:50,P0062,Earol Ear Drops Bottle,Ear Care,1,25.88,0.0,10.47,C00489,Medina,E025,Mobile,Completed,0,25.88
ORD004186,2025-02-07 07:20:27,P0281,Otrivin Nasal Spray Box - Store Brand - Store Brand - Store Brand,Cold & Flu,1,7.78,0.39,4.44,C00756,Dammam,E037,Mobile,Completed,0,7.39
ORD004187,2024-06-26 22:56:16,P0253,Duphaston 10mg Pack - Store Brand - Store Brand,Women's Health,1,37.64,0.0,14.81,C00424,Jeddah,E114,Web,Completed,0,37.64
ORD004188,2024-10-09 11:23:02,P0280,Clobetasol Cream 0.05% 30g Box - Store Brand - Store Brand,Dermatology,4,217.32,10.87,103.36,C00633,Khobar,E093,Web,Completed,0,206.45
ORD004189,2024-10-27 06:09:54,P0114,Otrivin Nasal Spray Box - Store Brand - Store Brand,Cold & Flu,4,51.8,7.77,25.76,C00844,Mecca,E066,Web,Completed,0,44.03
ORD004190,2025-09-02 20:24:12,P0150,Symbicort Inhaler Bottle - Store Brand - Store Brand - Store Brand,Respiratory,4,529.44,79.42,341.68,C00915,Medina,E113,Mobile,Completed,0,450.02
ORD004191,2025-09-09 06:23:44,P0324,Aspirin 100mg Pack - Store Brand - Store Brand - Store Brand - Store Brand,Pain Relief,4,11.72,0.0,2.88,C01085,Mecca,E097,Web,Returned,1,11.72
ORD004192,2025-05-09 08:00:35,P0051,Band-Aid Assorted Box,First Aid,1,13.65,0.0,5.7,C00351,Mecca,E028,Web,Returned,0,13.65
ORD004193,2025-04-17 01:50:02,P0126,Clobetasol Cream 0.05% 30g Box - Store Brand,Dermatology,1,71.37,0.0,33.7,C00346,Jeddah,E006,Mobile,Completed,0,71.37
ORD004194,2024-11-19 07:43:02,P0054,Clobetasol Cream 0.05% 30g Box,Dermatology,1,111.97,16.8,45.44,C00450,Khobar,E045,Retail,Completed,1,95.17
ORD004195,2024-09-07 13:14:55,P0289,Gaviscon 200ml Pack - Store Brand,Gastrointestinal,3,126.45,12.65,36.27,C00663,Medina,E065,Web,Returned,0,113.8
ORD004196,2024-06-29 23:57:24,P0031,Omega-3 Fish Oil Pack,Vitamins,2,188.58,18.86,84.54,C01018,Jeddah,E065,Mobile,Completed,0,169.72
ORD004197,2025-04-10 15:53:47,P0057,Mometasone Furoate 0.1% 15g Box,Dermatology,4,486.88,24.34,165.12,C00662,Riyadh,E041,Web,Completed,0,462.54
ORD004198,2025-08-01 14:25:36,P0082,Ventolin Inhaler Pack,Respiratory,1,202.9,20.29,83.69,C00957,Dammam,E015,Web,Completed,0,182.61
ORD004199,2025-05-26 21:57:19,P0343,Imodium 2mg Box - Store Brand - Store Brand - Store Brand - Store Brand,Gastrointestinal,1,7.49,0.0,4.36,C00639,Jeddah,E032,Web,Completed,0,7.49
ORD004200,2025-04-23 16:57:34,P0243,Cetaphil Gentle Cleanser Box - Store Brand,Skincare,5,300.9,15.04,95.7,C00194,Mecca,E001,Retail,Completed,1,285.86
ORD004201,2025-02-23 22:59:52,P0022,Otrivin Nasal Spray Pack,Cold & Flu,1,30.0,4.5,11.92,C01058,Khobar,E091,Web,Completed,1,25.5
ORD004202,2024-11-10 09:15:49,P0230,Clobetasol Cream 0.05% 30g Pack - Store Brand,Dermatology,1,71.71,10.76,26.76,C00058,Medina,E011,Mobile,Completed,1,60.95
ORD004203,2024-11-21 09:33:29,P0351,Band-Aid Assorted Bottle - Store Brand,First Aid,1,7.3,0.36,4.77,C00266,Riyadh,E092,Retail,Completed,0,6.94
ORD004204,2024-06-10 18:08:33,P0264,Redoxon Vitamin C 1000mg Pack - Store Brand,Vitamins,1,18.2,0.91,11.52,C00571,Medina,E051,Web,Completed,0,17.29
ORD004205,2025-03-31 09:21:04,P0007,Aspirin 100mg Pack,Pain Relief,4,31.16,0.0,11.88,C01200,Riyadh,E033,Mobile,Completed,0,31.16
ORD004206,2025-07-29 15:08:16,P0070,Johnson's Baby Oil 200ml Pack,Baby Care,4,156.72,0.0,62.4,C00551,Dammam,E104,Web,Completed,0,156.72
ORD004207,2024-12-24 01:43:35,P0037,Neutrogena Hydro Boost Pack,Skincare,1,125.66,18.85,44.5,C00296,Dammam,E120,Web,Completed,0,106.81
ORD004208,2024-10-19 15:10:21,P0343,Imodium 2mg Box - Store Brand - Store Brand - Store Brand - Store Brand,Gastrointestinal,5,37.45,1.87,21.8,C00007,Jeddah,E009,Mobile,Completed,1,35.58
ORD004209,2024-06-06 01:34:52,P0066,Gaviscon 200ml Box,Gastrointestinal,4,215.04,21.5,68.44,C00010,Jeddah,E030,Web,Completed,0,193.54
ORD004210,2025-06-16 22:56:45,P0225,Sensodyne Repair & Protect Box - Store Brand - Store Brand,Oral Care,5,89.35,4.47,24.25,C00921,Mecca,E080,Web,Completed,0,84.88
ORD004211,2024-06-02 14:37:51,P0357,Earol Ear Drops Pack - Store Brand - Store Brand - Store Brand - Store Brand - Store Brand,Ear Care,1,2.96,0.0,2.03,C00239,Dammam,E096,Web,Completed,0,2.96
ORD004212,2024-11-06 16:59:31,P0278,Pampers Baby Dry Pack - Store Brand - Store Brand - Store Brand,Baby Care,1,41.06,6.16,16.22,C00198,Mecca,E047,Mobile,Completed,0,34.9
ORD004213,2025-05-25 08:51:23,P0281,Otrivin Nasal Spray Box - Store Brand - Store Brand - Store Brand,Cold & Flu,3,23.34,0.0,13.32,C00201,Medina,E094,Mobile,Completed,1,23.34
ORD004214,2025-04-24 10:41:12,P0093,Multivitamin Gummies Kids Box,Vitamins,2,108.3,5.42,42.74,C00251,Mecca,E015,Web,Completed,1,102.88
ORD004215,2025-07-07 10:37:51,P0006,Panadol Advance Box,Pain Relief,1,16.39,2.46,7.6,C00518,Dammam,E056,Retail,Completed,0,13.93
ORD004216,2025-04-08 08:58:31,P0109,Band-Aid Assorted Bottle - Store Brand,First Aid,4,36.6,0.0,16.04,C00484,Mecca,E118,Web,Completed,0,36.6
ORD004217,2024-08-14 14:34:45,P0053,Clobetasol Cream 0.05% 30g Bottle,Dermatology,1,113.11,11.31,44.32,C00922,Dammam,E034,Mobile,Returned,1,101.8
ORD004218,2024-04-02 16:07:38,P0285,Voltaren Emulgel 50g Bottle - Store Brand - Store Brand - Store Brand,Pain Relief,1,18.88,0.94,9.9,C00583,Khobar,E088,Web,Completed,0,17.94
ORD004219,2025-01-24 19:36:50,P0369,Vicks VapoRub 50g Pack - Store Brand,Cold & Flu,2,25.3,2.53,9.24,C00384,Dammam,E059,Web,Completed,0,22.77
ORD004220,2024-03-27 22:08:12,P0203,Ventolin Inhaler Bottle - Store Brand,Respiratory,2,351.64,17.58,144.38,C01164,Riyadh,E052,Web,Completed,0,334.06
ORD004221,2025-01-29 09:06:39,P0170,Pampers Baby Dry Pack - Store Brand - Store Brand,Baby Care,1,55.48,8.32,21.48,C01051,Medina,E049,Retail,Completed,0,47.16
ORD004222,2024-06-24 06:56:08,P0399,Earol Ear Drops Pack - Store Brand - Store Brand - Store Brand - Store Brand - Store Brand,Ear Care,4,15.32,0.77,5.76,C00358,Jeddah,E101,Mobile,Completed,0,14.55
ORD004223,2025-06-17 06:24:13,P0396,Mometasone Furoate 0.1% 15g Box - Store Brand - Store Brand,Dermatology,4,267.72,13.39,79.68,C00649,Riyadh,E110,Retail,Completed,0,254.33
ORD004224,2025-03-31 09:17:21,P0029,Redoxon Vitamin C 1000mg Bottle,Vitamins,2,69.22,6.92,22.86,C00476,Riyadh,E098,Web,Completed,0,62.3
ORD004225,2025-06-30 23:45:51,P0219,Brufen 400mg Pack - Store Brand,Pain Relief,1,17.43,0.0,7.31,C00815,Riyadh,E117,Web,Completed,1,17.43
ORD004226,2025-06-08 15:19:51,P0027,Centrum Multivitamins Box,Vitamins,1,109.63,0.0,45.57,C00694,Dammam,E116,Web,Completed,1,109.63
ORD004227,2024-04-17 04:22:30,P0085,Symbicort Inhaler Pack,Respiratory,4,1558.92,155.89,724.56,C00754,Jeddah,E030,Web,Completed,0,1403.03
ORD004228,2024-08-29 15:36:39,P0027,Centrum Multivitamins Box,Vitamins,5,548.15,54.82,227.85,C00364,Jeddah,E075,Retail,Completed,0,493.33
ORD004229,2025-05-01 12:41:03,P0055,Mometasone Furoate 0.1% 15g Pack,Dermatology,3,319.11,47.87,142.11,C01194,Dammam,E045,Web,Returned,0,271.24
ORD004230,2024-06-22 21:29:02,P0040,Nivea Body Lotion 400ml Pack,Personal Care,1,41.14,6.17,13.45,C00307,Mecca,E096,Web,Completed,0,34.97
ORD004231,2025-03-26 00:15:37,P0138,Centrum Multivitamins Bottle - Store Brand,Vitamins,3,288.09,0.0,76.14,C00072,Medina,E040,Mobile,Completed,0,288.09
ORD004232,2025-01-09 05:19:53,P0242,Johnson's Baby Oil 200ml Bottle - Store Brand - Store Brand - Store Brand,Baby Care,1,18.1,0.0,4.43,C00492,Jeddah,E011,Mobile,Completed,0,18.1
ORD004233,2024-12-28 16:47:05,P0296,Otrivin Nasal Spray Box - Store Brand - Store Brand - Store Brand,Cold & Flu,3,27.57,2.76,9.99,C00064,Khobar,E074,Retail,Completed,0,24.81
ORD004234,2025-04-15 01:13:29,P0118,Mometasone Furoate 0.1% 15g Pack - Store Brand,Dermatology,2,131.82,6.59,73.02,C00109,Riyadh,E118,Web,Completed,1,125.23
ORD004235,2024-08-20 04:52:53,P0322,Pampers Baby Dry Bottle - Store Brand - Store Brand,Baby Care,4,303.84,45.58,149.96,C00260,Jeddah,E044,Mobile,Completed,1,258.26
ORD004236,2025-03-16 04:56:13,P0325,Panadol Extra Pack - Store Brand - Store Brand - Store Brand,Pain Relief,2,9.04,1.36,5.22,C00949,Dammam,E061,Web,Completed,0,7.68
ORD004237,2025-05-31 03:45:08,P0370,Johnson's Baby Oil 200ml Pack - Store Brand,Baby Care,2,61.64,3.08,24.94,C00698,Medina,E107,Mobile,Completed,0,58.56
ORD004238,2025-06-28 14:19:19,P0248,Voltaren Emulgel 50g Bottle - Store Brand - Store Brand,Pain Relief,1,29.1,2.91,8.61,C00239,Dammam,E029,Mobile,Cancelled,0,26.19
ORD004239,2025-05-22 09:35:49,P0005,Panadol Advance Bottle,Pain Relief,3,53.13,5.31,24.48,C00773,Dammam,E023,Web,Completed,0,47.82
ORD004240,2024-08-19 02:10:30,P0188,Symbicort Inhaler Bottle - Store Brand - Store Brand - Store Brand - Store Brand,Respiratory,1,98.62,0.0,64.51,C00728,Medina,E087,Mobile,Completed,0,98.62
ORD004241,2024-12-30 04:00:48,P0076,Duphaston 10mg Pack,Women's Health,4,319.16,0.0,111.64,C00999,Medina,E013,Web,Completed,0,319.16
ORD004242,2024-12-07 15:16:50,P0178,Band-Aid Assorted Bottle - Store Brand - Store Brand,First Aid,1,6.94,0.0,3.23,C00995,Riyadh,E040,Web,Completed,1,6.94
ORD004243,2024-10-04 00:21:25,P0092,Multivitamin Gummies Kids Bottle,Vitamins,2,123.08,6.15,43.1,C01130,Jeddah,E098,Web,Cancelled,0,116.93
ORD004244,2024-05-29 13:37:18,P0313,Clobetasol Cream 0.05% 30g Pack - Store Brand - Store Brand,Dermatology,1,64.87,9.73,16.06,C00785,Riyadh,E013,Mobile,Completed,0,55.14
ORD004245,2025-03-15 11:17:21,P0375,Otrivin Nasal Spray Pack - Store Brand,Cold & Flu,3,54.12,0.0,26.79,C00913,Medina,E040,Mobile,Cancelled,0,54.12
ORD004246,2024-12-14 02:16:44,P0197,Johnson's Baby Oil 200ml Bottle - Store Brand - Store Brand - Store Brand,Baby Care,5,87.25,13.09,27.4,C00127,Jeddah,E029,Mobile,Returned,1,74.16
ORD004247,2025-03-10 17:57:05,P0323,Panadol Extra Box - Store Brand - Store Brand - Store Brand,Pain Relief,2,9.68,1.45,2.82,C00766,Riyadh,E060,Mobile,Completed,0,8.23
ORD004248,2024-04-20 08:56:44,P0310,Aspirin 100mg Pack - Store Brand,Pain Relief,2,11.38,1.71,3.6,C00892,Khobar,E016,Web,Completed,0,9.67
ORD004249,2025-03-13 18:16:38,P0236,Band-Aid Assorted Bottle - Store Brand - Store Brand - Store Brand,First Aid,1,3.17,0.32,2.19,C01095,Medina,E029,Mobile,Completed,1,2.85
ORD004250,2025-06-06 20:20:11,P0211,Colgate Total Pack - Store Brand,Oral Care,2,32.24,1.61,13.5,C00285,Medina,E115,Web,Completed,1,30.63
ORD004251,2024-06-11 09:42:53,P0148,Redoxon Vitamin C 1000mg Pack - Store Brand - Store Brand,Vitamins,3,44.52,4.45,18.06,C00093,Khobar,E047,Retail,Completed,0,40.07
ORD004252,2024-07-22 21:06:58,P0134,Symbicort Inhaler Pack - Store Brand,Respiratory,3,903.36,135.5,332.76,C00642,Dammam,E060,Web,Completed,0,767.86
ORD004253,2024-11-17 09:31:39,P0239,Omega-3 Fish Oil Pack - Store Brand - Store Brand - Store Brand,Vitamins,3,95.4,0.0,46.17,C00341,Medina,E107,Retail,Completed,0,95.4
ORD004254,2025-07-21 16:37:27,P0027,Centrum Multivitamins Box,Vitamins,4,438.52,65.78,182.28,C00029,Jeddah,E001,Mobile,Completed,0,372.74
ORD004255,2025-02-01 13:14:45,P0325,Panadol Extra Pack - Store Brand - Store Brand - Store Brand,Pain Relief,2,9.04,1.36,5.22,C00334,Dammam,E097,Web,Returned,0,7.68
ORD004256,2025-08-28 03:08:06,P0236,Band-Aid Assorted Bottle - Store Brand - Store Brand - Store Brand,First Aid,2,6.34,0.32,4.38,C00657,Jeddah,E045,Mobile,Cancelled,1,6.02
ORD004257,2025-06-25 03:17:55,P0333,Gaviscon 200ml Bottle - Store Brand - Store Brand - Store Brand,Gastrointestinal,1,24.12,1.21,6.87,C00548,Khobar,E090,Retail,Cancelled,1,22.91
ORD004258,2024-10-21 15:22:26,P0392,Gaviscon 200ml Bottle - Store Brand - Store Brand,Gastrointestinal,1,25.16,3.77,9.58,C00413,Mecca,E007,Web,Completed,1,21.39
ORD004259,2025-01-24 06:00:54,P0222,Band-Aid Assorted Bottle - Store Brand - Store Brand,First Aid,4,26.04,3.91,10.96,C00439,Medina,E114,Mobile,Completed,1,22.13
ORD004260,2024-10-13 21:32:26,P0167,Pampers Baby Dry Pack - Store Brand,Baby Care,3,246.69,37.0,101.1,C00478,Jeddah,E084,Mobile,Completed,0,209.69
ORD004261,2025-06-19 02:00:20,P0070,Johnson's Baby Oil 200ml Pack,Baby Care,2,78.36,11.75,31.2,C00079,Riyadh,E096,Web,Completed,0,66.61
ORD004262,2024-10-22 15:02:26,P0296,Otrivin Nasal Spray Box - Store Brand - Store Brand - Store Brand,Cold & Flu,4,36.76,3.68,13.32,C00004,Riyadh,E111,Web,Completed,0,33.08
ORD004263,2024-10-05 15:00:35,P0181,Centrum Multivitamins Pack - Store Brand,Vitamins,1,80.12,8.01,28.79,C00185,Mecca,E031,Web,Completed,0,72.11
ORD004264,2025-05-31 06:42:44,P0256,Imodium 2mg Box - Store Brand - Store Brand - Store Brand - Store Brand,Gastrointestinal,3,21.51,3.23,14.28,C00744,Jeddah,E041,Retail,Completed,0,18.28
ORD004265,2024-12-06 10:27:31,P0098,Panadol Advance Pack - Store Brand,Pain Relief,4,45.24,2.26,20.32,C00567,Mecca,E057,Mobile,Completed,0,42.98
ORD004266,2025-04-01 09:06:51,P0176,Clobetasol Cream 0.05% 30g Pack - Store Brand - Store Brand,Dermatology,2,135.32,13.53,34.6,C00449,Khobar,E030,Mobile,Completed,0,121.79
ORD004267,2025-01-29 22:06:05,P0288,Duphaston 10mg Pack - Store Brand - Store Brand,Women's Health,2,66.52,3.33,27.68,C00649,Riyadh,E093,Mobile,Completed,1,63.19
ORD004268,2024-11-13 06:31:51,P0187,Omega-3 Fish Oil Pack - Store Brand,Vitamins,5,338.35,0.0,172.6,C00068,Riyadh,E090,Retail,Completed,0,338.35
ORD004269,2025-03-26 16:38:37,P0024,Otrivin Nasal Spray Box,Cold & Flu,1,24.5,1.23,11.45,C00331,Medina,E008,Retail,Completed,0,23.27
ORD004270,2024-12-21 04:18:31,P0040,Nivea Body Lotion 400ml Pack,Personal Care,1,41.14,6.17,13.45,C01059,Mecca,E028,Web,Cancelled,0,34.97
ORD004271,2024-04-14 17:42:08,P0065,Gaviscon 200ml Bottle,Gastrointestinal,1,50.56,0.0,17.49,C01084,Riyadh,E103,Mobile,Completed,0,50.56
ORD004272,2025-04-28 03:58:38,P0290,NeoCitran Hot Drink Pack - Store Brand - Store Brand - Store Brand,Cold & Flu,1,8.67,1.3,4.48,C00841,Dammam,E081,Mobile,Completed,0,7.37
ORD004273,2025-01-23 10:31:55,P0039,Neutrogena Hydro Boost Box,Skincare,2,253.9,38.08,86.42,C00997,Riyadh,E035,Mobile,Cancelled,1,215.82
ORD004274,2025-02-21 10:08:31,P0037,Neutrogena Hydro Boost Pack,Skincare,3,376.98,18.85,133.5,C00139,Jeddah,E028,Retail,Returned,1,358.13
ORD004275,2024-08-22 15:30:14,P0265,NeoCitran Hot Drink Pack - Store Brand - Store Brand - Store Brand,Cold & Flu,4,44.44,6.67,20.08,C00519,Dammam,E034,Web,Completed,0,37.77
ORD004276,2025-06-13 00:34:37,P0132,Neutrogena Hydro Boost Pack - Store Brand,Skincare,1,94.82,0.0,34.27,C00928,Riyadh,E007,Retail,Completed,1,94.82
ORD004277,2025-02-24 18:48:13,P0312,Femibion Prenatal Bottle - Store Brand - Store Brand,Vitamins,1,97.42,0.0,29.28,C01090,Khobar,E088,Retail,Completed,1,97.42
ORD004278,2024-11-10 05:33:56,P0245,Imodium 2mg Box - Store Brand,Gastrointestinal,5,129.0,12.9,34.8,C00353,Khobar,E076,Retail,Completed,1,116.1
ORD004279,2024-08-27 00:14:31,P0153,Aspirin 100mg Bottle - Store Brand - Store Brand,Pain Relief,2,7.98,0.4,3.16,C00112,Medina,E111,Mobile,Completed,0,7.58
ORD004280,2024-10-04 09:37:11,P0055,Mometasone Furoate 0.1% 15g Pack,Dermatology,1,106.37,10.64,47.37,C00228,Khobar,E058,Retail,Completed,1,95.73
ORD004281,2025-05-07 03:50:14,P0090,Colgate Total Box,Oral Care,2,38.46,3.85,15.32,C00855,Riyadh,E003,Retail,Completed,0,34.61
ORD004282,2025-02-04 08:13:59,P0116,Otrivin Nasal Spray Bottle - Store Brand,Cold & Flu,1,19.47,2.92,7.04,C00509,Riyadh,E004,Mobile,Completed,1,16.55
ORD004283,2024-12-07 11:41:56,P0183,Band-Aid Assorted Box - Store Brand - Store Brand - Store Brand,First Aid,2,12.68,1.9,5.36,C00366,Jeddah,E008,Web,Completed,0,10.78
ORD004284,2024-07-25 04:23:01,P0187,Omega-3 Fish Oil Pack - Store Brand,Vitamins,2,135.34,6.77,69.04,C01200,Riyadh,E114,Mobile,Returned,0,128.57
ORD004285,2025-06-08 16:32:42,P0071,Johnson's Baby Oil 200ml Bottle,Baby Care,1,36.81,1.84,15.63,C00801,Dammam,E063,Web,Completed,0,34.97
ORD004286,2025-08-27 01:26:13,P0020,NeoCitran Hot Drink Bottle,Cold & Flu,1,20.19,1.01,10.78,C00438,Riyadh,E117,Retail,Completed,1,19.18
ORD004287,2024-03-29 22:40:35,P0015,Brufen 400mg Box,Pain Relief,1,21.27,0.0,8.36,C01062,Mecca,E063,Mobile,Completed,1,21.27
ORD004288,2025-08-02 23:42:27,P0373,Femibion Prenatal Pack - Store Brand - Store Brand,Vitamins,1,87.58,0.0,37.03,C00666,Riyadh,E105,Web,Completed,0,87.58
ORD004289,2025-03-11 10:20:36,P0101,Cetaphil Gentle Cleanser Pack - Store Brand,Skincare,2,99.86,9.99,42.24,C00371,Dammam,E057,Mobile,Completed,0,89.87
ORD004290,2024-03-31 05:24:23,P0012,Voltaren Emulgel 50g Box,Pain Relief,1,49.02,4.9,20.53,C00312,Medina,E060,Web,Returned,0,44.12
ORD004291,2025-08-17 13:18:44,P0003,Panadol Extra Box,Pain Relief,1,13.26,0.0,4.28,C00575,Mecca,E112,Web,Completed,0,13.26
ORD004292,2025-03-30 04:20:55,P0291,Clobetasol Cream 0.05% 30g Pack - Store Brand - Store Brand - Store Brand - Store Brand - Store Brand,Dermatology,1,34.2,0.0,6.04,C00414,Medina,E079,Web,Completed,1,34.2
ORD004293,2025-05-27 08:04:01,P0314,Omega-3 Fish Oil Bottle - Store Brand,Vitamins,4,238.64,11.93,107.72,C00185,Mecca,E102,Mobile,Completed,0,226.71
ORD004294,2024-09-29 19:30:42,P0362,Band-Aid Assorted Bottle - Store Brand - Store Brand - Store Brand,First Aid,3,13.26,0.0,5.73,C00318,Khobar,E055,Web,Completed,0,13.26
ORD004295,2024-10-11 18:21:50,P0220,Panadol Advance Box - Store Brand,Pain Relief,5,50.15,0.0,23.9,C00087,Jeddah,E071,Mobile,Completed,0,50.15
ORD004296,2025-06-22 09:20:49,P0374,Johnson's Baby Oil 200ml Box - Store Brand - Store Brand,Baby Care,1,24.59,1.23,7.19,C00667,Jeddah,E024,Retail,Completed,0,23.36
ORD004297,2025-02-24 09:32:30,P0281,Otrivin Nasal Spray Box - Store Brand - Store Brand - Store Brand,Cold & Flu,1,7.78,0.78,4.44,C00707,Medina,E020,Web,Completed,0,7.0
ORD004298,2024-06-27 10:27:54,P0208,Voltaren Emulgel 50g Box - Store Brand,Pain Relief,3,99.21,4.96,41.43,C00772,Medina,E027,Mobile,Completed,0,94.25
ORD004299,2025-07-07 11:30:43,P0366,Omega-3 Fish Oil Box - Store Brand - Store Brand,Vitamins,5,209.85,31.48,104.05,C01130,Jeddah,E049,Web,Completed,0,178.37
ORD004300,2024-09-29 22:55:37,P0193,Mometasone Furoate 0.1% 15g Pack - Store Brand - Store Brand,Dermatology,1,41.91,6.29,29.78,C00036,Mecca,E046,Web,Completed,0,35.62
ORD004301,2024-04-14 18:24:06,P0368,Sensodyne Repair & Protect Box - Store Brand - Store Brand - Store Brand,Oral Care,2,24.86,0.0,7.82,C00916,Jeddah,E103,Web,Completed,0,24.86
ORD004302,2024-08-09 18:42:06,P0308,Omega-3 Fish Oil Pack - Store Brand - Store Brand - Store Brand,Vitamins,3,132.03,6.6,55.65,C00624,Mecca,E119,Web,Completed,0,125.43
ORD004303,2024-09-05 23:10:22,P0398,Johnson's Baby Oil 200ml Box - Store Brand,Baby Care,1,30.69,3.07,9.35,C00403,Mecca,E001,Web,Completed,0,27.62
ORD004304,2025-08-20 22:43:14,P0234,Earol Ear Drops Pack - Store Brand - Store Brand,Ear Care,5,37.7,1.89,27.15,C00497,Dammam,E090,Web,Cancelled,1,35.81
ORD004305,2025-04-28 16:09:38,P0024,Otrivin Nasal Spray Box,Cold & Flu,1,24.5,0.0,11.45,C00510,Dammam,E039,Mobile,Completed,0,24.5
ORD004306,2025-06-06 01:43:32,P0021,NeoCitran Hot Drink Box,Cold & Flu,1,23.29,0.0,10.17,C00130,Dammam,E117,Retail,Completed,0,23.29
ORD004307,2025-03-06 03:55:55,P0299,Mometasone Furoate 0.1% 15g Pack - Store Brand - Store Brand - Store Brand - Store Brand,Dermatology,1,20.36,2.04,20.48,C00567,Mecca,E057,Mobile,Completed,1,18.32
ORD004308,2024-08-28 20:46:30,P0374,Johnson's Baby Oil 200ml Box - Store Brand - Store Brand,Baby Care,2,49.18,2.46,14.38,C00104,Jeddah,E035,Mobile,Completed,0,46.72
ORD004309,2024-09-22 19:41:46,P0140,Ventolin Inhaler Bottle - Store Brand,Respiratory,2,297.34,0.0,138.76,C01166,Jeddah,E048,Retail,Completed,1,297.34
ORD004310,2024-07-13 20:34:31,P0393,Nivea Body Lotion 400ml Bottle - Store Brand - Store Brand - Store Brand - Store Brand,Personal Care,4,29.24,1.46,17.2,C00057,Khobar,E098,Mobile,Completed,0,27.78
ORD004311,2024-07-03 02:39:45,P0026,Centrum Multivitamins Bottle,Vitamins,2,227.8,0.0,77.26,C00331,Medina,E065,Web,Completed,0,227.8
ORD004312,2025-08-07 03:16:41,P0363,Earol Ear Drops Pack - Store Brand,Ear Care,2,29.36,4.4,14.46,C00201,Medina,E100,Mobile,Completed,0,24.96
ORD004313,2024-12-09 08:52:23,P0102,Otrivin Nasal Spray Box - Store Brand,Cold & Flu,4,67.88,0.0,31.84,C00391,Jeddah,E032,Web,Completed,1,67.88
ORD004314,2025-07-17 23:36:57,P0162,Johnson's Baby Oil 200ml Bottle - Store Brand,Baby Care,1,25.99,2.6,10.85,C00887,Mecca,E034,Mobile,Completed,0,23.39
ORD004315,2025-08-29 10:01:16,P0388,Band-Aid Assorted Box - Store Brand - Store Brand,First Aid,3,19.98,0.0,10.05,C00965,Jeddah,E106,Mobile,Completed,0,19.98
ORD004316,2025-06-20 12:14:02,P0305,Multivitamin Gummies Kids Bottle - Store Brand,Vitamins,3,134.04,13.4,50.01,C00957,Dammam,E095,Web,Completed,0,120.64
ORD004317,2024-11-01 17:56:55,P0277,Redoxon Vitamin C 1000mg Pack - Store Brand,Vitamins,2,48.56,4.86,22.42,C00815,Riyadh,E006,Web,Completed,1,43.7
ORD004318,2025-02-06 17:37:42,P0360,Otrivin Nasal Spray Bottle - Store Brand - Store Brand - Store Brand,Cold & Flu,2,18.1,1.81,9.66,C01005,Riyadh,E045,Mobile,Completed,0,16.29
ORD004319,2025-01-03 00:14:52,P0375,Otrivin Nasal Spray Pack - Store Brand,Cold & Flu,4,72.16,0.0,35.72,C00247,Riyadh,E110,Web,Completed,0,72.16
ORD004320,2025-08-20 17:59:04,P0329,Mometasone Furoate 0.1% 15g Pack - Store Brand - Store Brand - Store Brand,Dermatology,1,39.37,5.91,17.6,C00487,Dammam,E100,Web,Completed,1,33.46
ORD004321,2025-07-23 10:17:17,P0323,Panadol Extra Box - Store Brand - Store Brand - Store Brand,Pain Relief,2,9.68,1.45,2.82,C00184,Mecca,E035,Web,Completed,0,8.23
ORD004322,2024-10-29 11:00:09,P0159,Panadol Extra Box - Store Brand,Pain Relief,4,38.12,0.0,10.84,C01139,Dammam,E017,Web,Completed,0,38.12
ORD004323,2025-06-21 17:53:34,P0269,Aspirin 100mg Bottle - Store Brand - Store Brand - Store Brand,Pain Relief,4,11.76,0.59,3.52,C00246,Khobar,E062,Mobile,Completed,0,11.17
ORD004324,2025-04-10 06:00:20,P0152,NeoCitran Hot Drink Pack - Store Brand - Store Brand,Cold & Flu,1,10.44,1.04,6.58,C00941,Riyadh,E112,Web,Completed,0,9.4
ORD004325,2025-05-22 03:52:51,P0152,NeoCitran Hot Drink Pack - Store Brand - Store Brand,Cold & Flu,4,41.76,6.26,26.32,C00178,Medina,E060,Retail,Returned,0,35.5
ORD004326,2025-02-24 21:54:10,P0221,Otrivin Nasal Spray Box - Store Brand - Store Brand - Store Brand,Cold & Flu,2,18.0,0.9,9.5,C00642,Dammam,E087,Mobile,Completed,1,17.1
ORD004327,2024-06-22 03:58:56,P0241,Imodium 2mg Box - Store Brand - Store Brand,Gastrointestinal,1,19.07,1.91,5.81,C00252,Riyadh,E076,Web,Completed,0,17.16
ORD004328,2025-03-07 19:22:16,P0017,Vicks VapoRub 50g Bottle,Cold & Flu,2,30.5,3.05,11.44,C00382,Jeddah,E080,Mobile,Completed,0,27.45
ORD004329,2024-06-27 05:22:32,P0268,Duphaston 10mg Pack - Store Brand - Store Brand - Store Brand,Women's Health,3,76.14,3.81,34.68,C00539,Riyadh,E063,Web,Completed,0,72.33
ORD004330,2024-08-23 06:00:51,P0249,Duphaston 10mg Pack - Store Brand - Store Brand,Women's Health,4,159.8,15.98,54.88,C00971,Jeddah,E105,Web,Completed,0,143.82
ORD004331,2024-10-23 13:56:49,P0115,NeoCitran Hot Drink Pack - Store Brand,Cold & Flu,1,16.2,0.0,8.05,C00089,Dammam,E008,Web,Returned,0,16.2
ORD004332,2025-05-28 13:57:20,P0372,Aspirin 100mg Bottle - Store Brand - Store Brand - Store Brand,Pain Relief,1,3.07,0.31,1.31,C00604,Riyadh,E046,Web,Returned,0,2.76
ORD004333,2025-02-23 22:52:24,P0062,Earol Ear Drops Bottle,Ear Care,4,103.52,0.0,41.88,C00806,Khobar,E055,Retail,Returned,0,103.52
ORD004334,2024-08-28 01:27:31,P0068,Imodium 2mg Bottle,Gastrointestinal,1,30.04,4.51,11.79,C00137,Mecca,E090,Retail,Completed,1,25.53
ORD004335,2025-04-22 07:13:23,P0353,Duphaston 10mg Pack - Store Brand - Store Brand,Women's Health,1,40.23,4.02,13.62,C00726,Dammam,E098,Web,Cancelled,0,36.21
ORD004336,2024-04-15 05:54:58,P0139,Duphaston 10mg Bottle - Store Brand,Women's Health,2,132.08,0.0,49.44,C01150,Riyadh,E038,Web,Completed,0,132.08
ORD004337,2024-12-03 23:58:38,P0259,NeoCitran Hot Drink Pack - Store Brand - Store Brand,Cold & Flu,3,41.04,4.1,18.54,C00102,Dammam,E099,Web,Completed,1,36.94
ORD004338,2025-06-18 20:28:42,P0148,Redoxon Vitamin C 1000mg Pack - Store Brand - Store Brand,Vitamins,1,14.84,2.23,6.02,C00431,Jeddah,E072,Web,Completed,0,12.61
ORD004339,2024-05-15 05:25:55,P0022,Otrivin Nasal Spray Pack,Cold & Flu,3,90.0,13.5,35.76,C00673,Khobar,E005,Mobile,Returned,0,76.5
ORD004340,2025-08-06 21:50:39,P0257,Refresh Tears Eye Drops Pack - Store Brand,Eye Care,3,104.82,0.0,37.86,C00092,Medina,E005,Web,Completed,0,104.82
ORD004341,2025-06-29 20:11:05,P0327,Neutrogena Hydro Boost Box - Store Brand,Skincare,1,82.1,0.0,27.8,C00823,Mecca,E048,Mobile,Completed,0,82.1
ORD004342,2025-02-01 05:43:15,P0009,Aspirin 100mg Box,Pain Relief,1,7.35,0.0,2.95,C00104,Jeddah,E079,Mobile,Completed,0,7.35
ORD004343,2024-09-07 14:54:36,P0366,Omega-3 Fish Oil Box - Store Brand - Store Brand,Vitamins,5,209.85,31.48,104.05,C00378,Dammam,E032,Web,Completed,0,178.37
ORD004344,2025-08-22 00:35:54,P0033,Omega-3 Fish Oil Box,Vitamins,3,301.98,15.1,115.47,C00385,Khobar,E070,Mobile,Completed,0,286.88
ORD004345,2025-08-13 15:09:26,P0400,Neutrogena Hydro Boost Box - Store Brand,Skincare,5,522.4,0.0,175.5,C01040,Jeddah,E072,Mobile,Completed,0,522.4
ORD004346,2024-10-29 00:50:17,P0309,Panadol Extra Pack - Store Brand - Store Brand,Pain Relief,5,34.85,5.23,16.7,C00922,Dammam,E067,Web,Completed,1,29.62
ORD004347,2025-02-21 17:28:25,P0290,NeoCitran Hot Drink Pack - Store Brand - Store Brand - Store Brand,Cold & Flu,2,17.34,1.73,8.96,C00255,Medina,E113,Mobile,Completed,0,15.61
ORD004348,2025-05-19 06:07:59,P0395,Omega-3 Fish Oil Pack - Store Brand - Store Brand - Store Brand - Store Brand,Vitamins,1,24.24,0.0,10.94,C00250,Khobar,E024,Web,Completed,1,24.24
ORD004349,2025-02-23 19:34:47,P0006,Panadol Advance Box,Pain Relief,1,16.39,1.64,7.6,C00484,Mecca,E020,Mobile,Completed,0,14.75
ORD004350,2024-04-15 06:13:44,P0220,Panadol Advance Box - Store Brand,Pain Relief,1,10.03,0.5,4.78,C00692,Riyadh,E099,Mobile,Completed,1,9.53
ORD004351,2025-07-01 10:28:07,P0059,Refresh Tears Eye Drops Bottle,Eye Care,4,180.08,27.01,61.04,C00087,Jeddah,E031,Web,Completed,0,153.07
ORD004352,2025-04-29 12:44:47,P0134,Symbicort Inhaler Pack - Store Brand,Respiratory,1,301.12,45.17,110.92,C00423,Riyadh,E057,Mobile,Completed,0,255.95
ORD004353,2024-11-19 14:34:26,P0388,Band-Aid Assorted Box - Store Brand - Store Brand,First Aid,1,6.66,1.0,3.35,C00436,Medina,E085,Web,Returned,0,5.66
ORD004354,2025-01-15 05:56:27,P0065,Gaviscon 200ml Bottle,Gastrointestinal,4,202.24,10.11,69.96,C00549,Medina,E102,Mobile,Completed,0,192.13
ORD004355,2024-06-02 07:29:00,P0014,Brufen 400mg Bottle,Pain Relief,4,90.76,9.08,32.24,C00629,Dammam,E104,Web,Completed,0,81.68
ORD004356,2024-08-22 04:39:30,P0071,Johnson's Baby Oil 200ml Bottle,Baby Care,2,73.62,0.0,31.26,C00850,Mecca,E020,Mobile,Completed,0,73.62
ORD004357,2025-05-28 10:52:43,P0035,Cetaphil Gentle Cleanser Bottle,Skincare,5,448.65,67.3,174.65,C00850,Mecca,E035,Mobile,Completed,1,381.35
ORD004358,2025-02-10 20:54:55,P0395,Omega-3 Fish Oil Pack - Store Brand - Store Brand - Store Brand - Store Brand,Vitamins,3,72.72,0.0,32.82,C00737,Medina,E115,Web,Cancelled,0,72.72
ORD004359,2024-07-09 00:21:24,P0294,Colgate Total Bottle - Store Brand,Oral Care,2,29.64,1.48,9.4,C00355,Dammam,E032,Mobile,Completed,0,28.16
ORD004360,2024-10-15 19:14:50,P0354,Band-Aid Assorted Bottle - Store Brand - Store Brand,First Aid,1,5.15,0.77,2.99,C00088,Dammam,E018,Web,Completed,1,4.38
ORD004361,2024-08-31 08:42:39,P0145,Refresh Tears Eye Drops Box - Store Brand - Store Brand,Eye Care,1,19.22,1.92,11.74,C01138,Mecca,E007,Retail,Completed,0,17.3
ORD004362,2024-08-28 05:28:20,P0298,Aspirin 100mg Bottle - Store Brand - Store Brand,Pain Relief,2,7.72,1.16,2.92,C00661,Jeddah,E118,Web,Completed,0,6.56
ORD004363,2025-04-12 01:06:54,P0385,Otrivin Nasal Spray Box - Store Brand - Store Brand,Cold & Flu,2,26.52,0.0,11.5,C00123,Khobar,E119,Web,Completed,1,26.52
ORD004364,2025-09-07 04:16:33,P0088,Colgate Total Pack,Oral Care,4,75.96,7.6,37.36,C00082,Riyadh,E087,Mobile,Completed,0,68.36
ORD004365,2025-03-15 13:15:21,P0312,Femibion Prenatal Bottle - Store Brand - Store Brand,Vitamins,2,194.84,0.0,58.56,C00897,Mecca,E007,Retail,Completed,0,194.84
ORD004366,2025-01-24 05:44:55,P0088,Colgate Total Pack,Oral Care,2,37.98,5.7,18.68,C01101,Medina,E084,Web,Completed,0,32.28
ORD004367,2024-09-05 20:04:21,P0055,Mometasone Furoate 0.1% 15g Pack,Dermatology,5,531.85,26.59,236.85,C00421,Riyadh,E022,Web,Completed,0,505.26
ORD004368,2024-10-07 07:30:15,P0091,Multivitamin Gummies Kids Pack,Vitamins,5,305.0,30.5,122.85,C00804,Jeddah,E025,Retail,Completed,0,274.5
ORD004369,2024-04-24 19:58:53,P0055,Mometasone Furoate 0.1% 15g Pack,Dermatology,1,106.37,5.32,47.37,C00761,Mecca,E012,Retail,Completed,1,101.05
ORD004370,2024-10-03 04:42:15,P0169,Ventolin Inhaler Box - Store Brand,Respiratory,2,381.78,0.0,136.92,C00661,Jeddah,E111,Web,Completed,0,381.78
ORD004371,2024-05-26 07:09:48,P0124,Voltaren Emulgel 50g Bottle - Store Brand - Store Brand,Pain Relief,2,44.2,0.0,24.02,C00373,Medina,E074,Retail,Completed,0,44.2
ORD004372,2024-12-12 07:29:08,P0165,Otrivin Nasal Spray Box - Store Brand - Store Brand,Cold & Flu,2,25.32,0.0,9.58,C00230,Medina,E031,Web,Completed,0,25.32
ORD004373,2024-04-30 13:00:58,P0394,Femibion Prenatal Pack - Store Brand - Store Brand,Vitamins,2,135.64,13.56,75.98,C00085,Jeddah,E025,Retail,Completed,1,122.08
ORD004374,2025-02-14 18:23:50,P0118,Mometasone Furoate 0.1% 15g Pack - Store Brand,Dermatology,2,131.82,6.59,73.02,C00238,Mecca,E024,Retail,Completed,0,125.23
ORD004375,2024-10-25 18:57:59,P0334,Earol Ear Drops Pack - Store Brand - Store Brand - Store Brand - Store Brand,Ear Care,1,4.5,0.22,3.21,C00569,Jeddah,E071,Web,Completed,0,4.28
ORD004376,2025-04-08 09:22:24,P0232,Clobetasol Cream 0.05% 30g Box - Store Brand,Dermatology,1,86.45,8.65,32.72,C00274,Khobar,E020,Web,Completed,0,77.8
ORD004377,2024-12-19 11:44:14,P0270,Redoxon Vitamin C 1000mg Pack - Store Brand - Store Brand,Vitamins,2,35.0,3.5,14.82,C00517,Khobar,E075,Mobile,Completed,0,31.5
ORD004378,2024-12-07 04:50:33,P0357,Earol Ear Drops Pack - Store Brand - Store Brand - Store Brand - Store Brand - Store Brand,Ear Care,4,11.84,1.78,8.12,C00343,Khobar,E003,Mobile,Completed,1,10.06
ORD004379,2024-06-05 06:53:57,P0097,Femibion Prenatal Box - Store Brand,Vitamins,5,597.4,59.74,246.55,C00366,Jeddah,E028,Web,Cancelled,0,537.66
ORD004380,2024-04-26 17:23:48,P0254,Imodium 2mg Box - Store Brand - Store Brand - Store Brand,Gastrointestinal,1,11.74,0.0,4.76,C00749,Medina,E081,Web,Completed,0,11.74
ORD004381,2024-06-26 21:30:19,P0370,Johnson's Baby Oil 200ml Pack - Store Brand,Baby Care,1,30.82,4.62,12.47,C01176,Dammam,E010,Web,Completed,0,26.2
ORD004382,2024-06-15 10:12:52,P0287,Pampers Baby Dry Bottle - Store Brand - Store Brand,Baby Care,2,167.46,25.12,63.98,C00078,Riyadh,E037,Web,Returned,1,142.34
ORD004383,2024-06-16 14:06:16,P0187,Omega-3 Fish Oil Pack - Store Brand,Vitamins,1,67.67,10.15,34.52,C01089,Jeddah,E031,Retail,Completed,0,57.52
ORD004384,2024-09-29 21:50:06,P0161,Gaviscon 200ml Bottle - Store Brand,Gastrointestinal,1,38.03,1.9,14.62,C00011,Dammam,E057,Web,Completed,0,36.13
ORD004385,2025-02-07 08:26:17,P0236,Band-Aid Assorted Bottle - Store Brand - Store Brand - Store Brand,First Aid,2,6.34,0.63,4.38,C00305,Mecca,E051,Retail,Completed,0,5.71
ORD004386,2025-01-28 23:35:38,P0184,Mometasone Furoate 0.1% 15g Box - Store Brand,Dermatology,1,83.84,12.58,32.45,C00458,Riyadh,E046,Web,Completed,0,71.26
ORD004387,2024-10-03 13:46:38,P0371,Clobetasol Cream 0.05% 30g Box - Store Brand - Store Brand - Store Brand,Dermatology,2,73.2,7.32,39.2,C00872,Dammam,E044,Web,Completed,0,65.88
ORD004388,2024-05-04 00:28:15,P0098,Panadol Advance Pack - Store Brand,Pain Relief,3,33.93,5.09,15.24,C00889,Riyadh,E081,Retail,Completed,0,28.84
ORD004389,2025-03-11 03:22:12,P0187,Omega-3 Fish Oil Pack - Store Brand,Vitamins,3,203.01,0.0,103.56,C00299,Mecca,E001,Web,Returned,1,203.01
ORD004390,2025-05-24 01:21:55,P0021,NeoCitran Hot Drink Box,Cold & Flu,2,46.58,6.99,20.34,C00335,Khobar,E075,Web,Completed,0,39.59
ORD004391,2024-05-17 02:44:47,P0194,Savlon Antiseptic 100ml Bottle - Store Brand,First Aid,5,72.4,0.0,29.9,C01143,Jeddah,E090,Mobile,Completed,1,72.4
ORD004392,2025-09-08 11:24:23,P0394,Femibion Prenatal Pack - Store Brand - Store Brand,Vitamins,2,135.64,6.78,75.98,C00008,Medina,E031,Web,Completed,0,128.86
ORD004393,2024-09-18 15:51:30,P0344,Redoxon Vitamin C 1000mg Pack - Store Brand - Store Brand - Store Brand - Store Brand,Vitamins,1,7.58,0.76,2.24,C00616,Khobar,E035,Mobile,Completed,0,6.82
ORD004394,2024-05-25 13:59:12,P0273,Aspirin 100mg Bottle - Store Brand - Store Brand - Store Brand,Pain Relief,4,10.28,1.54,4.2,C00042,Medina,E043,Web,Completed,1,8.74
ORD004395,2025-06-17 18:34:49,P0197,Johnson's Baby Oil 200ml Bottle - Store Brand - Store Brand - Store Brand,Baby Care,1,17.45,0.87,5.48,C00002,Jeddah,E111,Web,Completed,0,16.58
ORD004396,2024-07-15 20:24:33,P0101,Cetaphil Gentle Cleanser Pack - Store Brand,Skincare,1,49.93,7.49,21.12,C00006,Medina,E088,Web,Completed,0,42.44
ORD004397,2025-07-23 19:30:30,P0043,Sensodyne Repair & Protect Pack,Oral Care,5,139.6,13.96,49.85,C00168,Riyadh,E095,Web,Completed,0,125.64
ORD004398,2024-11-14 13:09:51,P0121,Aspirin 100mg Pack - Store Brand - Store Brand,Pain Relief,1,4.51,0.0,1.35,C00407,Riyadh,E042,Mobile,Completed,0,4.51
ORD004399,2024-11-23 11:05:15,P0133,Otrivin Nasal Spray Box - Store Brand - Store Brand,Cold & Flu,1,10.63,0.53,6.27,C00578,Dammam,E025,Web,Completed,0,10.1
ORD004400,2024-09-13 03:57:07,P0264,Redoxon Vitamin C 1000mg Pack - Store Brand,Vitamins,5,91.0,4.55,57.6,C00586,Jeddah,E098,Web,Completed,0,86.45
ORD004401,2024-11-13 01:08:49,P0307,Duphaston 10mg Pack - Store Brand - Store Brand - Store Brand,Women's Health,1,23.95,0.0,10.28,C00369,Khobar,E001,Mobile,Completed,0,23.95
ORD004402,2024-06-23 19:13:29,P0130,Symbicort Inhaler Bottle - Store Brand - Store Brand,Respiratory,2,378.58,37.86,205.64,C00278,Jeddah,E030,Web,Completed,0,340.72
ORD004403,2024-06-05 10:48:24,P0393,Nivea Body Lotion 400ml Bottle - Store Brand - Store Brand - Store Brand - Store Brand,Personal Care,3,21.93,0.0,12.9,C00386,Riyadh,E107,Retail,Completed,0,21.93
ORD004404,2024-06-17 10:23:13,P0115,NeoCitran Hot Drink Pack - Store Brand,Cold & Flu,4,64.8,6.48,32.2,C00583,Khobar,E091,Mobile,Completed,0,58.32
ORD004405,2024-09-03 18:22:26,P0037,Neutrogena Hydro Boost Pack,Skincare,5,628.3,94.24,222.5,C00987,Khobar,E012,Web,Completed,0,534.06
ORD004406,2025-01-12 15:40:45,P0202,Symbicort Inhaler Bottle - Store Brand - Store Brand - Store Brand - Store Brand - Store Brand,Respiratory,2,136.74,20.51,77.86,C00738,Mecca,E049,Mobile,Completed,0,116.23
ORD004407,2025-07-05 08:20:13,P0227,Panadol Extra Box - Store Brand - Store Brand,Pain Relief,1,6.0,0.3,1.7,C00380,Khobar,E089,Mobile,Completed,0,5.7
ORD004408,2024-05-06 09:37:54,P0396,Mometasone Furoate 0.1% 15g Box - Store Brand - Store Brand,Dermatology,3,200.79,20.08,59.76,C01189,Riyadh,E115,Mobile,Completed,1,180.71
ORD004409,2025-07-07 02:38:13,P0189,Aspirin 100mg Pack - Store Brand - Store Brand - Store Brand,Pain Relief,3,11.13,0.56,2.94,C00706,Medina,E032,Mobile,Completed,0,10.57
ORD004410,2025-01-08 20:32:07,P0386,Pampers Baby Dry Pack - Store Brand - Store Brand - Store Brand,Baby Care,1,38.24,5.74,16.49,C00109,Riyadh,E004,Mobile,Completed,0,32.5
ORD004411,2024-11-10 23:14:02,P0226,Voltaren Emulgel 50g Box - Store Brand - Store Brand - Store Brand,Pain Relief,1,19.12,1.91,6.6,C00059,Khobar,E091,Mobile,Completed,0,17.21
ORD004412,2024-07-16 21:19:17,P0373,Femibion Prenatal Pack - Store Brand - Store Brand,Vitamins,5,437.9,43.79,185.15,C01160,Riyadh,E074,Web,Completed,1,394.11
ORD004413,2024-04-08 15:11:03,P0115,NeoCitran Hot Drink Pack - Store Brand,Cold & Flu,3,48.6,7.29,24.15,C01154,Riyadh,E111,Web,Completed,1,41.31
ORD004414,2024-08-09 17:19:22,P0199,Otrivin Nasal Spray Bottle - Store Brand,Cold & Flu,4,58.8,8.82,31.08,C00921,Mecca,E069,Retail,Completed,0,49.98
ORD004415,2025-08-11 19:43:00,P0316,Clobetasol Cream 0.05% 30g Bottle - Store Brand,Dermatology,5,426.45,21.32,170.4,C00716,Medina,E058,Web,Completed,0,405.13
ORD004416,2025-02-04 22:41:24,P0316,Clobetasol Cream 0.05% 30g Bottle - Store Brand,Dermatology,1,85.29,4.26,34.08,C00205,Mecca,E120,Mobile,Completed,0,81.03
ORD004417,2024-06-25 04:05:26,P0380,Clobetasol Cream 0.05% 30g Bottle - Store Brand - Store Brand,Dermatology,2,137.94,0.0,44.2,C00214,Riyadh,E095,Web,Cancelled,0,137.94
ORD004418,2025-02-24 14:58:33,P0243,Cetaphil Gentle Cleanser Box - Store Brand,Skincare,4,240.72,0.0,76.56,C00147,Mecca,E076,Web,Completed,0,240.72
ORD004419,2025-08-12 16:44:09,P0046,Savlon Antiseptic 100ml Pack,First Aid,2,41.7,0.0,16.64,C00473,Dammam,E112,Web,Completed,1,41.7
ORD004420,2025-08-22 20:46:30,P0154,Imodium 2mg Pack - Store Brand,Gastrointestinal,1,24.77,0.0,7.73,C00232,Riyadh,E045,Retail,Completed,1,24.77
ORD004421,2025-03-19 02:20:29,P0152,NeoCitran Hot Drink Pack - Store Brand - Store Brand,Cold & Flu,4,41.76,6.26,26.32,C00317,Dammam,E101,Web,Completed,1,35.5
ORD004422,2024-07-05 03:38:36,P0224,Pampers Baby Dry Pack - Store Brand - Store Brand - Store Brand,Baby Care,3,104.07,5.2,47.04,C00348,Riyadh,E113,Retail,Completed,0,98.87
ORD004423,2025-02-17 11:25:20,P0004,Panadol Advance Pack,Pain Relief,2,34.72,5.21,13.38,C00845,Khobar,E040,Web,Returned,1,29.51
ORD004424,2024-08-27 02:01:37,P0026,Centrum Multivitamins Bottle,Vitamins,2,227.8,22.78,77.26,C00942,Medina,E050,Mobile,Completed,0,205.02
ORD004425,2025-06-26 10:37:41,P0381,Multivitamin Gummies Kids Box - Store Brand,Vitamins,4,166.28,8.31,63.4,C01113,Riyadh,E005,Web,Completed,0,157.97
ORD004426,2024-08-28 22:14:35,P0257,Refresh Tears Eye Drops Pack - Store Brand,Eye Care,1,34.94,1.75,12.62,C00939,Mecca,E110,Retail,Completed,1,33.19
ORD004427,2024-10-28 05:52:15,P0251,Johnson's Baby Oil 200ml Bottle - Store Brand - Store Brand - Store Brand - Store Brand,Baby Care,3,44.04,2.2,8.31,C00827,Jeddah,E046,Web,Completed,0,41.84
ORD004428,2025-02-15 14:55:50,P0398,Johnson's Baby Oil 200ml Box - Store Brand,Baby Care,2,61.38,6.14,18.7,C00801,Dammam,E113,Mobile,Completed,1,55.24
ORD004429,2024-08-16 21:00:43,P0311,Pampers Baby Dry Box - Store Brand,Baby Care,1,77.12,0.0,29.88,C00563,Jeddah,E071,Web,Completed,1,77.12
ORD004430,2024-10-12 13:53:47,P0182,Nivea Body Lotion 400ml Bottle - Store Brand - Store Brand,Personal Care,2,32.04,3.2,15.68,C00220,Jeddah,E064,Web,Completed,0,28.84
ORD004431,2025-08-13 09:58:34,P0362,Band-Aid Assorted Bottle - Store Brand - Store Brand - Store Brand,First Aid,2,8.84,0.44,3.82,C01193,Jeddah,E069,Web,Completed,1,8.4
ORD004432,2024-06-27 10:25:28,P0326,Band-Aid Assorted Box - Store Brand - Store Brand,First Aid,1,6.6,0.33,3.03,C00870,Riyadh,E099,Web,Completed,0,6.27
ORD004433,2024-05-09 19:13:11,P0287,Pampers Baby Dry Bottle - Store Brand - Store Brand,Baby Care,3,251.19,25.12,95.97,C01039,Mecca,E055,Mobile,Completed,1,226.07
ORD004434,2025-04-08 06:20:02,P0009,Aspirin 100mg Box,Pain Relief,1,7.35,0.0,2.95,C00435,Mecca,E073,Web,Completed,0,7.35
ORD004435,2024-09-02 17:11:47,P0321,Gaviscon 200ml Bottle - Store Brand - Store Brand,Gastrointestinal,1,32.0,0.0,8.97,C00711,Riyadh,E028,Mobile,Completed,1,32.0
ORD004436,2025-05-29 10:57:52,P0169,Ventolin Inhaler Box - Store Brand,Respiratory,1,190.89,19.09,68.46,C00591,Medina,E083,Web,Completed,1,171.8
ORD004437,2025-01-07 09:27:18,P0177,Mometasone Furoate 0.1% 15g Box - Store Brand,Dermatology,1,93.92,9.39,31.36,C00197,Khobar,E108,Web,Completed,0,84.53
ORD004438,2024-05-03 08:08:51,P0152,NeoCitran Hot Drink Pack - Store Brand - Store Brand,Cold & Flu,1,10.44,1.04,6.58,C00242,Medina,E100,Mobile,Completed,1,9.4
ORD004439,2025-04-18 13:51:34,P0162,Johnson's Baby Oil 200ml Bottle - Store Brand,Baby Care,1,25.99,1.3,10.85,C00330,Jeddah,E072,Web,Completed,0,24.69
ORD004440,2024-11-03 12:22:34,P0318,Duphaston 10mg Pack - Store Brand - Store Brand - Store Brand,Women's Health,3,69.57,0.0,30.21,C00504,Riyadh,E058,Web,Returned,0,69.57
ORD004441,2024-07-07 17:24:23,P0179,Symbicort Inhaler Bottle - Store Brand - Store Brand - Store Brand,Respiratory,2,255.56,0.0,132.12,C00181,Khobar,E057,Mobile,Completed,0,255.56
ORD004442,2024-03-29 05:46:29,P0357,Earol Ear Drops Pack - Store Brand - Store Brand - Store Brand - Store Brand - Store Brand,Ear Care,3,8.88,0.89,6.09,C00342,Riyadh,E088,Mobile,Completed,0,7.99
ORD004443,2025-08-05 07:27:05,P0303,Band-Aid Assorted Box - Store Brand - Store Brand,First Aid,2,14.08,1.41,7.62,C00697,Mecca,E042,Retail,Completed,1,12.67
ORD004444,2025-04-01 17:59:48,P0397,Omega-3 Fish Oil Pack - Store Brand - Store Brand - Store Brand - Store Brand - Store Brand,Vitamins,3,55.74,0.0,23.91,C01010,Mecca,E059,Web,Completed,0,55.74
ORD004445,2025-08-24 20:13:38,P0097,Femibion Prenatal Box - Store Brand,Vitamins,1,119.48,11.95,49.31,C00449,Khobar,E083,Web,Completed,0,107.53
ORD004446,2024-05-15 08:05:20,P0054,Clobetasol Cream 0.05% 30g Box,Dermatology,3,335.91,50.39,136.32,C00085,Jeddah,E046,Web,Completed,1,285.52
ORD004447,2024-07-23 15:06:40,P0134,Symbicort Inhaler Pack - Store Brand,Respiratory,1,301.12,30.11,110.92,C00364,Jeddah,E066,Web,Completed,1,271.01
ORD004448,2025-06-25 10:03:26,P0328,Redoxon Vitamin C 1000mg Pack - Store Brand - Store Brand,Vitamins,3,34.38,3.44,21.09,C00618,Khobar,E058,Mobile,Cancelled,0,30.94
ORD004449,2025-07-11 04:14:15,P0152,NeoCitran Hot Drink Pack - Store Brand - Store Brand,Cold & Flu,1,10.44,0.52,6.58,C01155,Medina,E074,Web,Completed,1,9.92
ORD004450,2024-03-26 16:03:09,P0144,Nivea Body Lotion 400ml Bottle - Store Brand,Personal Care,4,81.04,8.1,48.56,C00716,Medina,E042,Web,Completed,0,72.94
ORD004451,2024-09-15 22:17:34,P0076,Duphaston 10mg Pack,Women's Health,3,239.37,23.94,83.73,C00950,Riyadh,E035,Mobile,Completed,0,215.43
ORD004452,2024-04-04 02:49:35,P0265,NeoCitran Hot Drink Pack - Store Brand - Store Brand - Store Brand,Cold & Flu,1,11.11,1.67,5.02,C00842,Medina,E100,Mobile,Completed,0,9.44
ORD004453,2024-12-18 21:29:41,P0122,Band-Aid Assorted Bottle - Store Brand,First Aid,1,8.4,0.42,4.2,C01047,Jeddah,E015,Retail,Completed,0,7.98
ORD004454,2025-04-19 03:49:28,P0305,Multivitamin Gummies Kids Bottle - Store Brand,Vitamins,2,89.36,13.4,33.34,C00729,Khobar,E079,Retail,Completed,0,75.96
ORD004455,2024-09-05 06:52:52,P0108,Duphaston 10mg Pack - Store Brand,Women's Health,5,262.05,13.1,85.85,C00595,Jeddah,E048,Web,Returned,0,248.95
ORD004456,2025-05-07 14:21:34,P0105,Pampers Baby Dry Pack - Store Brand,Baby Care,1,75.01,0.0,42.36,C00983,Dammam,E013,Web,Completed,0,75.01
ORD004457,2024-08-16 11:58:45,P0087,Symbicort Inhaler Box,Respiratory,1,381.91,38.19,198.7,C00202,Jeddah,E051,Web,Completed,1,343.72
ORD004458,2024-10-31 08:07:27,P0186,Mometasone Furoate 0.1% 15g Pack - Store Brand - Store Brand,Dermatology,4,176.0,8.8,102.84,C00192,Jeddah,E050,Web,Completed,0,167.2
ORD004459,2024-11-29 02:38:14,P0059,Refresh Tears Eye Drops Bottle,Eye Care,1,45.02,2.25,15.26,C00431,Jeddah,E001,Retail,Returned,0,42.77
ORD004460,2024-12-13 08:40:24,P0031,Omega-3 Fish Oil Pack,Vitamins,3,282.87,42.43,126.81,C00658,Riyadh,E080,Mobile,Completed,0,240.44
ORD004461,2025-06-08 09:39:31,P0335,Neutrogena Hydro Boost Bottle - Store Brand,Skincare,1,92.63,13.89,31.49,C00788,Riyadh,E108,Retail,Completed,0,78.74
ORD004462,2025-08-22 13:59:35,P0084,Ventolin Inhaler Box,Respiratory,1,234.11,23.41,102.91,C00592,Medina,E050,Web,Completed,0,210.7
ORD004463,2024-10-10 06:51:48,P0106,Symbicort Inhaler Bottle - Store Brand,Respiratory,2,568.4,0.0,269.28,C00202,Jeddah,E093,Mobile,Completed,0,568.4
ORD004464,2025-06-09 05:30:09,P0169,Ventolin Inhaler Box - Store Brand,Respiratory,2,381.78,0.0,136.92,C00798,Jeddah,E007,Web,Cancelled,0,381.78
ORD004465,2024-06-15 03:08:45,P0382,Redoxon Vitamin C 1000mg Pack - Store Brand,Vitamins,1,24.54,2.45,11.51,C00416,Mecca,E018,Web,Completed,0,22.09
ORD004466,2024-08-07 16:45:15,P0059,Refresh Tears Eye Drops Bottle,Eye Care,1,45.02,2.25,15.26,C00931,Medina,E022,Web,Completed,0,42.77
ORD004467,2025-01-27 03:51:30,P0321,Gaviscon 200ml Bottle - Store Brand - Store Brand,Gastrointestinal,1,32.0,0.0,8.97,C00748,Dammam,E116,Mobile,Completed,0,32.0
ORD004468,2025-05-07 16:27:04,P0349,Redoxon Vitamin C 1000mg Bottle - Store Brand - Store Brand,Vitamins,3,40.17,4.02,22.08,C00952,Medina,E035,Web,Completed,0,36.15
ORD004469,2025-02-23 15:35:08,P0122,Band-Aid Assorted Bottle - Store Brand,First Aid,1,8.4,0.0,4.2,C01120,Riyadh,E018,Mobile,Cancelled,0,8.4
ORD004470,2024-12-03 07:23:25,P0159,Panadol Extra Box - Store Brand,Pain Relief,4,38.12,3.81,10.84,C01110,Mecca,E071,Web,Completed,0,34.31
ORD004471,2025-08-23 00:42:26,P0264,Redoxon Vitamin C 1000mg Pack - Store Brand,Vitamins,1,18.2,2.73,11.52,C00321,Mecca,E071,Web,Completed,0,15.47
ORD004472,2024-08-07 23:25:36,P0056,Mometasone Furoate 0.1% 15g Bottle,Dermatology,3,314.37,31.44,130.95,C00171,Mecca,E076,Web,Completed,0,282.93
ORD004473,2025-08-04 11:58:02,P0207,Aspirin 100mg Bottle - Store Brand - Store Brand,Pain Relief,3,10.98,1.1,4.26,C00079,Riyadh,E021,Mobile,Completed,0,9.88
ORD004474,2025-04-18 06:20:06,P0357,Earol Ear Drops Pack - Store Brand - Store Brand - Store Brand - Store Brand - Store Brand,Ear Care,1,2.96,0.0,2.03,C00551,Dammam,E037,Web,Completed,0,2.96
ORD004475,2025-09-12 12:33:12,P0271,Imodium 2mg Box - Store Brand - Store Brand - Store Brand - Store Brand - Store Brand,Gastrointestinal,3,15.3,0.77,9.0,C00749,Medina,E075,Web,Completed,1,14.53
ORD004476,2024-11-27 15:27:45,P0390,Femibion Prenatal Pack - Store Brand,Vitamins,1,112.55,0.0,40.79,C00516,Medina,E107,Web,Completed,0,112.55
ORD004477,2025-03-07 16:02:34,P0400,Neutrogena Hydro Boost Box - Store Brand,Skincare,1,104.48,0.0,35.1,C00105,Mecca,E020,Web,Completed,0,104.48
ORD004478,2024-11-16 14:18:44,P0224,Pampers Baby Dry Pack - Store Brand - Store Brand - Store Brand,Baby Care,2,69.38,10.41,31.36,C00606,Mecca,E052,Web,Completed,0,58.97
ORD004479,2025-09-10 17:00:45,P0007,Aspirin 100mg Pack,Pain Relief,2,15.58,2.34,5.94,C00685,Mecca,E024,Retail,Completed,0,13.24
ORD004480,2025-08-19 05:12:28,P0125,Duphaston 10mg Pack - Store Brand,Women's Health,1,58.3,5.83,19.67,C00029,Jeddah,E078,Retail,Completed,0,52.47
ORD004481,2024-10-21 02:23:59,P0202,Symbicort Inhaler Bottle - Store Brand - Store Brand - Store Brand - Store Brand - Store Brand,Respiratory,3,205.11,0.0,116.79,C00344,Mecca,E117,Retail,Completed,0,205.11
ORD004482,2024-06-19 06:22:45,P0245,Imodium 2mg Box - Store Brand,Gastrointestinal,2,51.6,0.0,13.92,C00415,Riyadh,E115,Web,Completed,0,51.6
ORD004483,2024-07-07 16:27:27,P0082,Ventolin Inhaler Pack,Respiratory,1,202.9,20.29,83.69,C00091,Jeddah,E052,Mobile,Completed,0,182.61
ORD004484,2024-09-22 03:17:57,P0217,Femibion Prenatal Box - Store Brand - Store Brand,Vitamins,1,97.87,9.79,32.74,C00913,Medina,E120,Mobile,Completed,0,88.08
ORD004485,2024-07-15 13:48:24,P0200,Imodium 2mg Box - Store Brand - Store Brand,Gastrointestinal,4,68.12,6.81,31.36,C01140,Medina,E051,Web,Completed,0,61.31
ORD004486,2025-07-25 02:18:05,P0090,Colgate Total Box,Oral Care,1,19.23,0.96,7.66,C01035,Medina,E002,Retail,Completed,0,18.27
ORD004487,2024-07-24 09:50:35,P0302,Voltaren Emulgel 50g Bottle - Store Brand - Store Brand,Pain Relief,1,23.82,3.57,11.71,C00324,Medina,E057,Mobile,Completed,1,20.25
ORD004488,2025-01-15 21:39:16,P0258,Omega-3 Fish Oil Box - Store Brand,Vitamins,1,66.98,3.35,26.12,C01105,Dammam,E080,Retail,Completed,1,63.63
ORD004489,2025-08-01 21:49:48,P0140,Ventolin Inhaler Bottle - Store Brand,Respiratory,3,446.01,66.9,208.14,C01031,Riyadh,E091,Web,Completed,0,379.11
ORD004490,2025-05-15 16:26:24,P0052,Clobetasol Cream 0.05% 30g Pack,Dermatology,3,312.0,46.8,114.27,C00159,Mecca,E063,Retail,Completed,1,265.2
ORD004491,2025-08-10 01:30:29,P0192,Clobetasol Cream 0.05% 30g Pack - Store Brand,Dermatology,1,71.31,7.13,32.25,C00304,Dammam,E108,Mobile,Completed,0,64.18
ORD004492,2024-04-19 18:31:31,P0252,Earol Ear Drops Pack - Store Brand - Store Brand - Store Brand,Ear Care,4,22.56,2.26,17.4,C00955,Dammam,E110,Web,Completed,1,20.3
ORD004493,2024-07-13 07:32:58,P0228,Redoxon Vitamin C 1000mg Pack - Store Brand,Vitamins,1,21.87,3.28,10.4,C00437,Medina,E103,Retail,Completed,0,18.59
ORD004494,2025-02-21 17:10:09,P0102,Otrivin Nasal Spray Box - Store Brand,Cold & Flu,1,16.97,0.0,7.96,C01153,Dammam,E056,Mobile,Completed,0,16.97
ORD004495,2025-06-26 23:24:30,P0131,Band-Aid Assorted Bottle - Store Brand - Store Brand,First Aid,1,5.12,0.77,2.81,C00613,Jeddah,E097,Mobile,Completed,0,4.35
ORD004496,2025-06-17 04:34:12,P0179,Symbicort Inhaler Bottle - Store Brand - Store Brand - Store Brand,Respiratory,2,255.56,12.78,132.12,C00850,Mecca,E029,Mobile,Completed,0,242.78
ORD004497,2025-04-24 02:22:15,P0055,Mometasone Furoate 0.1% 15g Pack,Dermatology,2,212.74,31.91,94.74,C00387,Riyadh,E083,Web,Completed,0,180.83
ORD004498,2025-03-14 19:27:27,P0074,Pampers Baby Dry Bottle,Baby Care,2,285.78,42.87,111.88,C00054,Riyadh,E067,Web,Completed,0,242.91
ORD004499,2024-10-21 22:39:16,P0300,Nivea Body Lotion 400ml Bottle - Store Brand - Store Brand - Store Brand,Personal Care,1,10.21,0.51,7.72,C00957,Dammam,E046,Retail,Completed,0,9.7
ORD004500,2024-05-23 09:16:48,P0083,Ventolin Inhaler Bottle,Respiratory,2,445.56,44.56,197.04,C00058,Medina,E075,Web,Completed,1,401.0
ORD004501,2025-09-03 10:54:38,P0362,Band-Aid Assorted Bottle - Store Brand - Store Brand - Store Brand,First Aid,2,8.84,0.44,3.82,C00202,Jeddah,E087,Web,Completed,0,8.4
ORD004502,2024-11-20 15:57:04,P0108,Duphaston 10mg Pack - Store Brand,Women's Health,3,157.23,0.0,51.51,C00313,Dammam,E045,Web,Completed,0,157.23
ORD004503,2025-04-11 22:14:29,P0356,Clobetasol Cream 0.05% 30g Pack - Store Brand - Store Brand - Store Brand - Store Brand,Dermatology,2,78.08,0.0,19.5,C00173,Medina,E093,Mobile,Completed,0,78.08
ORD004504,2025-06-05 20:38:06,P0008,Aspirin 100mg Bottle,Pain Relief,1,8.19,1.23,3.2,C00057,Khobar,E026,Mobile,Completed,1,6.96
ORD004505,2025-02-08 00:00:57,P0181,Centrum Multivitamins Pack - Store Brand,Vitamins,1,80.12,0.0,28.79,C00609,Riyadh,E031,Mobile,Completed,0,80.12
ORD004506,2025-06-15 12:52:50,P0091,Multivitamin Gummies Kids Pack,Vitamins,1,61.0,6.1,24.57,C00136,Riyadh,E071,Web,Completed,0,54.9
ORD004507,2024-07-27 11:36:49,P0120,Refresh Tears Eye Drops Box - Store Brand - Store Brand - Store Brand,Eye Care,4,66.8,6.68,33.08,C00272,Riyadh,E044,Web,Completed,0,60.12
ORD004508,2024-04-18 19:39:38,P0354,Band-Aid Assorted Bottle - Store Brand - Store Brand,First Aid,3,15.45,0.0,8.97,C00315,Khobar,E045,Web,Completed,0,15.45
ORD004509,2025-08-17 04:14:03,P0171,Earol Ear Drops Bottle - Store Brand,Ear Care,3,64.05,0.0,25.17,C01061,Khobar,E118,Mobile,Returned,0,64.05
ORD004510,2024-04-12 02:14:22,P0115,NeoCitran Hot Drink Pack - Store Brand,Cold & Flu,2,32.4,4.86,16.1,C00953,Jeddah,E040,Web,Completed,1,27.54
ORD004511,2024-09-17 03:10:17,P0209,Omega-3 Fish Oil Pack - Store Brand - Store Brand,Vitamins,2,98.8,9.88,50.48,C00383,Jeddah,E094,Mobile,Returned,0,88.92
ORD004512,2024-04-15 14:39:46,P0032,Omega-3 Fish Oil Bottle,Vitamins,1,77.22,11.58,39.97,C00120,Dammam,E031,Web,Returned,0,65.64
ORD004513,2024-07-10 05:28:02,P0227,Panadol Extra Box - Store Brand - Store Brand,Pain Relief,1,6.0,0.3,1.7,C00744,Jeddah,E054,Retail,Completed,1,5.7
ORD004514,2024-04-22 16:17:48,P0264,Redoxon Vitamin C 1000mg Pack - Store Brand,Vitamins,5,91.0,4.55,57.6,C00441,Mecca,E114,Retail,Completed,0,86.45
ORD004515,2025-07-27 20:49:59,P0377,Duphaston 10mg Pack - Store Brand - Store Brand,Women's Health,4,165.0,0.0,56.72,C00842,Medina,E018,Mobile,Completed,0,165.0
ORD004516,2024-12-22 09:19:34,P0249,Duphaston 10mg Pack - Store Brand - Store Brand,Women's Health,5,199.75,19.98,68.6,C00520,Mecca,E087,Web,Completed,0,179.77
ORD004517,2024-07-08 22:55:01,P0063,Earol Ear Drops Box,Ear Care,5,106.3,0.0,47.05,C00411,Khobar,E010,Retail,Completed,0,106.3
ORD004518,2025-06-17 12:17:20,P0207,Aspirin 100mg Bottle - Store Brand - Store Brand,Pain Relief,2,7.32,1.1,2.84,C00131,Medina,E115,Mobile,Completed,0,6.22
ORD004519,2025-07-06 21:58:30,P0016,Vicks VapoRub 50g Pack,Cold & Flu,4,70.44,3.52,25.2,C00268,Riyadh,E031,Retail,Completed,0,66.92
ORD004520,2025-05-12 13:05:54,P0095,Earol Ear Drops Box - Store Brand,Ear Care,2,27.14,1.36,12.98,C01140,Medina,E031,Web,Completed,0,25.78
ORD004521,2025-06-17 14:32:50,P0197,Johnson's Baby Oil 200ml Bottle - Store Brand - Store Brand - Store Brand,Baby Care,4,69.8,0.0,21.92,C00542,Riyadh,E004,Web,Returned,0,69.8
ORD004522,2025-04-22 15:44:11,P0207,Aspirin 100mg Bottle - Store Brand - Store Brand,Pain Relief,4,14.64,0.73,5.68,C00979,Khobar,E091,Web,Completed,0,13.91
ORD004523,2024-06-02 22:55:11,P0038,Neutrogena Hydro Boost Bottle,Skincare,3,349.11,0.0,139.05,C01139,Dammam,E017,Web,Completed,0,349.11
ORD004524,2024-10-05 08:17:12,P0153,Aspirin 100mg Bottle - Store Brand - Store Brand,Pain Relief,1,3.99,0.0,1.58,C00498,Mecca,E058,Web,Completed,1,3.99
ORD004525,2024-05-10 15:42:34,P0126,Clobetasol Cream 0.05% 30g Box - Store Brand,Dermatology,2,142.74,21.41,67.4,C00952,Medina,E069,Web,Completed,0,121.33
ORD004526,2024-08-12 15:58:36,P0128,Centrum Multivitamins Bottle - Store Brand - Store Brand,Vitamins,3,181.8,18.18,69.72,C00277,Medina,E073,Mobile,Completed,0,163.62
ORD004527,2024-09-01 18:55:51,P0095,Earol Ear Drops Box - Store Brand,Ear Care,3,40.71,0.0,19.47,C01093,Dammam,E036,Web,Completed,1,40.71
ORD004528,2024-10-07 15:56:40,P0139,Duphaston 10mg Bottle - Store Brand,Women's Health,1,66.04,3.3,24.72,C00298,Dammam,E040,Web,Completed,1,62.74
ORD004529,2024-12-28 12:56:14,P0110,Imodium 2mg Box - Store Brand,Gastrointestinal,1,24.3,0.0,9.32,C00542,Riyadh,E104,Web,Completed,0,24.3
ORD004530,2024-05-12 22:47:15,P0267,Voltaren Emulgel 50g Bottle - Store Brand - Store Brand - Store Brand,Pain Relief,1,15.09,1.51,8.04,C01076,Riyadh,E015,Web,Completed,0,13.58
ORD004531,2024-12-07 08:40:39,P0063,Earol Ear Drops Box,Ear Care,5,106.3,15.94,47.05,C00589,Jeddah,E074,Web,Completed,1,90.36
ORD004532,2024-07-14 22:42:08,P0353,Duphaston 10mg Pack - Store Brand - Store Brand,Women's Health,3,120.69,6.03,40.86,C00990,Riyadh,E087,Web,Returned,1,114.66
ORD004533,2025-09-11 19:25:50,P0228,Redoxon Vitamin C 1000mg Pack - Store Brand,Vitamins,2,43.74,0.0,20.8,C00883,Mecca,E063,Web,Completed,1,43.74
ORD004534,2025-05-27 01:26:47,P0063,Earol Ear Drops Box,Ear Care,4,85.04,12.76,37.64,C00517,Khobar,E063,Web,Completed,0,72.28
ORD004535,2024-05-11 08:14:06,P0004,Panadol Advance Pack,Pain Relief,1,17.36,2.6,6.69,C00575,Mecca,E060,Mobile,Completed,0,14.76
ORD004536,2025-07-07 00:41:44,P0170,Pampers Baby Dry Pack - Store Brand - Store Brand,Baby Care,2,110.96,5.55,42.96,C00879,Dammam,E079,Web,Completed,0,105.41
ORD004537,2024-04-24 08:57:37,P0358,Pampers Baby Dry Pack - Store Brand - Store Brand - Store Brand,Baby Care,1,33.81,5.07,13.28,C01134,Dammam,E029,Web,Completed,0,28.74
ORD004538,2024-11-25 19:25:33,P0188,Symbicort Inhaler Bottle - Store Brand - Store Brand - Store Brand - Store Brand,Respiratory,1,98.62,14.79,64.51,C00181,Khobar,E119,Mobile,Completed,1,83.83
ORD004539,2024-09-12 10:43:44,P0136,Panadol Advance Box - Store Brand,Pain Relief,1,11.22,0.0,6.07,C00088,Dammam,E064,Retail,Completed,1,11.22
ORD004540,2024-11-20 01:43:39,P0116,Otrivin Nasal Spray Bottle - Store Brand,Cold & Flu,3,58.41,0.0,21.12,C00979,Khobar,E032,Mobile,Completed,0,58.41
ORD004541,2025-04-03 06:14:12,P0180,Ventolin Inhaler Box - Store Brand - Store Brand,Respiratory,4,625.44,62.54,176.72,C01135,Medina,E080,Web,Completed,0,562.9
ORD004542,2024-09-24 03:49:49,P0005,Panadol Advance Bottle,Pain Relief,3,53.13,2.66,24.48,C00710,Khobar,E005,Web,Completed,0,50.47
ORD004543,2025-07-02 17:46:49,P0064,Gaviscon 200ml Pack,Gastrointestinal,1,53.15,2.66,16.96,C00694,Dammam,E075,Web,Completed,0,50.49
ORD004544,2024-10-04 10:34:39,P0095,Earol Ear Drops Box - Store Brand,Ear Care,1,13.57,2.04,6.49,C01127,Riyadh,E030,Mobile,Completed,1,11.53
ORD004545,2024-03-29 12:27:13,P0139,Duphaston 10mg Bottle - Store Brand,Women's Health,1,66.04,0.0,24.72,C00030,Mecca,E095,Web,Completed,0,66.04
ORD004546,2024-08-23 03:41:31,P0001,Panadol Extra Pack,Pain Relief,2,25.74,2.57,10.32,C00242,Medina,E024,Web,Completed,0,23.17
ORD004547,2025-09-04 00:52:48,P0109,Band-Aid Assorted Bottle - Store Brand,First Aid,2,18.3,1.83,8.02,C00835,Mecca,E097,Web,Completed,0,16.47
ORD004548,2024-04-19 22:32:43,P0251,Johnson's Baby Oil 200ml Bottle - Store Brand - Store Brand - Store Brand - Store Brand,Baby Care,2,29.36,4.4,5.54,C01047,Jeddah,E059,Web,Returned,0,24.96
ORD004549,2025-08-05 10:41:58,P0263,Nivea Body Lotion 400ml Bottle - Store Brand - Store Brand,Personal Care,3,45.39,2.27,29.88,C00380,Khobar,E103,Web,Returned,0,43.12
ORD004550,2025-03-11 18:58:40,P0297,Centrum Multivitamins Bottle - Store Brand - Store Brand - Store Brand,Vitamins,3,121.5,0.0,58.62,C00433,Dammam,E119,Web,Completed,0,121.5
ORD004551,2025-04-11 01:12:32,P0232,Clobetasol Cream 0.05% 30g Box - Store Brand,Dermatology,3,259.35,0.0,98.16,C00928,Riyadh,E016,Mobile,Completed,0,259.35
ORD004552,2025-09-08 10:02:16,P0318,Duphaston 10mg Pack - Store Brand - Store Brand - Store Brand,Women's Health,2,46.38,6.96,20.14,C00419,Dammam,E069,Mobile,Completed,0,39.42
ORD004553,2024-06-04 14:02:40,P0032,Omega-3 Fish Oil Bottle,Vitamins,5,386.1,0.0,199.85,C00498,Mecca,E089,Retail,Completed,1,386.1
ORD004554,2025-04-02 11:52:56,P0397,Omega-3 Fish Oil Pack - Store Brand - Store Brand - Store Brand - Store Brand - Store Brand,Vitamins,1,18.58,2.79,7.97,C01008,Jeddah,E033,Retail,Completed,1,15.79
ORD004555,2024-06-28 21:36:17,P0030,Redoxon Vitamin C 1000mg Box,Vitamins,3,96.99,9.7,41.1,C00372,Riyadh,E106,Retail,Completed,0,87.29
ORD004556,2025-06-03 05:24:52,P0026,Centrum Multivitamins Bottle,Vitamins,2,227.8,34.17,77.26,C00501,Dammam,E011,Web,Completed,0,193.63
ORD004557,2025-04-16 22:42:36,P0324,Aspirin 100mg Pack - Store Brand - Store Brand - Store Brand - Store Brand,Pain Relief,2,5.86,0.0,1.44,C01137,Mecca,E030,Web,Completed,0,5.86
ORD004558,2025-09-12 04:33:04,P0393,Nivea Body Lotion 400ml Bottle - Store Brand - Store Brand - Store Brand - Store Brand,Personal Care,1,7.31,0.73,4.3,C00902,Dammam,E029,Mobile,Completed,0,6.58
ORD004559,2024-07-05 12:26:40,P0303,Band-Aid Assorted Box - Store Brand - Store Brand,First Aid,1,7.04,1.06,3.81,C01004,Mecca,E085,Web,Completed,1,5.98
ORD004560,2025-08-15 11:37:17,P0184,Mometasone Furoate 0.1% 15g Box - Store Brand,Dermatology,4,335.36,0.0,129.8,C00452,Mecca,E097,Web,Completed,0,335.36
ORD004561,2024-09-15 17:38:27,P0066,Gaviscon 200ml Box,Gastrointestinal,2,107.52,0.0,34.22,C00075,Khobar,E103,Web,Completed,0,107.52
ORD004562,2024-10-11 18:54:39,P0151,Aspirin 100mg Bottle - Store Brand,Pain Relief,2,10.82,0.54,4.62,C00990,Riyadh,E037,Web,Completed,0,10.28
ORD004563,2024-06-12 17:50:55,P0008,Aspirin 100mg Bottle,Pain Relief,5,40.95,2.05,16.0,C00843,Khobar,E008,Web,Completed,0,38.9
ORD004564,2024-09-29 07:30:59,P0075,Pampers Baby Dry Box,Baby Care,1,125.75,0.0,48.65,C00959,Mecca,E105,Web,Completed,1,125.75
ORD004565,2025-01-05 14:06:18,P0167,Pampers Baby Dry Pack - Store Brand,Baby Care,1,82.23,0.0,33.7,C01143,Jeddah,E022,Web,Completed,1,82.23
ORD004566,2024-05-06 03:22:20,P0083,Ventolin Inhaler Bottle,Respiratory,1,222.78,22.28,98.52,C01126,Riyadh,E031,Retail,Completed,0,200.5
ORD004567,2024-07-21 00:23:59,P0305,Multivitamin Gummies Kids Bottle - Store Brand,Vitamins,1,44.68,6.7,16.67,C00235,Khobar,E104,Mobile,Completed,0,37.98
ORD004568,2024-09-02 01:39:03,P0335,Neutrogena Hydro Boost Bottle - Store Brand,Skincare,1,92.63,9.26,31.49,C00085,Jeddah,E012,Retail,Completed,0,83.37
ORD004569,2024-06-26 20:56:10,P0358,Pampers Baby Dry Pack - Store Brand - Store Brand - Store Brand,Baby Care,1,33.81,3.38,13.28,C00901,Dammam,E034,Web,Completed,0,30.43
ORD004570,2025-08-02 03:09:41,P0169,Ventolin Inhaler Box - Store Brand,Respiratory,1,190.89,28.63,68.46,C00691,Mecca,E002,Web,Completed,1,162.26
ORD004571,2025-08-09 12:57:13,P0356,Clobetasol Cream 0.05% 30g Pack - Store Brand - Store Brand - Store Brand - Store Brand,Dermatology,2,78.08,0.0,19.5,C01108,Medina,E101,Web,Completed,0,78.08
ORD004572,2024-05-20 12:34:14,P0063,Earol Ear Drops Box,Ear Care,5,106.3,10.63,47.05,C00981,Khobar,E034,Web,Completed,1,95.67
ORD004573,2025-08-12 22:25:39,P0301,Gaviscon 200ml Bottle - Store Brand - Store Brand,Gastrointestinal,5,147.95,7.4,60.95,C00244,Jeddah,E096,Mobile,Completed,0,140.55
ORD004574,2025-08-25 04:45:14,P0096,Mometasone Furoate 0.1% 15g Pack - Store Brand,Dermatology,1,66.15,9.92,38.18,C00690,Jeddah,E016,Web,Completed,0,56.23
ORD004575,2025-08-23 21:04:38,P0368,Sensodyne Repair & Protect Box - Store Brand - Store Brand - Store Brand,Oral Care,3,37.29,3.73,11.73,C00389,Riyadh,E035,Mobile,Completed,0,33.56
ORD004576,2025-05-11 16:34:54,P0256,Imodium 2mg Box - Store Brand - Store Brand - Store Brand - Store Brand,Gastrointestinal,1,7.17,0.72,4.76,C00222,Khobar,E041,Web,Completed,0,6.45
ORD004577,2025-05-12 18:14:42,P0222,Band-Aid Assorted Bottle - Store Brand - Store Brand,First Aid,5,32.55,4.88,13.7,C00358,Jeddah,E068,Web,Completed,0,27.67
ORD004578,2024-05-08 14:13:11,P0058,Refresh Tears Eye Drops Pack,Eye Care,2,85.02,8.5,35.54,C00450,Khobar,E109,Mobile,Completed,0,76.52
ORD004579,2024-04-16 08:34:34,P0372,Aspirin 100mg Bottle - Store Brand - Store Brand - Store Brand,Pain Relief,1,3.07,0.15,1.31,C00779,Medina,E018,Web,Completed,0,2.92
ORD004580,2024-12-18 02:57:02,P0095,Earol Ear Drops Box - Store Brand,Ear Care,2,27.14,1.36,12.98,C00212,Dammam,E086,Mobile,Completed,0,25.78
ORD004581,2025-04-21 12:44:42,P0057,Mometasone Furoate 0.1% 15g Box,Dermatology,2,243.44,24.34,82.56,C01128,Khobar,E004,Retail,Completed,0,219.1
ORD004582,2025-04-13 01:23:05,P0036,Cetaphil Gentle Cleanser Box,Skincare,3,235.74,0.0,89.34,C00961,Medina,E075,Mobile,Completed,1,235.74
ORD004583,2024-09-03 11:49:57,P0348,Clobetasol Cream 0.05% 30g Pack - Store Brand - Store Brand,Dermatology,1,51.95,5.2,23.45,C00113,Dammam,E117,Web,Completed,1,46.75
ORD004584,2025-04-09 09:08:34,P0180,Ventolin Inhaler Box - Store Brand - Store Brand,Respiratory,2,312.72,31.27,88.36,C01103,Dammam,E037,Mobile,Completed,1,281.45
ORD004585,2024-10-14 10:41:34,P0351,Band-Aid Assorted Bottle - Store Brand,First Aid,3,21.9,1.1,14.31,C01033,Medina,E005,Web,Completed,0,20.8
ORD004586,2024-04-29 21:06:38,P0183,Band-Aid Assorted Box - Store Brand - Store Brand - Store Brand,First Aid,2,12.68,1.9,5.36,C00305,Mecca,E073,Mobile,Completed,0,10.78
ORD004587,2025-01-20 00:37:48,P0262,Otrivin Nasal Spray Box - Store Brand - Store Brand - Store Brand,Cold & Flu,1,10.06,1.51,3.91,C00907,Mecca,E017,Retail,Completed,0,8.55
ORD004588,2024-12-31 11:27:36,P0276,Earol Ear Drops Pack - Store Brand - Store Brand - Store Brand,Ear Care,4,25.28,3.79,15.0,C00366,Jeddah,E060,Mobile,Completed,0,21.49
ORD004589,2025-08-11 01:42:50,P0353,Duphaston 10mg Pack - Store Brand - Store Brand,Women's Health,4,160.92,24.14,54.48,C00595,Jeddah,E003,Mobile,Completed,0,136.78
ORD004590,2024-10-06 09:12:10,P0083,Ventolin Inhaler Bottle,Respiratory,1,222.78,11.14,98.52,C00420,Jeddah,E111,Web,Completed,0,211.64
ORD004591,2024-08-23 20:23:18,P0337,NeoCitran Hot Drink Pack - Store Brand - Store Brand - Store Brand,Cold & Flu,2,17.5,0.0,9.1,C00347,Dammam,E012,Mobile,Completed,0,17.5
ORD004592,2024-07-10 17:55:54,P0041,Nivea Body Lotion 400ml Bottle,Personal Care,4,131.48,13.15,62.44,C00491,Riyadh,E060,Web,Completed,1,118.33
ORD004593,2024-07-06 15:53:13,P0191,Brufen 400mg Bottle - Store Brand,Pain Relief,1,18.55,0.0,5.14,C00735,Medina,E091,Web,Completed,1,18.55
ORD004594,2024-05-06 01:32:57,P0349,Redoxon Vitamin C 1000mg Bottle - Store Brand - Store Brand,Vitamins,1,13.39,1.34,7.36,C01032,Dammam,E008,Mobile,Completed,0,12.05
ORD004595,2024-09-30 10:48:44,P0009,Aspirin 100mg Box,Pain Relief,3,22.05,2.2,8.85,C00899,Jeddah,E035,Retail,Completed,0,19.85
ORD004596,2024-07-21 14:08:23,P0138,Centrum Multivitamins Bottle - Store Brand,Vitamins,3,288.09,14.4,76.14,C00251,Mecca,E055,Web,Completed,0,273.69
ORD004597,2025-06-08 15:07:06,P0312,Femibion Prenatal Bottle - Store Brand - Store Brand,Vitamins,2,194.84,19.48,58.56,C00235,Khobar,E044,Retail,Completed,0,175.36
ORD004598,2025-07-20 00:09:01,P0334,Earol Ear Drops Pack - Store Brand - Store Brand - Store Brand - Store Brand,Ear Care,1,4.5,0.68,3.21,C00376,Riyadh,E094,Mobile,Completed,1,3.82
ORD004599,2024-08-19 21:52:48,P0299,Mometasone Furoate 0.1% 15g Pack - Store Brand - Store Brand - Store Brand - Store Brand,Dermatology,3,61.08,9.16,61.44,C00393,Jeddah,E091,Retail,Completed,0,51.92
ORD004600,2025-02-27 07:10:08,P0081,Femibion Prenatal Box,Vitamins,3,477.9,23.9,227.61,C00274,Khobar,E017,Retail,Returned,0,454.0
ORD004601,2024-04-10 08:27:36,P0031,Omega-3 Fish Oil Pack,Vitamins,1,94.29,4.71,42.27,C00296,Dammam,E051,Retail,Completed,1,89.58
ORD004602,2025-01-17 22:04:47,P0342,Gaviscon 200ml Bottle - Store Brand - Store Brand - Store Brand - Store Brand,Gastrointestinal,1,14.53,2.18,5.27,C00194,Mecca,E118,Mobile,Completed,0,12.35
ORD004603,2024-04-23 09:00:35,P0163,Colgate Total Box - Store Brand,Oral Care,1,13.74,2.06,5.01,C00847,Jeddah,E044,Mobile,Completed,0,11.68
ORD004604,2025-05-26 01:18:59,P0086,Symbicort Inhaler Bottle,Respiratory,1,455.32,0.0,175.53,C00103,Dammam,E016,Retail,Completed,0,455.32
ORD004605,2024-07-02 22:03:18,P0313,Clobetasol Cream 0.05% 30g Pack - Store Brand - Store Brand,Dermatology,2,129.74,6.49,32.12,C01061,Khobar,E005,Web,Completed,0,123.25
ORD004606,2025-06-22 10:04:18,P0359,Multivitamin Gummies Kids Bottle - Store Brand,Vitamins,1,49.14,2.46,15.94,C01186,Jeddah,E057,Mobile,Completed,1,46.68
ORD004607,2025-03-31 23:24:57,P0084,Ventolin Inhaler Box,Respiratory,3,702.33,35.12,308.73,C00852,Medina,E027,Mobile,Completed,0,667.21
ORD004608,2024-09-07 12:50:57,P0151,Aspirin 100mg Bottle - Store Brand,Pain Relief,4,21.64,1.08,9.24,C00706,Medina,E105,Mobile,Completed,0,20.56
ORD004609,2024-07-04 10:09:37,P0031,Omega-3 Fish Oil Pack,Vitamins,3,282.87,14.14,126.81,C01081,Riyadh,E078,Web,Completed,0,268.73
ORD004610,2024-05-23 23:02:48,P0161,Gaviscon 200ml Bottle - Store Brand,Gastrointestinal,4,152.12,15.21,58.48,C00232,Riyadh,E016,Web,Completed,0,136.91
ORD004611,2025-04-07 08:14:11,P0169,Ventolin Inhaler Box - Store Brand,Respiratory,2,381.78,19.09,136.92,C00679,Medina,E009,Web,Completed,0,362.69
ORD004612,2025-05-02 08:38:09,P0105,Pampers Baby Dry Pack - Store Brand,Baby Care,1,75.01,11.25,42.36,C01087,Khobar,E102,Retail,Completed,1,63.76
ORD004613,2024-05-15 00:08:20,P0114,Otrivin Nasal Spray Box - Store Brand - Store Brand,Cold & Flu,1,12.95,1.3,6.44,C00834,Jeddah,E061,Web,Returned,0,11.65
ORD004614,2024-08-10 22:56:09,P0120,Refresh Tears Eye Drops Box - Store Brand - Store Brand - Store Brand,Eye Care,1,16.7,0.84,8.27,C00473,Dammam,E009,Mobile,Completed,0,15.86
ORD004615,2024-05-02 03:44:38,P0293,Band-Aid Assorted Pack - Store Brand - Store Brand,First Aid,2,13.4,0.67,5.84,C00672,Medina,E108,Web,Completed,0,12.73
ORD004616,2024-06-12 20:59:05,P0076,Duphaston 10mg Pack,Women's Health,5,398.95,59.84,139.55,C00496,Jeddah,E025,Retail,Completed,0,339.11
ORD004617,2024-11-19 19:03:46,P0126,Clobetasol Cream 0.05% 30g Box - Store Brand,Dermatology,2,142.74,0.0,67.4,C01000,Mecca,E115,Retail,Completed,1,142.74
ORD004618,2025-08-25 06:00:04,P0002,Panadol Extra Bottle,Pain Relief,4,48.88,4.89,16.36,C00085,Jeddah,E078,Mobile,Completed,0,43.99
ORD004619,2025-05-05 03:00:21,P0002,Panadol Extra Bottle,Pain Relief,1,12.22,0.0,4.09,C00008,Medina,E001,Mobile,Completed,0,12.22
ORD004620,2024-04-13 08:14:34,P0331,Omega-3 Fish Oil Pack - Store Brand - Store Brand - Store Brand - Store Brand,Vitamins,2,49.44,7.42,19.66,C00539,Riyadh,E011,Retail,Returned,0,42.02
ORD004621,2025-05-02 18:21:36,P0145,Refresh Tears Eye Drops Box - Store Brand - Store Brand,Eye Care,2,38.44,3.84,23.48,C00801,Dammam,E045,Web,Completed,0,34.6
ORD004622,2025-06-08 21:11:40,P0348,Clobetasol Cream 0.05% 30g Pack - Store Brand - Store Brand,Dermatology,2,103.9,0.0,46.9,C00345,Jeddah,E017,Web,Completed,0,103.9
ORD004623,2025-07-18 01:35:14,P0165,Otrivin Nasal Spray Box - Store Brand - Store Brand,Cold & Flu,4,50.64,7.6,19.16,C00453,Dammam,E045,Web,Completed,0,43.04
ORD004624,2024-08-23 12:39:26,P0357,Earol Ear Drops Pack - Store Brand - Store Brand - Store Brand - Store Brand - Store Brand,Ear Care,1,2.96,0.0,2.03,C01126,Riyadh,E105,Retail,Completed,0,2.96
ORD004625,2025-02-23 00:38:21,P0133,Otrivin Nasal Spray Box - Store Brand - Store Brand,Cold & Flu,4,42.52,4.25,25.08,C00489,Medina,E009,Web,Completed,0,38.27
ORD004626,2024-06-25 13:05:38,P0381,Multivitamin Gummies Kids Box - Store Brand,Vitamins,5,207.85,0.0,79.25,C01182,Dammam,E007,Web,Completed,1,207.85
ORD004627,2025-04-10 09:04:59,P0381,Multivitamin Gummies Kids Box - Store Brand,Vitamins,2,83.14,12.47,31.7,C00390,Khobar,E042,Web,Completed,0,70.67
ORD004628,2025-06-22 10:47:18,P0355,Earol Ear Drops Pack - Store Brand - Store Brand - Store Brand - Store Brand,Ear Care,1,5.1,0.0,3.07,C00031,Medina,E039,Web,Completed,1,5.1
ORD004629,2024-08-06 15:40:09,P0109,Band-Aid Assorted Bottle - Store Brand,First Aid,4,36.6,5.49,16.04,C00269,Dammam,E053,Mobile,Completed,0,31.11
ORD004630,2025-03-03 20:29:04,P0272,Clobetasol Cream 0.05% 30g Pack - Store Brand - Store Brand - Store Brand - Store Brand,Dermatology,1,43.62,6.54,8.18,C00701,Khobar,E044,Web,Completed,0,37.08
ORD004631,2025-09-09 18:01:39,P0359,Multivitamin Gummies Kids Bottle - Store Brand,Vitamins,1,49.14,4.91,15.94,C01002,Khobar,E102,Retail,Completed,0,44.23
ORD004632,2025-08-19 06:14:43,P0377,Duphaston 10mg Pack - Store Brand - Store Brand,Women's Health,1,41.25,0.0,14.18,C00454,Mecca,E088,Retail,Completed,1,41.25
ORD004633,2024-07-14 13:17:43,P0315,Pampers Baby Dry Pack - Store Brand - Store Brand - Store Brand - Store Brand,Baby Care,1,24.97,3.75,13.03,C00983,Dammam,E034,Mobile,Returned,0,21.22
ORD004634,2025-06-11 19:16:38,P0116,Otrivin Nasal Spray Bottle - Store Brand,Cold & Flu,4,77.88,0.0,28.16,C00024,Khobar,E055,Mobile,Returned,1,77.88
ORD004635,2025-03-06 19:41:03,P0177,Mometasone Furoate 0.1% 15g Box - Store Brand,Dermatology,1,93.92,0.0,31.36,C00507,Khobar,E057,Mobile,Completed,1,93.92
ORD004636,2025-06-03 18:15:21,P0318,Duphaston 10mg Pack - Store Brand - Store Brand - Store Brand,Women's Health,2,46.38,4.64,20.14,C00671,Dammam,E069,Web,Completed,0,41.74
ORD004637,2024-05-28 19:12:27,P0282,Symbicort Inhaler Bottle - Store Brand - Store Brand - Store Brand - Store Brand,Respiratory,1,97.54,14.63,59.24,C00499,Dammam,E059,Mobile,Returned,0,82.91
ORD004638,2024-06-02 03:41:29,P0175,Band-Aid Assorted Box - Store Brand - Store Brand,First Aid,2,15.36,0.77,7.02,C00377,Dammam,E084,Mobile,Completed,0,14.59
ORD004639,2024-09-07 05:27:20,P0311,Pampers Baby Dry Box - Store Brand,Baby Care,2,154.24,0.0,59.76,C00669,Dammam,E010,Retail,Completed,0,154.24
ORD004640,2024-06-16 00:44:57,P0175,Band-Aid Assorted Box - Store Brand - Store Brand,First Aid,2,15.36,1.54,7.02,C00989,Mecca,E046,Mobile,Completed,0,13.82
ORD004641,2024-10-09 21:23:49,P0084,Ventolin Inhaler Box,Respiratory,5,1170.55,175.58,514.55,C00870,Riyadh,E070,Web,Completed,0,994.97
ORD004642,2024-04-22 11:26:03,P0019,NeoCitran Hot Drink Pack,Cold & Flu,2,51.42,2.57,20.4,C01129,Khobar,E050,Web,Completed,1,48.85
ORD004643,2025-01-06 21:30:12,P0310,Aspirin 100mg Pack - Store Brand,Pain Relief,1,5.69,0.28,1.8,C00943,Mecca,E056,Retail,Completed,0,5.41
ORD004644,2024-04-30 22:33:47,P0294,Colgate Total Bottle - Store Brand,Oral Care,4,59.28,2.96,18.8,C00307,Mecca,E086,Retail,Completed,1,56.32
ORD004645,2024-08-31 19:02:21,P0153,Aspirin 100mg Bottle - Store Brand - Store Brand,Pain Relief,5,19.95,2.99,7.9,C00234,Khobar,E016,Web,Completed,1,16.96
ORD004646,2024-08-13 08:16:43,P0099,Voltaren Emulgel 50g Bottle - Store Brand,Pain Relief,5,188.35,9.42,59.85,C00981,Khobar,E110,Web,Completed,0,178.93
ORD004647,2025-03-13 13:54:26,P0374,Johnson's Baby Oil 200ml Box - Store Brand - Store Brand,Baby Care,3,73.77,7.38,21.57,C01179,Jeddah,E101,Mobile,Completed,0,66.39
ORD004648,2024-11-14 19:38:29,P0328,Redoxon Vitamin C 1000mg Pack - Store Brand - Store Brand,Vitamins,1,11.46,1.72,7.03,C00248,Riyadh,E049,Web,Completed,0,9.74
ORD004649,2024-12-07 02:49:49,P0294,Colgate Total Bottle - Store Brand,Oral Care,4,59.28,2.96,18.8,C00022,Dammam,E053,Mobile,Completed,0,56.32
ORD004650,2024-04-15 21:53:21,P0326,Band-Aid Assorted Box - Store Brand - Store Brand,First Aid,1,6.6,0.66,3.03,C01148,Dammam,E010,Mobile,Returned,1,5.94
ORD004651,2024-12-10 19:04:03,P0330,Nivea Body Lotion 400ml Bottle - Store Brand - Store Brand - Store Brand - Store Brand,Personal Care,3,24.87,1.24,13.92,C01054,Jeddah,E076,Mobile,Completed,0,23.63
ORD004652,2025-07-14 20:14:45,P0159,Panadol Extra Box - Store Brand,Pain Relief,4,38.12,5.72,10.84,C01189,Riyadh,E111,Mobile,Completed,0,32.4
ORD004653,2025-04-14 00:53:09,P0272,Clobetasol Cream 0.05% 30g Pack - Store Brand - Store Brand - Store Brand - Store Brand,Dermatology,4,174.48,26.17,32.72,C00264,Jeddah,E006,Web,Completed,1,148.31
ORD004654,2024-06-08 02:34:46,P0156,Clobetasol Cream 0.05% 30g Pack - Store Brand - Store Brand,Dermatology,4,267.6,13.38,65.96,C00654,Jeddah,E032,Retail,Completed,0,254.22
ORD004655,2024-10-24 17:24:57,P0267,Voltaren Emulgel 50g Bottle - Store Brand - Store Brand - Store Brand,Pain Relief,3,45.27,0.0,24.12,C01142,Riyadh,E094,Retail,Completed,0,45.27
ORD004656,2024-10-29 08:01:05,P0001,Panadol Extra Pack,Pain Relief,1,12.87,1.93,5.16,C00729,Khobar,E011,Mobile,Completed,1,10.94
ORD004657,2024-09-24 02:37:47,P0090,Colgate Total Box,Oral Care,2,38.46,5.77,15.32,C00103,Dammam,E056,Web,Completed,0,32.69
ORD004658,2025-03-29 05:59:18,P0035,Cetaphil Gentle Cleanser Bottle,Skincare,3,269.19,26.92,104.79,C00684,Khobar,E107,Web,Completed,0,242.27
ORD004659,2025-04-16 13:37:18,P0066,Gaviscon 200ml Box,Gastrointestinal,2,107.52,0.0,34.22,C00080,Medina,E068,Web,Completed,1,107.52
ORD004660,2024-11-16 21:26:34,P0273,Aspirin 100mg Bottle - Store Brand - Store Brand - Store Brand,Pain Relief,1,2.57,0.13,1.05,C00483,Riyadh,E063,Mobile,Completed,0,2.44
ORD004661,2024-10-03 16:29:45,P0347,Refresh Tears Eye Drops Box - Store Brand - Store Brand - Store Brand,Eye Care,1,11.65,1.75,8.56,C00451,Khobar,E023,Web,Completed,0,9.9
ORD004662,2024-05-25 18:46:46,P0106,Symbicort Inhaler Bottle - Store Brand,Respiratory,2,568.4,28.42,269.28,C00904,Jeddah,E027,Mobile,Completed,0,539.98
ORD004663,2024-06-26 06:02:16,P0371,Clobetasol Cream 0.05% 30g Box - Store Brand - Store Brand - Store Brand,Dermatology,1,36.6,0.0,19.6,C00365,Khobar,E002,Web,Completed,0,36.6
ORD004664,2024-07-08 15:10:00,P0178,Band-Aid Assorted Bottle - Store Brand - Store Brand,First Aid,3,20.82,0.0,9.69,C00369,Khobar,E038,Mobile,Returned,0,20.82
ORD004665,2024-12-20 16:20:46,P0354,Band-Aid Assorted Bottle - Store Brand - Store Brand,First Aid,2,10.3,1.55,5.98,C00394,Dammam,E010,Web,Completed,0,8.75
ORD004666,2024-06-16 18:25:38,P0131,Band-Aid Assorted Bottle - Store Brand - Store Brand,First Aid,3,15.36,2.3,8.43,C00803,Medina,E084,Mobile,Completed,0,13.06
ORD004667,2024-11-23 03:24:14,P0365,Otrivin Nasal Spray Box - Store Brand,Cold & Flu,2,37.98,1.9,14.16,C00698,Medina,E074,Web,Completed,0,36.08
ORD004668,2025-01-04 19:25:04,P0231,Nivea Body Lotion 400ml Box - Store Brand,Personal Care,2,50.2,7.53,23.38,C00684,Khobar,E063,Retail,Completed,1,42.67
ORD004669,2025-01-27 06:26:26,P0248,Voltaren Emulgel 50g Bottle - Store Brand - Store Brand,Pain Relief,5,145.5,21.82,43.05,C01054,Jeddah,E093,Web,Completed,0,123.68
ORD004670,2025-03-31 07:21:40,P0085,Symbicort Inhaler Pack,Respiratory,5,1948.65,0.0,905.7,C00258,Riyadh,E072,Web,Completed,0,1948.65
ORD004671,2025-08-02 15:53:32,P0309,Panadol Extra Pack - Store Brand - Store Brand,Pain Relief,1,6.97,1.05,3.34,C01000,Mecca,E040,Web,Completed,0,5.92
ORD004672,2024-05-16 19:30:25,P0329,Mometasone Furoate 0.1% 15g Pack - Store Brand - Store Brand - Store Brand,Dermatology,2,78.74,0.0,35.2,C00604,Riyadh,E037,Mobile,Completed,1,78.74
ORD004673,2025-05-08 00:37:08,P0276,Earol Ear Drops Pack - Store Brand - Store Brand - Store Brand,Ear Care,1,6.32,0.95,3.75,C00936,Dammam,E019,Web,Completed,0,5.37
ORD004674,2024-07-11 01:31:57,P0360,Otrivin Nasal Spray Bottle - Store Brand - Store Brand - Store Brand,Cold & Flu,1,9.05,1.36,4.83,C00555,Medina,E010,Mobile,Completed,0,7.69
ORD004675,2025-02-07 15:38:22,P0268,Duphaston 10mg Pack - Store Brand - Store Brand - Store Brand,Women's Health,4,101.52,5.08,46.24,C00585,Riyadh,E077,Mobile,Completed,0,96.44
ORD004676,2025-08-06 05:31:58,P0014,Brufen 400mg Bottle,Pain Relief,2,45.38,4.54,16.12,C01139,Dammam,E005,Web,Completed,0,40.84
ORD004677,2024-11-15 02:15:53,P0143,Mometasone Furoate 0.1% 15g Pack - Store Brand - Store Brand,Dermatology,2,106.54,15.98,55.66,C00157,Mecca,E026,Mobile,Completed,0,90.56
ORD004678,2024-10-08 13:00:54,P0056,Mometasone Furoate 0.1% 15g Bottle,Dermatology,1,104.79,5.24,43.65,C00471,Riyadh,E012,Mobile,Completed,0,99.55
ORD004679,2024-09-26 18:59:45,P0062,Earol Ear Drops Bottle,Ear Care,4,103.52,0.0,41.88,C01084,Riyadh,E014,Retail,Completed,0,103.52
ORD004680,2025-08-24 06:33:19,P0390,Femibion Prenatal Pack - Store Brand,Vitamins,1,112.55,11.26,40.79,C00188,Mecca,E033,Mobile,Completed,1,101.29
ORD004681,2024-11-26 08:25:37,P0009,Aspirin 100mg Box,Pain Relief,1,7.35,0.74,2.95,C00233,Riyadh,E046,Web,Completed,0,6.61
ORD004682,2024-05-20 01:59:20,P0101,Cetaphil Gentle Cleanser Pack - Store Brand,Skincare,1,49.93,7.49,21.12,C00313,Dammam,E078,Web,Completed,1,42.44
ORD004683,2025-05-03 09:56:23,P0192,Clobetasol Cream 0.05% 30g Pack - Store Brand,Dermatology,1,71.31,0.0,32.25,C00614,Khobar,E120,Web,Completed,0,71.31
ORD004684,2025-08-09 23:14:16,P0202,Symbicort Inhaler Bottle - Store Brand - Store Brand - Store Brand - Store Brand - Store Brand,Respiratory,2,136.74,0.0,77.86,C00701,Khobar,E085,Web,Completed,1,136.74
ORD004685,2025-02-15 11:10:09,P0188,Symbicort Inhaler Bottle - Store Brand - Store Brand - Store Brand - Store Brand,Respiratory,4,394.48,59.17,258.04,C00987,Khobar,E113,Web,Cancelled,0,335.31
ORD004686,2025-05-14 05:20:54,P0201,Voltaren Emulgel 50g Bottle - Store Brand - Store Brand,Pain Relief,2,45.3,4.53,17.56,C01121,Jeddah,E009,Web,Completed,0,40.77
ORD004687,2024-12-01 23:21:24,P0395,Omega-3 Fish Oil Pack - Store Brand - Store Brand - Store Brand - Store Brand,Vitamins,5,121.2,18.18,54.7,C01005,Riyadh,E116,Web,Completed,0,103.02
ORD004688,2025-02-21 15:23:14,P0163,Colgate Total Box - Store Brand,Oral Care,1,13.74,2.06,5.01,C00306,Dammam,E120,Mobile,Completed,1,11.68
ORD004689,2024-07-31 13:14:39,P0220,Panadol Advance Box - Store Brand,Pain Relief,2,20.06,3.01,9.56,C00632,Riyadh,E103,Retail,Returned,0,17.05
ORD004690,2024-07-07 16:20:57,P0180,Ventolin Inhaler Box - Store Brand - Store Brand,Respiratory,2,312.72,31.27,88.36,C00649,Riyadh,E108,Web,Returned,1,281.45
ORD004691,2024-08-18 12:12:25,P0251,Johnson's Baby Oil 200ml Bottle - Store Brand - Store Brand - Store Brand - Store Brand,Baby Care,2,29.36,0.0,5.54,C01062,Mecca,E012,Mobile,Completed,1,29.36
ORD004692,2024-05-21 20:05:31,P0378,Mometasone Furoate 0.1% 15g Box - Store Brand - Store Brand,Dermatology,2,122.64,0.0,51.84,C00200,Medina,E087,Mobile,Completed,0,122.64
ORD004693,2024-03-29 23:32:56,P0038,Neutrogena Hydro Boost Bottle,Skincare,1,116.37,17.46,46.35,C00950,Riyadh,E021,Web,Completed,0,98.91
ORD004694,2025-07-30 16:42:09,P0322,Pampers Baby Dry Bottle - Store Brand - Store Brand,Baby Care,1,75.96,0.0,37.49,C00083,Riyadh,E082,Web,Completed,1,75.96
ORD004695,2024-08-03 04:38:50,P0290,NeoCitran Hot Drink Pack - Store Brand - Store Brand - Store Brand,Cold & Flu,4,34.68,3.47,17.92,C00440,Riyadh,E054,Mobile,Completed,0,31.21
ORD004696,2025-01-20 10:09:51,P0009,Aspirin 100mg Box,Pain Relief,1,7.35,1.1,2.95,C00024,Khobar,E028,Mobile,Completed,0,6.25
ORD004697,2025-08-31 16:11:50,P0034,Cetaphil Gentle Cleanser Pack,Skincare,1,80.17,4.01,28.69,C00701,Khobar,E037,Web,Completed,0,76.16
ORD004698,2024-11-28 21:00:46,P0294,Colgate Total Bottle - Store Brand,Oral Care,1,14.82,0.0,4.7,C00088,Dammam,E036,Web,Completed,1,14.82
ORD004699,2024-11-21 18:22:21,P0101,Cetaphil Gentle Cleanser Pack - Store Brand,Skincare,1,49.93,4.99,21.12,C01150,Riyadh,E009,Mobile,Completed,0,44.94
ORD004700,2024-07-10 14:21:01,P0266,Symbicort Inhaler Pack - Store Brand,Respiratory,4,964.52,96.45,523.8,C00389,Riyadh,E025,Mobile,Completed,1,868.07
ORD004701,2024-10-26 11:11:46,P0026,Centrum Multivitamins Bottle,Vitamins,1,113.9,5.7,38.63,C00206,Medina,E095,Retail,Returned,0,108.2
ORD004702,2025-06-19 18:35:44,P0013,Brufen 400mg Pack,Pain Relief,2,45.54,6.83,19.14,C01003,Riyadh,E004,Web,Completed,0,38.71
ORD004703,2024-08-27 00:44:49,P0122,Band-Aid Assorted Bottle - Store Brand,First Aid,1,8.4,0.0,4.2,C00801,Dammam,E060,Web,Completed,0,8.4
ORD004704,2024-09-21 23:19:47,P0143,Mometasone Furoate 0.1% 15g Pack - Store Brand - Store Brand,Dermatology,3,159.81,7.99,83.49,C00250,Khobar,E119,Web,Completed,1,151.82
ORD004705,2025-07-24 23:50:19,P0167,Pampers Baby Dry Pack - Store Brand,Baby Care,2,164.46,24.67,67.4,C00560,Khobar,E056,Web,Completed,1,139.79
ORD004706,2024-05-12 08:32:31,P0100,Band-Aid Assorted Box - Store Brand,First Aid,2,19.6,2.94,9.4,C00908,Khobar,E046,Web,Completed,0,16.66
ORD004707,2024-11-18 17:46:50,P0080,Femibion Prenatal Bottle,Vitamins,2,369.2,0.0,126.52,C00402,Dammam,E037,Web,Completed,1,369.2
ORD004708,2025-02-01 12:58:46,P0226,Voltaren Emulgel 50g Box - Store Brand - Store Brand - Store Brand,Pain Relief,2,38.24,3.82,13.2,C01055,Jeddah,E115,Mobile,Completed,0,34.42
ORD004709,2025-07-07 14:35:00,P0209,Omega-3 Fish Oil Pack - Store Brand - Store Brand,Vitamins,1,49.4,7.41,25.24,C00039,Riyadh,E091,Web,Completed,0,41.99
ORD004710,2024-12-16 12:24:58,P0250,Redoxon Vitamin C 1000mg Bottle - Store Brand,Vitamins,1,21.91,0.0,8.93,C00661,Jeddah,E027,Retail,Completed,0,21.91
ORD004711,2025-07-30 10:06:09,P0011,Voltaren Emulgel 50g Bottle,Pain Relief,1,52.44,0.0,19.04,C00923,Khobar,E056,Web,Completed,0,52.44
ORD004712,2025-04-18 15:05:04,P0299,Mometasone Furoate 0.1% 15g Pack - Store Brand - Store Brand - Store Brand - Store Brand,Dermatology,1,20.36,2.04,20.48,C00206,Medina,E104,Web,Completed,0,18.32
ORD004713,2024-07-03 04:24:10,P0211,Colgate Total Pack - Store Brand,Oral Care,2,32.24,0.0,13.5,C00676,Medina,E029,Web,Completed,0,32.24
ORD004714,2024-07-15 22:52:49,P0185,Femibion Prenatal Pack - Store Brand,Vitamins,5,535.2,53.52,242.5,C00751,Dammam,E077,Web,Completed,0,481.68
ORD004715,2024-11-22 16:21:33,P0149,Band-Aid Assorted Box - Store Brand,First Aid,2,18.24,0.0,9.18,C00483,Riyadh,E037,Mobile,Completed,0,18.24
ORD004716,2025-02-13 07:07:52,P0366,Omega-3 Fish Oil Box - Store Brand - Store Brand,Vitamins,5,209.85,10.49,104.05,C00244,Jeddah,E023,Web,Returned,1,199.36
ORD004717,2025-08-12 12:20:19,P0156,Clobetasol Cream 0.05% 30g Pack - Store Brand - Store Brand,Dermatology,3,200.7,20.07,49.47,C00113,Dammam,E077,Web,Completed,0,180.63
ORD004718,2024-10-04 06:13:17,P0128,Centrum Multivitamins Bottle - Store Brand - Store Brand,Vitamins,1,60.6,6.06,23.24,C00775,Medina,E113,Web,Completed,0,54.54
ORD004719,2024-09-02 06:52:38,P0285,Voltaren Emulgel 50g Bottle - Store Brand - Store Brand - Store Brand,Pain Relief,4,75.52,11.33,39.6,C01104,Medina,E076,Web,Completed,0,64.19
ORD004720,2025-07-26 12:01:05,P0254,Imodium 2mg Box - Store Brand - Store Brand - Store Brand,Gastrointestinal,1,11.74,0.59,4.76,C00695,Jeddah,E022,Retail,Returned,1,11.15
ORD004721,2025-04-15 12:08:03,P0044,Sensodyne Repair & Protect Bottle,Oral Care,1,30.13,1.51,12.93,C00048,Medina,E060,Mobile,Completed,1,28.62
ORD004722,2025-05-20 13:37:39,P0042,Nivea Body Lotion 400ml Box,Personal Care,1,41.15,6.17,16.15,C00307,Mecca,E014,Web,Completed,0,34.98
ORD004723,2025-05-16 17:09:54,P0233,Earol Ear Drops Pack - Store Brand,Ear Care,3,36.06,1.8,21.9,C00954,Dammam,E006,Web,Completed,0,34.26
ORD004724,2025-08-21 22:57:32,P0245,Imodium 2mg Box - Store Brand,Gastrointestinal,2,51.6,2.58,13.92,C00919,Mecca,E044,Mobile,Completed,1,49.02
ORD004725,2025-03-04 08:15:15,P0170,Pampers Baby Dry Pack - Store Brand - Store Brand,Baby Care,4,221.92,22.19,85.92,C01055,Jeddah,E052,Web,Completed,1,199.73
ORD004726,2024-07-29 16:05:31,P0322,Pampers Baby Dry Bottle - Store Brand - Store Brand,Baby Care,2,151.92,15.19,74.98,C00429,Jeddah,E060,Mobile,Completed,0,136.73
ORD004727,2025-02-13 02:11:26,P0192,Clobetasol Cream 0.05% 30g Pack - Store Brand,Dermatology,2,142.62,7.13,64.5,C00548,Khobar,E024,Mobile,Completed,0,135.49
ORD004728,2025-08-08 16:17:56,P0361,Omega-3 Fish Oil Pack - Store Brand - Store Brand - Store Brand,Vitamins,3,103.29,15.49,57.36,C00857,Medina,E110,Retail,Completed,0,87.8
ORD004729,2024-12-07 12:54:13,P0192,Clobetasol Cream 0.05% 30g Pack - Store Brand,Dermatology,1,71.31,10.7,32.25,C00755,Dammam,E095,Web,Completed,0,60.61
ORD004730,2025-04-11 12:12:52,P0192,Clobetasol Cream 0.05% 30g Pack - Store Brand,Dermatology,1,71.31,0.0,32.25,C00374,Khobar,E105,Retail,Completed,1,71.31
ORD004731,2025-01-24 11:02:51,P0040,Nivea Body Lotion 400ml Pack,Personal Care,2,82.28,12.34,26.9,C00405,Khobar,E046,Mobile,Completed,1,69.94
ORD004732,2024-12-02 02:51:50,P0378,Mometasone Furoate 0.1% 15g Box - Store Brand - Store Brand,Dermatology,3,183.96,0.0,77.76,C01185,Jeddah,E006,Mobile,Completed,0,183.96
ORD004733,2024-09-09 00:21:36,P0120,Refresh Tears Eye Drops Box - Store Brand - Store Brand - Store Brand,Eye Care,2,33.4,3.34,16.54,C01040,Jeddah,E020,Web,Completed,0,30.06
ORD004734,2025-04-27 15:08:53,P0370,Johnson's Baby Oil 200ml Pack - Store Brand,Baby Care,1,30.82,1.54,12.47,C00019,Riyadh,E012,Web,Completed,0,29.28
ORD004735,2024-12-01 05:35:25,P0014,Brufen 400mg Bottle,Pain Relief,1,22.69,2.27,8.06,C00537,Medina,E044,Web,Completed,0,20.42
ORD004736,2024-08-23 17:29:31,P0222,Band-Aid Assorted Bottle - Store Brand - Store Brand,First Aid,2,13.02,0.65,5.48,C00101,Medina,E030,Web,Completed,0,12.37
ORD004737,2024-05-16 09:45:31,P0058,Refresh Tears Eye Drops Pack,Eye Care,1,42.51,6.38,17.77,C00143,Dammam,E040,Web,Completed,1,36.13
ORD004738,2024-04-27 21:11:44,P0104,Refresh Tears Eye Drops Box - Store Brand,Eye Care,2,60.64,3.03,28.88,C01116,Khobar,E102,Web,Completed,0,57.61
ORD004739,2024-06-25 14:52:42,P0188,Symbicort Inhaler Bottle - Store Brand - Store Brand - Store Brand - Store Brand,Respiratory,1,98.62,4.93,64.51,C00569,Jeddah,E047,Mobile,Completed,0,93.69
ORD004740,2025-07-06 17:58:21,P0277,Redoxon Vitamin C 1000mg Pack - Store Brand,Vitamins,1,24.28,2.43,11.21,C00316,Mecca,E005,Web,Cancelled,0,21.85
ORD004741,2025-06-06 23:10:11,P0288,Duphaston 10mg Pack - Store Brand - Store Brand,Women's Health,1,33.26,1.66,13.84,C00436,Medina,E072,Web,Completed,1,31.6
ORD004742,2025-08-30 17:02:21,P0200,Imodium 2mg Box - Store Brand - Store Brand,Gastrointestinal,2,34.06,3.41,15.68,C00911,Riyadh,E026,Mobile,Returned,1,30.65
ORD004743,2025-05-15 05:33:34,P0352,Earol Ear Drops Pack - Store Brand - Store Brand - Store Brand - Store Brand,Ear Care,5,23.15,2.32,14.2,C00227,Jeddah,E097,Web,Completed,0,20.83
ORD004744,2024-05-01 00:51:36,P0130,Symbicort Inhaler Bottle - Store Brand - Store Brand,Respiratory,5,946.45,141.97,514.1,C00411,Khobar,E065,Web,Completed,1,804.48
ORD004745,2025-01-21 13:07:03,P0179,Symbicort Inhaler Bottle - Store Brand - Store Brand - Store Brand,Respiratory,1,127.78,12.78,66.06,C00186,Mecca,E089,Mobile,Completed,0,115.0
ORD004746,2025-09-02 03:30:09,P0336,Panadol Advance Bottle - Store Brand - Store Brand,Pain Relief,5,53.9,5.39,24.55,C01193,Jeddah,E027,Mobile,Completed,0,48.51
ORD004747,2024-04-04 16:57:56,P0004,Panadol Advance Pack,Pain Relief,2,34.72,3.47,13.38,C00932,Medina,E075,Web,Completed,1,31.25
ORD004748,2024-07-29 06:11:26,P0299,Mometasone Furoate 0.1% 15g Pack - Store Brand - Store Brand - Store Brand - Store Brand,Dermatology,2,40.72,2.04,40.96,C00773,Dammam,E049,Web,Completed,0,38.68
ORD004749,2024-09-02 15:15:46,P0040,Nivea Body Lotion 400ml Pack,Personal Care,4,164.56,8.23,53.8,C00168,Riyadh,E042,Web,Completed,1,156.33
ORD004750,2024-09-29 07:15:59,P0284,Johnson's Baby Oil 200ml Box - Store Brand,Baby Care,2,60.08,6.01,22.64,C00297,Khobar,E092,Mobile,Completed,0,54.07
ORD004751,2025-03-25 19:21:22,P0271,Imodium 2mg Box - Store Brand - Store Brand - Store Brand - Store Brand - Store Brand,Gastrointestinal,5,25.5,2.55,15.0,C01066,Medina,E060,Web,Completed,0,22.95
ORD004752,2024-10-05 17:23:15,P0035,Cetaphil Gentle Cleanser Bottle,Skincare,2,179.46,26.92,69.86,C00277,Medina,E054,Web,Completed,0,152.54
ORD004753,2024-11-09 15:15:28,P0303,Band-Aid Assorted Box - Store Brand - Store Brand,First Aid,2,14.08,2.11,7.62,C00752,Riyadh,E012,Mobile,Cancelled,1,11.97
ORD004754,2024-08-01 02:01:36,P0336,Panadol Advance Bottle - Store Brand - Store Brand,Pain Relief,2,21.56,3.23,9.82,C01180,Mecca,E097,Mobile,Completed,1,18.33
ORD004755,2025-07-14 11:41:54,P0001,Panadol Extra Pack,Pain Relief,5,64.35,6.44,25.8,C01020,Jeddah,E033,Mobile,Cancelled,0,57.91
ORD004756,2024-09-29 21:28:11,P0017,Vicks VapoRub 50g Bottle,Cold & Flu,3,45.75,4.58,17.16,C01192,Riyadh,E011,Mobile,Completed,0,41.17
ORD004757,2025-02-09 22:19:49,P0180,Ventolin Inhaler Box - Store Brand - Store Brand,Respiratory,4,625.44,31.27,176.72,C00074,Mecca,E086,Web,Completed,0,594.17
ORD004758,2025-08-14 07:45:37,P0207,Aspirin 100mg Bottle - Store Brand - Store Brand,Pain Relief,1,3.66,0.0,1.42,C00035,Medina,E070,Web,Completed,1,3.66
ORD004759,2025-06-15 22:13:21,P0315,Pampers Baby Dry Pack - Store Brand - Store Brand - Store Brand - Store Brand,Baby Care,3,74.91,7.49,39.09,C00060,Jeddah,E061,Web,Completed,0,67.42
ORD004760,2025-08-06 06:24:06,P0209,Omega-3 Fish Oil Pack - Store Brand - Store Brand,Vitamins,4,197.6,9.88,100.96,C00131,Medina,E064,Retail,Completed,0,187.72
ORD004761,2025-07-26 13:49:46,P0036,Cetaphil Gentle Cleanser Box,Skincare,5,392.9,0.0,148.9,C00811,Khobar,E012,Mobile,Completed,0,392.9
ORD004762,2024-04-13 13:31:58,P0234,Earol Ear Drops Pack - Store Brand - Store Brand,Ear Care,1,7.54,0.38,5.43,C00137,Mecca,E013,Mobile,Completed,0,7.16
ORD004763,2024-03-27 13:18:14,P0268,Duphaston 10mg Pack - Store Brand - Store Brand - Store Brand,Women's Health,2,50.76,2.54,23.12,C00291,Medina,E075,Web,Completed,0,48.22
ORD004764,2024-08-21 07:28:00,P0252,Earol Ear Drops Pack - Store Brand - Store Brand - Store Brand,Ear Care,1,5.64,0.85,4.35,C00360,Riyadh,E082,Mobile,Completed,0,4.79
ORD004765,2024-11-04 01:32:10,P0030,Redoxon Vitamin C 1000mg Box,Vitamins,3,96.99,4.85,41.1,C00850,Mecca,E011,Web,Completed,0,92.14
ORD004766,2024-06-25 21:05:40,P0079,Femibion Prenatal Pack,Vitamins,2,303.62,45.54,118.04,C00659,Khobar,E062,Web,Completed,0,258.08
ORD004767,2025-07-19 10:05:37,P0033,Omega-3 Fish Oil Box,Vitamins,1,100.66,0.0,38.49,C00903,Medina,E115,Mobile,Completed,1,100.66
ORD004768,2025-04-04 10:09:32,P0220,Panadol Advance Box - Store Brand,Pain Relief,2,20.06,3.01,9.56,C00260,Jeddah,E116,Mobile,Completed,0,17.05
ORD004769,2024-03-27 09:33:46,P0117,Redoxon Vitamin C 1000mg Pack - Store Brand,Vitamins,3,72.66,0.0,26.19,C00084,Riyadh,E060,Web,Completed,0,72.66
ORD004770,2024-08-05 05:53:52,P0253,Duphaston 10mg Pack - Store Brand - Store Brand,Women's Health,5,188.2,18.82,74.05,C00713,Jeddah,E068,Web,Cancelled,1,169.38
ORD004771,2024-06-19 07:22:33,P0348,Clobetasol Cream 0.05% 30g Pack - Store Brand - Store Brand,Dermatology,1,51.95,0.0,23.45,C00025,Khobar,E041,Web,Completed,1,51.95
ORD004772,2025-07-16 14:38:11,P0302,Voltaren Emulgel 50g Bottle - Store Brand - Store Brand,Pain Relief,1,23.82,3.57,11.71,C00119,Riyadh,E081,Web,Completed,1,20.25
ORD004773,2024-03-31 08:28:40,P0226,Voltaren Emulgel 50g Box - Store Brand - Store Brand - Store Brand,Pain Relief,1,19.12,0.96,6.6,C00359,Riyadh,E069,Retail,Completed,0,18.16
ORD004774,2024-05-03 07:30:15,P0238,Duphaston 10mg Pack - Store Brand,Women's Health,1,53.14,2.66,17.1,C00637,Medina,E085,Retail,Completed,0,50.48
ORD004775,2025-05-20 12:40:29,P0236,Band-Aid Assorted Bottle - Store Brand - Store Brand - Store Brand,First Aid,5,15.85,0.79,10.95,C00153,Khobar,E037,Mobile,Completed,0,15.06
ORD004776,2024-08-08 18:51:10,P0187,Omega-3 Fish Oil Pack - Store Brand,Vitamins,4,270.68,13.53,138.08,C00602,Khobar,E015,Web,Completed,0,257.15
ORD004777,2025-01-07 23:22:38,P0292,Band-Aid Assorted Bottle - Store Brand - Store Brand - Store Brand,First Aid,4,21.08,1.05,7.88,C00295,Dammam,E023,Web,Completed,0,20.03
ORD004778,2024-07-08 19:16:14,P0090,Colgate Total Box,Oral Care,3,57.69,5.77,22.98,C00536,Mecca,E024,Mobile,Completed,0,51.92
ORD004779,2024-07-15 13:52:50,P0246,Omega-3 Fish Oil Pack - Store Brand - Store Brand - Store Brand,Vitamins,3,101.61,0.0,47.58,C00347,Dammam,E114,Web,Completed,0,101.61
ORD004780,2025-02-25 03:02:57,P0232,Clobetasol Cream 0.05% 30g Box - Store Brand,Dermatology,2,172.9,17.29,65.44,C00788,Riyadh,E093,Web,Completed,0,155.61
ORD004781,2024-07-31 01:01:38,P0314,Omega-3 Fish Oil Bottle - Store Brand,Vitamins,4,238.64,35.8,107.72,C00549,Medina,E087,Web,Completed,0,202.84
ORD004782,2025-01-28 08:24:15,P0089,Colgate Total Bottle,Oral Care,2,37.88,0.0,14.88,C00417,Dammam,E015,Mobile,Cancelled,1,37.88
ORD004783,2025-05-14 01:58:54,P0286,Femibion Prenatal Box - Store Brand - Store Brand,Vitamins,2,150.58,7.53,80.18,C00814,Khobar,E077,Web,Completed,0,143.05
ORD004784,2024-08-16 14:46:23,P0258,Omega-3 Fish Oil Box - Store Brand,Vitamins,2,133.96,13.4,52.24,C00716,Medina,E097,Web,Completed,0,120.56
ORD004785,2024-08-02 12:03:38,P0082,Ventolin Inhaler Pack,Respiratory,1,202.9,20.29,83.69,C00167,Khobar,E011,Web,Completed,0,182.61
ORD004786,2024-09-01 01:59:27,P0208,Voltaren Emulgel 50g Box - Store Brand,Pain Relief,2,66.14,0.0,27.62,C00163,Medina,E037,Retail,Completed,0,66.14
ORD004787,2024-05-22 05:53:07,P0143,Mometasone Furoate 0.1% 15g Pack - Store Brand - Store Brand,Dermatology,2,106.54,10.65,55.66,C01052,Riyadh,E100,Web,Completed,0,95.89
ORD004788,2025-03-05 10:37:08,P0372,Aspirin 100mg Bottle - Store Brand - Store Brand - Store Brand,Pain Relief,1,3.07,0.31,1.31,C00006,Medina,E001,Mobile,Completed,0,2.76
ORD004789,2025-05-22 10:01:14,P0245,Imodium 2mg Box - Store Brand,Gastrointestinal,1,25.8,3.87,6.96,C00612,Mecca,E058,Web,Completed,0,21.93
ORD004790,2025-02-24 17:55:58,P0228,Redoxon Vitamin C 1000mg Pack - Store Brand,Vitamins,2,43.74,6.56,20.8,C00684,Khobar,E007,Mobile,Completed,0,37.18
ORD004791,2024-04-10 08:58:55,P0132,Neutrogena Hydro Boost Pack - Store Brand,Skincare,3,284.46,42.67,102.81,C00153,Khobar,E035,Mobile,Completed,0,241.79
ORD004792,2025-04-23 01:09:39,P0205,Gaviscon 200ml Pack - Store Brand,Gastrointestinal,1,34.9,3.49,13.89,C00014,Dammam,E092,Retail,Completed,0,31.41
ORD004793,2025-03-01 04:13:36,P0300,Nivea Body Lotion 400ml Bottle - Store Brand - Store Brand - Store Brand,Personal Care,1,10.21,1.53,7.72,C00321,Mecca,E032,Retail,Completed,0,8.68
ORD004794,2025-06-04 14:09:55,P0311,Pampers Baby Dry Box - Store Brand,Baby Care,1,77.12,3.86,29.88,C00820,Mecca,E017,Web,Completed,0,73.26
ORD004795,2024-05-11 01:35:06,P0106,Symbicort Inhaler Bottle - Store Brand,Respiratory,4,1136.8,113.68,538.56,C00074,Mecca,E004,Web,Completed,1,1023.12
ORD004796,2025-05-11 20:46:37,P0282,Symbicort Inhaler Bottle - Store Brand - Store Brand - Store Brand - Store Brand,Respiratory,1,97.54,0.0,59.24,C00091,Jeddah,E047,Web,Completed,1,97.54
ORD004797,2024-11-22 11:30:36,P0313,Clobetasol Cream 0.05% 30g Pack - Store Brand - Store Brand,Dermatology,1,64.87,9.73,16.06,C01184,Khobar,E082,Mobile,Completed,1,55.14
ORD004798,2024-05-22 06:33:38,P0179,Symbicort Inhaler Bottle - Store Brand - Store Brand - Store Brand,Respiratory,3,383.34,57.5,198.18,C01038,Khobar,E007,Mobile,Completed,0,325.84
ORD004799,2025-02-27 16:11:53,P0366,Omega-3 Fish Oil Box - Store Brand - Store Brand,Vitamins,2,83.94,12.59,41.62,C00636,Dammam,E025,Mobile,Completed,0,71.35
ORD004800,2024-05-05 11:21:32,P0275,Clobetasol Cream 0.05% 30g Pack - Store Brand - Store Brand - Store Brand,Dermatology,2,110.06,0.0,24.42,C00740,Dammam,E040,Mobile,Completed,0,110.06
ORD004801,2024-09-30 09:27:27,P0158,Imodium 2mg Box - Store Brand,Gastrointestinal,2,48.04,0.0,16.28,C00247,Riyadh,E074,Web,Completed,0,48.04
ORD004802,2024-12-08 09:06:01,P0112,Voltaren Emulgel 50g Bottle - Store Brand,Pain Relief,3,109.92,16.49,46.47,C00042,Medina,E102,Mobile,Completed,1,93.43
ORD004803,2024-05-17 07:00:34,P0323,Panadol Extra Box - Store Brand - Store Brand - Store Brand,Pain Relief,2,9.68,0.97,2.82,C01079,Dammam,E017,Web,Completed,0,8.71
ORD004804,2024-06-05 20:53:41,P0083,Ventolin Inhaler Bottle,Respiratory,2,445.56,22.28,197.04,C00166,Khobar,E102,Web,Completed,0,423.28
ORD004805,2024-05-20 07:14:23,P0006,Panadol Advance Box,Pain Relief,5,81.95,12.29,38.0,C00572,Medina,E112,Retail,Completed,0,69.66
ORD004806,2024-07-01 02:47:42,P0299,Mometasone Furoate 0.1% 15g Pack - Store Brand - Store Brand - Store Brand - Store Brand,Dermatology,4,81.44,4.07,81.92,C01035,Medina,E072,Web,Completed,0,77.37
ORD004807,2024-09-17 14:48:51,P0106,Symbicort Inhaler Bottle - Store Brand,Respiratory,1,284.2,14.21,134.64,C00630,Jeddah,E057,Web,Completed,0,269.99
ORD004808,2024-07-16 12:29:33,P0179,Symbicort Inhaler Bottle - Store Brand - Store Brand - Store Brand,Respiratory,1,127.78,12.78,66.06,C00730,Jeddah,E082,Mobile,Completed,0,115.0
ORD004809,2025-05-04 01:49:17,P0186,Mometasone Furoate 0.1% 15g Pack - Store Brand - Store Brand,Dermatology,2,88.0,13.2,51.42,C00750,Dammam,E101,Web,Completed,1,74.8
ORD004810,2024-08-05 14:59:26,P0079,Femibion Prenatal Pack,Vitamins,5,759.05,37.95,295.1,C01092,Medina,E080,Mobile,Returned,0,721.1
ORD004811,2025-07-24 05:35:06,P0146,Aspirin 100mg Bottle - Store Brand,Pain Relief,3,15.81,2.37,7.86,C00684,Khobar,E115,Mobile,Completed,0,13.44
ORD004812,2024-04-15 06:43:41,P0190,Band-Aid Assorted Box - Store Brand - Store Brand - Store Brand,First Aid,4,21.36,1.07,9.48,C00982,Mecca,E074,Mobile,Completed,0,20.29
ORD004813,2025-07-06 23:51:39,P0034,Cetaphil Gentle Cleanser Pack,Skincare,3,240.51,24.05,86.07,C00216,Khobar,E099,Web,Completed,0,216.46
ORD004814,2024-07-06 01:42:20,P0266,Symbicort Inhaler Pack - Store Brand,Respiratory,3,723.39,36.17,392.85,C00895,Medina,E075,Mobile,Completed,1,687.22
ORD004815,2025-08-30 20:05:40,P0177,Mometasone Furoate 0.1% 15g Box - Store Brand,Dermatology,1,93.92,4.7,31.36,C00995,Riyadh,E078,Web,Completed,1,89.22
ORD004816,2025-08-18 18:45:08,P0033,Omega-3 Fish Oil Box,Vitamins,2,201.32,10.07,76.98,C00213,Dammam,E101,Retail,Completed,0,191.25
ORD004817,2024-09-14 07:29:23,P0092,Multivitamin Gummies Kids Bottle,Vitamins,4,246.16,24.62,86.2,C00452,Mecca,E115,Web,Completed,0,221.54
ORD004818,2024-05-05 20:52:26,P0104,Refresh Tears Eye Drops Box - Store Brand,Eye Care,4,121.28,18.19,57.76,C00464,Riyadh,E055,Web,Completed,0,103.09
ORD004819,2024-06-21 14:31:27,P0199,Otrivin Nasal Spray Bottle - Store Brand,Cold & Flu,1,14.7,0.74,7.77,C00216,Khobar,E012,Web,Completed,0,13.96
ORD004820,2025-09-09 03:47:43,P0186,Mometasone Furoate 0.1% 15g Pack - Store Brand - Store Brand,Dermatology,5,220.0,11.0,128.55,C00034,Jeddah,E112,Web,Completed,1,209.0
ORD004821,2024-08-11 06:59:35,P0014,Brufen 400mg Bottle,Pain Relief,4,90.76,4.54,32.24,C00383,Jeddah,E047,Web,Completed,0,86.22
ORD004822,2024-12-30 13:05:19,P0241,Imodium 2mg Box - Store Brand - Store Brand,Gastrointestinal,1,19.07,0.0,5.81,C01137,Mecca,E095,Retail,Completed,0,19.07
ORD004823,2024-08-27 22:38:01,P0185,Femibion Prenatal Pack - Store Brand,Vitamins,1,107.04,10.7,48.5,C00819,Mecca,E120,Web,Completed,1,96.34
ORD004824,2024-12-11 16:37:11,P0317,Duphaston 10mg Pack - Store Brand - Store Brand - Store Brand,Women's Health,1,27.15,2.72,10.87,C00969,Khobar,E038,Retail,Completed,0,24.43
ORD004825,2024-07-30 10:46:18,P0151,Aspirin 100mg Bottle - Store Brand,Pain Relief,3,16.23,0.0,6.93,C00002,Jeddah,E081,Mobile,Completed,0,16.23
ORD004826,2025-07-21 18:39:59,P0226,Voltaren Emulgel 50g Box - Store Brand - Store Brand - Store Brand,Pain Relief,3,57.36,8.6,19.8,C00655,Riyadh,E031,Mobile,Completed,0,48.76
ORD004827,2024-07-26 08:20:06,P0121,Aspirin 100mg Pack - Store Brand - Store Brand,Pain Relief,2,9.02,0.0,2.7,C00848,Medina,E117,Web,Completed,0,9.02
ORD004828,2024-10-04 10:48:58,P0156,Clobetasol Cream 0.05% 30g Pack - Store Brand - Store Brand,Dermatology,3,200.7,20.07,49.47,C00946,Khobar,E023,Mobile,Completed,1,180.63
ORD004829,2024-08-04 18:04:16,P0284,Johnson's Baby Oil 200ml Box - Store Brand,Baby Care,1,30.04,1.5,11.32,C00793,Dammam,E042,Web,Completed,1,28.54
ORD004830,2025-01-07 23:21:51,P0304,Imodium 2mg Bottle - Store Brand,Gastrointestinal,3,76.17,0.0,26.97,C00906,Riyadh,E047,Web,Completed,1,76.17
ORD004831,2024-11-23 11:29:17,P0111,Pampers Baby Dry Bottle - Store Brand,Baby Care,4,468.92,46.89,160.88,C00649,Riyadh,E048,Retail,Completed,0,422.03
ORD004832,2024-10-24 20:46:53,P0368,Sensodyne Repair & Protect Box - Store Brand - Store Brand - Store Brand,Oral Care,2,24.86,1.24,7.82,C00087,Jeddah,E118,Mobile,Completed,0,23.62
ORD004833,2025-03-19 13:29:50,P0284,Johnson's Baby Oil 200ml Box - Store Brand,Baby Care,4,120.16,6.01,45.28,C00081,Jeddah,E034,Web,Completed,0,114.15
ORD004834,2024-04-11 22:32:13,P0371,Clobetasol Cream 0.05% 30g Box - Store Brand - Store Brand - Store Brand,Dermatology,3,109.8,0.0,58.8,C01077,Riyadh,E018,Web,Returned,0,109.8
ORD004835,2025-03-29 13:17:10,P0208,Voltaren Emulgel 50g Box - Store Brand,Pain Relief,2,66.14,9.92,27.62,C00028,Khobar,E022,Web,Completed,0,56.22
ORD004836,2024-10-17 15:16:04,P0102,Otrivin Nasal Spray Box - Store Brand,Cold & Flu,2,33.94,0.0,15.92,C00170,Jeddah,E055,Web,Completed,1,33.94
ORD004837,2024-06-19 16:41:04,P0324,Aspirin 100mg Pack - Store Brand - Store Brand - Store Brand - Store Brand,Pain Relief,3,8.79,1.32,2.16,C00503,Mecca,E104,Retail,Completed,0,7.47
ORD004838,2025-03-04 06:56:24,P0245,Imodium 2mg Box - Store Brand,Gastrointestinal,4,103.2,0.0,27.84,C00647,Mecca,E113,Mobile,Completed,0,103.2
ORD004839,2025-04-29 23:44:11,P0346,Refresh Tears Eye Drops Bottle - Store Brand,Eye Care,4,125.44,0.0,44.88,C00085,Jeddah,E050,Web,Completed,0,125.44
ORD004840,2025-02-25 23:53:06,P0003,Panadol Extra Box,Pain Relief,1,13.26,0.0,4.28,C00975,Mecca,E014,Web,Completed,0,13.26
ORD004841,2024-07-08 18:32:23,P0253,Duphaston 10mg Pack - Store Brand - Store Brand,Women's Health,3,112.92,5.65,44.43,C00919,Mecca,E011,Web,Completed,0,107.27
ORD004842,2024-05-02 21:42:26,P0006,Panadol Advance Box,Pain Relief,1,16.39,2.46,7.6,C00571,Medina,E022,Mobile,Completed,1,13.93
ORD004843,2025-04-24 05:07:58,P0213,Voltaren Emulgel 50g Box - Store Brand - Store Brand,Pain Relief,5,115.9,5.8,45.35,C00056,Medina,E015,Retail,Completed,1,110.1
ORD004844,2024-05-24 01:35:36,P0095,Earol Ear Drops Box - Store Brand,Ear Care,1,13.57,1.36,6.49,C00908,Khobar,E019,Web,Completed,1,12.21
ORD004845,2025-01-12 16:30:29,P0260,Duphaston 10mg Pack - Store Brand - Store Brand,Women's Health,2,77.42,11.61,30.38,C00165,Medina,E065,Retail,Completed,0,65.81
ORD004846,2025-08-07 18:22:41,P0336,Panadol Advance Bottle - Store Brand - Store Brand,Pain Relief,1,10.78,0.0,4.91,C00529,Mecca,E036,Mobile,Completed,1,10.78
ORD004847,2024-04-02 17:15:11,P0204,Panadol Advance Bottle - Store Brand,Pain Relief,2,27.24,1.36,12.34,C00322,Medina,E108,Web,Completed,1,25.88
ORD004848,2024-05-14 13:49:16,P0095,Earol Ear Drops Box - Store Brand,Ear Care,3,40.71,4.07,19.47,C00604,Riyadh,E075,Web,Completed,0,36.64
ORD004849,2025-07-01 04:56:18,P0076,Duphaston 10mg Pack,Women's Health,3,239.37,23.94,83.73,C00550,Mecca,E059,Retail,Completed,1,215.43
ORD004850,2024-09-04 16:11:43,P0054,Clobetasol Cream 0.05% 30g Box,Dermatology,4,447.88,67.18,181.76,C00820,Mecca,E090,Mobile,Completed,0,380.7
ORD004851,2024-04-14 06:31:48,P0301,Gaviscon 200ml Bottle - Store Brand - Store Brand,Gastrointestinal,1,29.59,4.44,12.19,C00472,Khobar,E062,Mobile,Completed,0,25.15
ORD004852,2025-01-19 20:29:34,P0198,Nivea Body Lotion 400ml Bottle - Store Brand,Personal Care,2,47.5,0.0,24.7,C01097,Riyadh,E061,Web,Completed,0,47.5
ORD004853,2025-01-03 13:22:52,P0008,Aspirin 100mg Bottle,Pain Relief,2,16.38,1.64,6.4,C00823,Mecca,E094,Mobile,Completed,0,14.74
ORD004854,2024-10-27 00:38:50,P0232,Clobetasol Cream 0.05% 30g Box - Store Brand,Dermatology,4,345.8,17.29,130.88,C00198,Mecca,E073,Web,Completed,1,328.51
ORD004855,2024-04-11 17:02:54,P0342,Gaviscon 200ml Bottle - Store Brand - Store Brand - Store Brand - Store Brand,Gastrointestinal,4,58.12,5.81,21.08,C00932,Medina,E099,Mobile,Completed,1,52.31
ORD004856,2025-02-16 11:47:36,P0318,Duphaston 10mg Pack - Store Brand - Store Brand - Store Brand,Women's Health,3,69.57,10.44,30.21,C01056,Jeddah,E028,Web,Completed,1,59.13
ORD004857,2024-04-05 05:50:58,P0118,Mometasone Furoate 0.1% 15g Pack - Store Brand,Dermatology,4,263.64,26.36,146.04,C01199,Riyadh,E109,Web,Completed,0,237.28
ORD004858,2024-05-30 18:55:15,P0081,Femibion Prenatal Box,Vitamins,2,318.6,15.93,151.74,C00663,Medina,E050,Web,Completed,0,302.67
ORD004859,2025-08-14 00:47:40,P0172,Imodium 2mg Pack - Store Brand - Store Brand,Gastrointestinal,1,17.36,0.0,5.26,C00123,Khobar,E068,Web,Completed,0,17.36
ORD004860,2024-12-16 02:50:48,P0255,Clobetasol Cream 0.05% 30g Pack - Store Brand - Store Brand - Store Brand,Dermatology,2,110.96,0.0,27.06,C00518,Dammam,E065,Web,Completed,0,110.96
ORD004861,2024-11-27 19:14:40,P0194,Savlon Antiseptic 100ml Bottle - Store Brand,First Aid,2,28.96,1.45,11.96,C00979,Khobar,E044,Web,Completed,0,27.51
ORD004862,2025-03-23 12:25:03,P0299,Mometasone Furoate 0.1% 15g Pack - Store Brand - Store Brand - Store Brand - Store Brand,Dermatology,3,61.08,6.11,61.44,C00932,Medina,E005,Mobile,Completed,1,54.97
ORD004863,2025-09-03 12:59:36,P0322,Pampers Baby Dry Bottle - Store Brand - Store Brand,Baby Care,5,379.8,37.98,187.45,C00677,Riyadh,E059,Retail,Completed,0,341.82
ORD004864,2025-06-01 00:50:36,P0051,Band-Aid Assorted Box,First Aid,4,54.6,5.46,22.8,C00987,Khobar,E094,Retail,Completed,0,49.14
ORD004865,2024-08-02 08:54:56,P0132,Neutrogena Hydro Boost Pack - Store Brand,Skincare,1,94.82,9.48,34.27,C00622,Riyadh,E105,Mobile,Completed,1,85.34
ORD004866,2025-03-13 16:20:16,P0243,Cetaphil Gentle Cleanser Box - Store Brand,Skincare,3,180.54,0.0,57.42,C00092,Medina,E011,Mobile,Completed,0,180.54
ORD004867,2024-07-23 12:49:27,P0188,Symbicort Inhaler Bottle - Store Brand - Store Brand - Store Brand - Store Brand,Respiratory,4,394.48,19.72,258.04,C00220,Jeddah,E080,Web,Completed,1,374.76
ORD004868,2024-12-02 13:03:00,P0168,Vicks VapoRub 50g Bottle - Store Brand,Cold & Flu,4,41.72,2.09,15.32,C00481,Medina,E101,Mobile,Completed,0,39.63
ORD004869,2024-07-11 10:13:07,P0304,Imodium 2mg Bottle - Store Brand,Gastrointestinal,1,25.39,1.27,8.99,C00071,Dammam,E086,Mobile,Completed,1,24.12
ORD004870,2024-03-23 16:25:29,P0309,Panadol Extra Pack - Store Brand - Store Brand,Pain Relief,1,6.97,0.7,3.34,C00953,Jeddah,E098,Web,Completed,0,6.27
ORD004871,2024-07-01 02:10:15,P0131,Band-Aid Assorted Bottle - Store Brand - Store Brand,First Aid,1,5.12,0.77,2.81,C00934,Jeddah,E073,Mobile,Completed,0,4.35
ORD004872,2024-09-10 21:59:56,P0218,Femibion Prenatal Bottle - Store Brand - Store Brand,Vitamins,4,373.96,37.4,136.92,C00016,Riyadh,E009,Mobile,Completed,1,336.56
ORD004873,2025-01-08 07:55:05,P0373,Femibion Prenatal Pack - Store Brand - Store Brand,Vitamins,3,262.74,26.27,111.09,C00197,Khobar,E021,Mobile,Completed,0,236.47
ORD004874,2024-07-02 14:18:03,P0224,Pampers Baby Dry Pack - Store Brand - Store Brand - Store Brand,Baby Care,3,104.07,5.2,47.04,C00029,Jeddah,E003,Web,Completed,0,98.87
ORD004875,2024-04-09 09:13:28,P0109,Band-Aid Assorted Bottle - Store Brand,First Aid,1,9.15,0.46,4.01,C00868,Dammam,E027,Web,Completed,0,8.69
ORD004876,2025-05-06 11:09:21,P0063,Earol Ear Drops Box,Ear Care,2,42.52,6.38,18.82,C01113,Riyadh,E025,Web,Completed,1,36.14
ORD004877,2024-12-19 07:12:01,P0252,Earol Ear Drops Pack - Store Brand - Store Brand - Store Brand,Ear Care,5,28.2,1.41,21.75,C00440,Riyadh,E085,Web,Completed,0,26.79
ORD004878,2024-06-10 12:18:06,P0217,Femibion Prenatal Box - Store Brand - Store Brand,Vitamins,3,293.61,0.0,98.22,C00177,Jeddah,E062,Web,Completed,1,293.61
ORD004879,2024-04-29 11:03:37,P0236,Band-Aid Assorted Bottle - Store Brand - Store Brand - Store Brand,First Aid,5,15.85,0.79,10.95,C00224,Dammam,E107,Mobile,Completed,0,15.06
ORD004880,2025-04-18 21:44:13,P0053,Clobetasol Cream 0.05% 30g Bottle,Dermatology,4,452.44,45.24,177.28,C00257,Dammam,E037,Web,Completed,0,407.2
ORD004881,2025-02-11 21:53:23,P0090,Colgate Total Box,Oral Care,3,57.69,8.65,22.98,C00027,Khobar,E007,Mobile,Completed,0,49.04
ORD004882,2024-05-29 16:03:43,P0146,Aspirin 100mg Bottle - Store Brand,Pain Relief,1,5.27,0.0,2.62,C00900,Medina,E094,Web,Completed,0,5.27
ORD004883,2025-06-16 17:47:27,P0299,Mometasone Furoate 0.1% 15g Pack - Store Brand - Store Brand - Store Brand - Store Brand,Dermatology,1,20.36,3.05,20.48,C00364,Jeddah,E063,Mobile,Completed,1,17.31
ORD004884,2025-04-14 07:08:38,P0083,Ventolin Inhaler Bottle,Respiratory,5,1113.9,167.08,492.6,C00650,Dammam,E059,Web,Completed,1,946.82
ORD004885,2025-01-10 03:53:41,P0214,Omega-3 Fish Oil Pack - Store Brand - Store Brand,Vitamins,1,57.26,5.73,22.53,C00143,Dammam,E039,Web,Completed,0,51.53
ORD004886,2024-10-03 07:12:14,P0130,Symbicort Inhaler Bottle - Store Brand - Store Brand,Respiratory,4,757.16,0.0,411.28,C01021,Jeddah,E079,Web,Completed,0,757.16
ORD004887,2024-08-26 21:35:26,P0198,Nivea Body Lotion 400ml Bottle - Store Brand,Personal Care,1,23.75,0.0,12.35,C00863,Khobar,E014,Retail,Completed,0,23.75
ORD004888,2025-06-11 23:04:49,P0035,Cetaphil Gentle Cleanser Bottle,Skincare,1,89.73,4.49,34.93,C00921,Mecca,E031,Mobile,Completed,0,85.24
ORD004889,2024-08-19 05:00:36,P0339,Imodium 2mg Box - Store Brand - Store Brand,Gastrointestinal,3,55.83,2.79,19.08,C00454,Mecca,E084,Retail,Completed,0,53.04
ORD004890,2025-09-01 03:24:44,P0177,Mometasone Furoate 0.1% 15g Box - Store Brand,Dermatology,3,281.76,0.0,94.08,C00315,Khobar,E040,Retail,Completed,0,281.76
ORD004891,2024-04-14 02:22:29,P0284,Johnson's Baby Oil 200ml Box - Store Brand,Baby Care,2,60.08,3.0,22.64,C00970,Dammam,E049,Web,Completed,1,57.08
ORD004892,2024-04-03 00:03:44,P0168,Vicks VapoRub 50g Bottle - Store Brand,Cold & Flu,1,10.43,1.04,3.83,C00497,Dammam,E092,Web,Completed,0,9.39
ORD004893,2024-11-08 14:51:59,P0021,NeoCitran Hot Drink Box,Cold & Flu,1,23.29,3.49,10.17,C00726,Dammam,E056,Web,Returned,1,19.8
ORD004894,2024-10-30 20:08:05,P0300,Nivea Body Lotion 400ml Bottle - Store Brand - Store Brand - Store Brand,Personal Care,2,20.42,1.02,15.44,C00540,Dammam,E095,Retail,Completed,1,19.4
ORD004895,2025-06-15 14:42:20,P0254,Imodium 2mg Box - Store Brand - Store Brand - Store Brand,Gastrointestinal,2,23.48,0.0,9.52,C00365,Khobar,E023,Mobile,Completed,0,23.48
ORD004896,2025-03-29 05:32:59,P0118,Mometasone Furoate 0.1% 15g Pack - Store Brand,Dermatology,4,263.64,26.36,146.04,C00198,Mecca,E022,Mobile,Completed,0,237.28
ORD004897,2025-04-20 23:01:21,P0098,Panadol Advance Pack - Store Brand,Pain Relief,2,22.62,3.39,10.16,C00226,Riyadh,E060,Mobile,Completed,0,19.23
ORD004898,2025-05-14 01:53:41,P0098,Panadol Advance Pack - Store Brand,Pain Relief,1,11.31,0.0,5.08,C00830,Medina,E076,Mobile,Completed,0,11.31
ORD004899,2025-07-04 14:30:52,P0119,Centrum Multivitamins Bottle - Store Brand,Vitamins,1,96.74,0.0,29.24,C00815,Riyadh,E050,Mobile,Completed,0,96.74
ORD004900,2025-06-19 13:21:51,P0013,Brufen 400mg Pack,Pain Relief,1,22.77,3.42,9.57,C00871,Dammam,E085,Retail,Cancelled,1,19.35
ORD004901,2024-10-04 06:04:46,P0083,Ventolin Inhaler Bottle,Respiratory,3,668.34,33.42,295.56,C00080,Medina,E031,Mobile,Completed,0,634.92
ORD004902,2024-05-18 07:41:01,P0049,Band-Aid Assorted Pack,First Aid,5,59.45,2.97,22.6,C01159,Jeddah,E039,Retail,Returned,1,56.48
ORD004903,2025-04-11 20:19:02,P0320,Brufen 400mg Box - Store Brand - Store Brand,Pain Relief,2,17.82,1.78,9.38,C00486,Jeddah,E033,Web,Completed,0,16.04
ORD004904,2025-04-16 23:11:27,P0344,Redoxon Vitamin C 1000mg Pack - Store Brand - Store Brand - Store Brand - Store Brand,Vitamins,2,15.16,2.27,4.48,C00346,Jeddah,E077,Mobile,Completed,0,12.89
ORD004905,2025-09-05 21:52:59,P0072,Johnson's Baby Oil 200ml Box,Baby Care,1,37.3,5.6,14.41,C00080,Medina,E006,Mobile,Completed,0,31.7
ORD004906,2025-02-14 22:12:55,P0338,Aspirin 100mg Bottle - Store Brand - Store Brand - Store Brand,Pain Relief,2,4.56,0.46,1.86,C00151,Khobar,E116,Web,Completed,0,4.1
ORD004907,2024-05-06 11:19:05,P0268,Duphaston 10mg Pack - Store Brand - Store Brand - Store Brand,Women's Health,3,76.14,7.61,34.68,C01062,Mecca,E086,Web,Completed,0,68.53
ORD004908,2025-07-29 09:05:12,P0181,Centrum Multivitamins Pack - Store Brand,Vitamins,2,160.24,16.02,57.58,C00558,Jeddah,E090,Retail,Completed,0,144.22
ORD004909,2024-06-13 04:21:29,P0183,Band-Aid Assorted Box - Store Brand - Store Brand - Store Brand,First Aid,2,12.68,0.63,5.36,C00321,Mecca,E085,Web,Completed,0,12.05
ORD004910,2025-09-06 04:53:09,P0216,Aspirin 100mg Pack - Store Brand - Store Brand,Pain Relief,3,12.69,1.9,5.25,C00244,Jeddah,E114,Web,Completed,0,10.79
ORD004911,2025-04-05 20:25:10,P0227,Panadol Extra Box - Store Brand - Store Brand,Pain Relief,1,6.0,0.3,1.7,C00886,Khobar,E092,Mobile,Returned,0,5.7
ORD004912,2024-06-28 10:46:36,P0284,Johnson's Baby Oil 200ml Box - Store Brand,Baby Care,3,90.12,13.52,33.96,C00621,Medina,E063,Mobile,Completed,0,76.6
ORD004913,2024-12-23 17:59:16,P0157,Mometasone Furoate 0.1% 15g Box - Store Brand,Dermatology,3,278.19,41.73,95.28,C00610,Jeddah,E117,Retail,Completed,0,236.46
ORD004914,2024-12-17 21:36:17,P0060,Refresh Tears Eye Drops Box,Eye Care,1,45.53,6.83,17.84,C01148,Dammam,E015,Mobile,Completed,1,38.7
ORD004915,2025-08-31 01:50:13,P0282,Symbicort Inhaler Bottle - Store Brand - Store Brand - Store Brand - Store Brand,Respiratory,2,195.08,29.26,118.48,C00885,Riyadh,E054,Mobile,Completed,0,165.82
ORD004916,2024-04-25 11:36:00,P0336,Panadol Advance Bottle - Store Brand - Store Brand,Pain Relief,2,21.56,3.23,9.82,C00176,Riyadh,E120,Mobile,Completed,1,18.33
ORD004917,2025-08-01 11:17:48,P0308,Omega-3 Fish Oil Pack - Store Brand - Store Brand - Store Brand,Vitamins,1,44.01,4.4,18.55,C00416,Mecca,E041,Web,Completed,0,39.61
ORD004918,2024-09-09 03:15:40,P0343,Imodium 2mg Box - Store Brand - Store Brand - Store Brand - Store Brand,Gastrointestinal,1,7.49,0.75,4.36,C00041,Mecca,E054,Retail,Completed,0,6.74
ORD004919,2025-01-05 11:34:50,P0305,Multivitamin Gummies Kids Bottle - Store Brand,Vitamins,5,223.4,11.17,83.35,C00441,Mecca,E048,Web,Completed,0,212.23
ORD004920,2024-05-25 06:58:08,P0350,Voltaren Emulgel 50g Bottle - Store Brand - Store Brand,Pain Relief,5,128.1,19.22,37.15,C00381,Medina,E116,Mobile,Completed,0,108.88
ORD004921,2025-05-30 09:55:23,P0034,Cetaphil Gentle Cleanser Pack,Skincare,4,320.68,48.1,114.76,C00422,Khobar,E075,Web,Completed,1,272.58
ORD004922,2025-06-09 12:44:04,P0192,Clobetasol Cream 0.05% 30g Pack - Store Brand,Dermatology,3,213.93,32.09,96.75,C00461,Riyadh,E095,Web,Completed,0,181.84
ORD004923,2024-05-07 08:55:50,P0297,Centrum Multivitamins Bottle - Store Brand - Store Brand - Store Brand,Vitamins,1,40.5,6.08,19.54,C00905,Khobar,E081,Web,Completed,1,34.42
ORD004924,2025-06-09 05:55:57,P0169,Ventolin Inhaler Box - Store Brand,Respiratory,4,763.56,38.18,273.84,C00966,Riyadh,E024,Mobile,Completed,0,725.38
ORD004925,2025-02-13 17:04:59,P0285,Voltaren Emulgel 50g Bottle - Store Brand - Store Brand - Store Brand,Pain Relief,1,18.88,0.94,9.9,C00648,Dammam,E001,Retail,Completed,0,17.94
ORD004926,2025-01-31 19:49:39,P0072,Johnson's Baby Oil 200ml Box,Baby Care,2,74.6,0.0,28.82,C00457,Mecca,E015,Web,Completed,0,74.6
ORD004927,2025-07-06 14:45:49,P0117,Redoxon Vitamin C 1000mg Pack - Store Brand,Vitamins,1,24.22,3.63,8.73,C00823,Mecca,E032,Web,Completed,0,20.59
ORD004928,2025-05-04 02:23:57,P0260,Duphaston 10mg Pack - Store Brand - Store Brand,Women's Health,1,38.71,3.87,15.19,C00021,Mecca,E029,Mobile,Completed,0,34.84
ORD004929,2024-08-04 22:40:54,P0171,Earol Ear Drops Bottle - Store Brand,Ear Care,1,21.35,3.2,8.39,C00964,Jeddah,E025,Web,Completed,0,18.15
ORD004930,2025-04-07 19:42:03,P0270,Redoxon Vitamin C 1000mg Pack - Store Brand - Store Brand,Vitamins,2,35.0,5.25,14.82,C00858,Jeddah,E080,Mobile,Completed,0,29.75
ORD004931,2024-05-12 08:46:36,P0091,Multivitamin Gummies Kids Pack,Vitamins,1,61.0,6.1,24.57,C00454,Mecca,E113,Web,Returned,0,54.9
ORD004932,2024-09-07 14:03:40,P0372,Aspirin 100mg Bottle - Store Brand - Store Brand - Store Brand,Pain Relief,4,12.28,0.61,5.24,C00658,Riyadh,E061,Web,Completed,0,11.67
ORD004933,2024-11-17 14:48:46,P0370,Johnson's Baby Oil 200ml Pack - Store Brand,Baby Care,3,92.46,4.62,37.41,C00837,Jeddah,E091,Web,Completed,1,87.84
ORD004934,2024-08-30 18:21:23,P0339,Imodium 2mg Box - Store Brand - Store Brand,Gastrointestinal,3,55.83,5.58,19.08,C00013,Dammam,E017,Mobile,Completed,0,50.25
ORD004935,2025-02-06 21:04:05,P0312,Femibion Prenatal Bottle - Store Brand - Store Brand,Vitamins,1,97.42,4.87,29.28,C01178,Medina,E002,Retail,Completed,0,92.55
ORD004936,2025-09-07 08:51:59,P0234,Earol Ear Drops Pack - Store Brand - Store Brand,Ear Care,4,30.16,3.02,21.72,C01175,Mecca,E065,Mobile,Completed,0,27.14
ORD004937,2025-08-18 15:04:41,P0008,Aspirin 100mg Bottle,Pain Relief,1,8.19,0.82,3.2,C00021,Mecca,E026,Retail,Returned,0,7.37
ORD004938,2024-06-10 22:50:10,P0361,Omega-3 Fish Oil Pack - Store Brand - Store Brand - Store Brand,Vitamins,1,34.43,1.72,19.12,C00307,Mecca,E065,Mobile,Completed,0,32.71
ORD004939,2024-09-01 09:06:53,P0368,Sensodyne Repair & Protect Box - Store Brand - Store Brand - Store Brand,Oral Care,2,24.86,3.73,7.82,C00724,Mecca,E050,Web,Completed,0,21.13
ORD004940,2025-03-30 22:06:17,P0178,Band-Aid Assorted Bottle - Store Brand - Store Brand,First Aid,1,6.94,0.0,3.23,C00868,Dammam,E084,Web,Completed,0,6.94
ORD004941,2025-06-17 15:25:35,P0315,Pampers Baby Dry Pack - Store Brand - Store Brand - Store Brand - Store Brand,Baby Care,2,49.94,4.99,26.06,C00145,Riyadh,E002,Web,Returned,1,44.95
ORD004942,2025-07-10 15:10:26,P0083,Ventolin Inhaler Bottle,Respiratory,1,222.78,11.14,98.52,C01104,Medina,E086,Mobile,Completed,0,211.64
ORD004943,2024-09-13 15:57:53,P0309,Panadol Extra Pack - Store Brand - Store Brand,Pain Relief,2,13.94,0.7,6.68,C00002,Jeddah,E045,Mobile,Completed,0,13.24
ORD004944,2025-08-17 17:20:33,P0137,Femibion Prenatal Bottle - Store Brand,Vitamins,1,123.7,12.37,45.73,C00589,Jeddah,E095,Web,Completed,1,111.33
ORD004945,2025-09-08 20:51:11,P0143,Mometasone Furoate 0.1% 15g Pack - Store Brand - Store Brand,Dermatology,1,53.27,7.99,27.83,C01135,Medina,E107,Web,Completed,0,45.28
ORD004946,2024-10-02 18:43:41,P0347,Refresh Tears Eye Drops Box - Store Brand - Store Brand - Store Brand,Eye Care,1,11.65,1.75,8.56,C00816,Riyadh,E065,Web,Completed,0,9.9
ORD004947,2024-06-28 16:21:39,P0011,Voltaren Emulgel 50g Bottle,Pain Relief,3,157.32,23.6,57.12,C00962,Mecca,E043,Web,Completed,0,133.72
ORD004948,2025-05-17 19:19:58,P0216,Aspirin 100mg Pack - Store Brand - Store Brand,Pain Relief,2,8.46,0.85,3.5,C00938,Riyadh,E021,Mobile,Completed,0,7.61
ORD004949,2025-04-21 07:03:37,P0009,Aspirin 100mg Box,Pain Relief,2,14.7,0.74,5.9,C00915,Medina,E117,Web,Completed,0,13.96
ORD004950,2024-06-24 19:11:48,P0339,Imodium 2mg Box - Store Brand - Store Brand,Gastrointestinal,1,18.61,2.79,6.36,C00345,Jeddah,E057,Web,Completed,0,15.82
ORD004951,2024-09-30 02:44:00,P0018,Vicks VapoRub 50g Box,Cold & Flu,1,14.93,0.0,5.79,C00148,Riyadh,E053,Retail,Completed,0,14.93
ORD004952,2024-07-07 21:31:47,P0236,Band-Aid Assorted Bottle - Store Brand - Store Brand - Store Brand,First Aid,2,6.34,0.32,4.38,C01111,Mecca,E018,Mobile,Completed,1,6.02
ORD004953,2024-06-15 06:13:22,P0395,Omega-3 Fish Oil Pack - Store Brand - Store Brand - Store Brand - Store Brand,Vitamins,4,96.96,9.7,43.76,C01036,Riyadh,E085,Web,Returned,0,87.26
ORD004954,2024-07-02 18:00:54,P0197,Johnson's Baby Oil 200ml Bottle - Store Brand - Store Brand - Store Brand,Baby Care,2,34.9,3.49,10.96,C01195,Riyadh,E075,Mobile,Completed,0,31.41
ORD004955,2024-11-26 09:29:42,P0251,Johnson's Baby Oil 200ml Bottle - Store Brand - Store Brand - Store Brand - Store Brand,Baby Care,2,29.36,4.4,5.54,C00457,Mecca,E111,Web,Completed,0,24.96
ORD004956,2025-05-18 05:03:00,P0203,Ventolin Inhaler Bottle - Store Brand,Respiratory,2,351.64,52.75,144.38,C00242,Medina,E044,Mobile,Completed,0,298.89
ORD004957,2025-06-18 12:04:56,P0037,Neutrogena Hydro Boost Pack,Skincare,4,502.64,50.26,178.0,C00099,Jeddah,E077,Web,Completed,1,452.38
ORD004958,2025-04-27 10:08:17,P0261,Band-Aid Assorted Pack - Store Brand,First Aid,1,8.42,0.42,3.53,C00943,Mecca,E073,Mobile,Returned,0,8.0
ORD004959,2025-06-25 03:08:00,P0384,Band-Aid Assorted Box - Store Brand - Store Brand,First Aid,3,21.0,3.15,9.12,C00258,Riyadh,E104,Web,Completed,0,17.85
ORD004960,2024-05-29 12:18:21,P0325,Panadol Extra Pack - Store Brand - Store Brand - Store Brand,Pain Relief,1,4.52,0.68,2.61,C01075,Khobar,E004,Web,Completed,0,3.84
ORD004961,2025-08-26 10:12:27,P0186,Mometasone Furoate 0.1% 15g Pack - Store Brand - Store Brand,Dermatology,1,44.0,0.0,25.71,C00183,Medina,E091,Mobile,Completed,1,44.0
ORD004962,2024-07-06 10:58:12,P0009,Aspirin 100mg Box,Pain Relief,1,7.35,0.37,2.95,C00328,Dammam,E004,Retail,Completed,0,6.98
ORD004963,2025-05-24 14:48:49,P0337,NeoCitran Hot Drink Pack - Store Brand - Store Brand - Store Brand,Cold & Flu,5,43.75,0.0,22.75,C00443,Riyadh,E009,Web,Completed,1,43.75
ORD004964,2025-01-24 13:33:32,P0390,Femibion Prenatal Pack - Store Brand,Vitamins,4,450.2,67.53,163.16,C00468,Medina,E029,Web,Returned,0,382.67
ORD004965,2025-08-07 09:44:33,P0113,Panadol Advance Bottle - Store Brand,Pain Relief,2,25.7,2.57,13.46,C00448,Medina,E100,Web,Completed,1,23.13
ORD004966,2024-12-28 19:54:32,P0209,Omega-3 Fish Oil Pack - Store Brand - Store Brand,Vitamins,2,98.8,0.0,50.48,C00423,Riyadh,E059,Mobile,Completed,0,98.8
ORD004967,2024-12-17 21:14:43,P0270,Redoxon Vitamin C 1000mg Pack - Store Brand - Store Brand,Vitamins,2,35.0,3.5,14.82,C00991,Dammam,E063,Mobile,Completed,0,31.5
ORD004968,2025-06-23 10:07:56,P0177,Mometasone Furoate 0.1% 15g Box - Store Brand,Dermatology,2,187.84,28.18,62.72,C00958,Jeddah,E005,Web,Completed,1,159.66
ORD004969,2024-08-26 06:23:15,P0071,Johnson's Baby Oil 200ml Bottle,Baby Care,2,73.62,0.0,31.26,C00680,Riyadh,E051,Web,Completed,0,73.62
ORD004970,2024-10-19 02:35:30,P0084,Ventolin Inhaler Box,Respiratory,5,1170.55,175.58,514.55,C00972,Riyadh,E096,Retail,Completed,0,994.97
ORD004971,2024-12-22 18:18:45,P0017,Vicks VapoRub 50g Bottle,Cold & Flu,2,30.5,4.58,11.44,C00646,Mecca,E069,Web,Completed,0,25.92
ORD004972,2024-09-03 21:38:57,P0168,Vicks VapoRub 50g Bottle - Store Brand,Cold & Flu,5,52.15,2.61,19.15,C00068,Riyadh,E076,Mobile,Completed,1,49.54
ORD004973,2024-06-30 05:14:16,P0163,Colgate Total Box - Store Brand,Oral Care,1,13.74,2.06,5.01,C00545,Medina,E100,Mobile,Completed,0,11.68
ORD004974,2025-06-03 16:35:35,P0246,Omega-3 Fish Oil Pack - Store Brand - Store Brand - Store Brand,Vitamins,1,33.87,0.0,15.86,C01195,Riyadh,E040,Web,Completed,0,33.87
ORD004975,2025-01-16 20:46:27,P0274,Panadol Extra Pack - Store Brand,Pain Relief,1,10.38,1.04,4.12,C01020,Jeddah,E078,Mobile,Completed,0,9.34
ORD004976,2024-04-23 17:24:19,P0085,Symbicort Inhaler Pack,Respiratory,1,389.73,0.0,181.14,C00030,Mecca,E114,Retail,Completed,0,389.73
ORD004977,2024-10-09 01:52:41,P0009,Aspirin 100mg Box,Pain Relief,1,7.35,0.37,2.95,C01141,Jeddah,E081,Web,Completed,0,6.98
ORD004978,2025-01-29 02:55:30,P0125,Duphaston 10mg Pack - Store Brand,Women's Health,3,174.9,8.75,59.01,C01156,Jeddah,E105,Mobile,Returned,0,166.15
ORD004979,2024-06-12 05:46:36,P0195,Johnson's Baby Oil 200ml Bottle - Store Brand - Store Brand,Baby Care,1,22.0,2.2,7.36,C00363,Dammam,E074,Web,Completed,0,19.8
ORD004980,2024-07-12 09:22:45,P0158,Imodium 2mg Box - Store Brand,Gastrointestinal,1,24.02,0.0,8.14,C00041,Mecca,E045,Web,Returned,0,24.02
ORD004981,2025-08-13 12:35:56,P0271,Imodium 2mg Box - Store Brand - Store Brand - Store Brand - Store Brand - Store Brand,Gastrointestinal,3,15.3,0.77,9.0,C00835,Mecca,E046,Mobile,Completed,0,14.53
ORD004982,2024-08-22 10:53:52,P0026,Centrum Multivitamins Bottle,Vitamins,3,341.7,34.17,115.89,C00830,Medina,E111,Mobile,Completed,0,307.53
ORD004983,2025-08-19 00:40:54,P0112,Voltaren Emulgel 50g Bottle - Store Brand,Pain Relief,2,73.28,0.0,30.98,C00566,Mecca,E106,Web,Completed,0,73.28
ORD004984,2025-09-04 15:47:27,P0180,Ventolin Inhaler Box - Store Brand - Store Brand,Respiratory,1,156.36,7.82,44.18,C00426,Jeddah,E032,Mobile,Completed,1,148.54
ORD004985,2025-03-21 16:15:01,P0318,Duphaston 10mg Pack - Store Brand - Store Brand - Store Brand,Women's Health,1,23.19,3.48,10.07,C01041,Mecca,E005,Retail,Completed,0,19.71
ORD004986,2025-05-03 15:38:24,P0027,Centrum Multivitamins Box,Vitamins,2,219.26,21.93,91.14,C00981,Khobar,E115,Retail,Completed,0,197.33
ORD004987,2024-11-18 13:15:51,P0073,Pampers Baby Dry Pack,Baby Care,1,121.89,6.09,53.75,C00140,Mecca,E073,Mobile,Returned,0,115.8
ORD004988,2025-05-11 13:07:37,P0215,Panadol Advance Box - Store Brand,Pain Relief,2,24.5,2.45,9.76,C00469,Medina,E086,Mobile,Completed,0,22.05
ORD004989,2025-04-23 12:16:52,P0277,Redoxon Vitamin C 1000mg Pack - Store Brand,Vitamins,1,24.28,1.21,11.21,C00605,Khobar,E021,Mobile,Completed,0,23.07
ORD004990,2025-07-28 03:08:08,P0155,Pampers Baby Dry Pack - Store Brand,Baby Care,2,147.94,22.19,65.84,C00282,Khobar,E091,Web,Completed,1,125.75
ORD004991,2024-09-27 05:05:18,P0286,Femibion Prenatal Box - Store Brand - Store Brand,Vitamins,2,150.58,0.0,80.18,C00763,Mecca,E061,Web,Returned,0,150.58
ORD004992,2025-05-24 21:21:14,P0292,Band-Aid Assorted Bottle - Store Brand - Store Brand - Store Brand,First Aid,1,5.27,0.26,1.97,C00589,Jeddah,E029,Mobile,Completed,1,5.01
ORD004993,2025-04-22 14:18:33,P0212,Mometasone Furoate 0.1% 15g Pack - Store Brand - Store Brand - Store Brand,Dermatology,2,54.24,5.42,49.86,C00941,Riyadh,E057,Mobile,Completed,1,48.82
ORD004994,2025-04-10 02:53:42,P0159,Panadol Extra Box - Store Brand,Pain Relief,1,9.53,0.48,2.71,C00817,Jeddah,E091,Mobile,Completed,0,9.05
ORD004995,2024-04-17 21:17:58,P0053,Clobetasol Cream 0.05% 30g Bottle,Dermatology,4,452.44,0.0,177.28,C00479,Dammam,E118,Web,Returned,1,452.44
ORD004996,2024-11-26 04:49:58,P0204,Panadol Advance Bottle - Store Brand,Pain Relief,4,54.48,5.45,24.68,C00002,Jeddah,E005,Web,Completed,0,49.03
ORD004997,2024-09-24 00:07:22,P0017,Vicks VapoRub 50g Bottle,Cold & Flu,3,45.75,0.0,17.16,C00880,Khobar,E027,Web,Completed,1,45.75
ORD004998,2025-05-08 12:38:13,P0077,Duphaston 10mg Bottle,Women's Health,2,156.58,7.83,69.56,C00989,Mecca,E035,Mobile,Completed,0,148.75
ORD004999,2025-01-10 13:46:23,P0028,Redoxon Vitamin C 1000mg Pack,Vitamins,1,30.19,4.53,13.82,C00800,Medina,E009,Web,Completed,1,25.66
ORD005000,2025-03-28 04:10:46,P0278,Pampers Baby Dry Pack - Store Brand - Store Brand - Store Brand,Baby Care,5,205.3,20.53,81.1,C00510,Dammam,E013,Mobile,Completed,0,184.77
